Date,Omega,Alpha,Beta,Eta,d,Mu,FSI
2015-04-24,28.681060809379137,1.1301560371360185e-18,0.876072667885461,0.21574146355578014,10.081575409116388,1.0756011207109193,-0.4007642886744077
2015-05-01,27.773137918912916,0.0,0.8751795302623719,0.21649455899748324,10.183470779569499,1.1185451944746483,-0.3341378601412658
2015-05-08,28.37387300922529,1.2008595592237213e-12,0.8747281620642522,0.21770229634288724,9.983440954476402,1.1706176064008202,-0.37514229722714465
2015-05-15,26.965700154141675,0.0,0.8731462702988011,0.21919175945268093,9.950143933625398,1.2433633581594439,-0.2682417709228768
2015-05-22,26.97008355490924,4.283213300174302e-14,0.8710447105057106,0.22308423560279828,9.931976695742502,1.249939038056714,-0.247421543079232
2015-05-29,27.46952903769324,1.2577360903539309e-11,0.8705816209019958,0.2240205317040023,9.903138877281283,1.2326637542498349,-0.2730859327129627
2015-06-05,27.45984724757468,0.0,0.8712371437613826,0.22293544299551166,9.98248027934781,1.1557125279037552,-0.26736238891277736
2015-06-12,26.735347827281746,0.0,0.8711146840551852,0.22218961791538,10.000158141867955,1.116378368428825,-0.2131403704804485
2015-06-19,26.338314571483934,1.7424042278612217e-12,0.8707769601055475,0.2220074981369269,10.008322028869472,1.088211060857001,-0.17768489651220415
2015-06-26,26.332480128275915,0.0,0.8706135641997109,0.22186827629201086,10.045786363423899,1.0781869859518578,-0.1698234579288129
2015-07-03,25.02669392564282,9.115972977663968e-18,0.8717454751093925,0.21964805580656493,10.081556193513217,1.115503759979642,-0.10220736755170533
2015-07-10,24.46528805719929,0.0,0.8737761538467659,0.21662238518376462,10.148395783048354,1.0670336693945273,-0.08167478894674801
2015-07-17,24.462785281610543,1.714238606441959e-11,0.8746579648399163,0.2145438488551402,10.042356899953498,1.1447926526409506,-0.10062413329782634
2015-07-24,23.273136792380846,1.0047798843159414e-11,0.87337917404085,0.21604850435559095,10.02158244977192,1.107828125297554,0.006648726263812516
2015-07-31,23.998241705616763,4.690983211514586e-12,0.8743051722566926,0.21474728162258166,10.032571217643289,1.0966632896784225,-0.05669341491336202
2015-08-07,23.99074254965402,1.7821273887167655e-11,0.8746435776525568,0.21352065347239668,9.955430897285947,1.1341263762035572,-0.06010062699025075
2015-08-14,22.291848751570416,2.7717333621956786e-14,0.8725642746136983,0.21528020314802324,9.996778379476194,1.0985272041274117,0.09226646249462486
2015-08-21,22.896311327999776,6.8198245011759714e-12,0.8731622436185449,0.215125462027181,10.109356179624182,1.020000961055005,0.04823996421805774
2015-08-28,22.166263950527252,0.0,0.8719202105103843,0.21792179404867607,10.205777694501192,0.9390718319467131,0.12790866369124032
2015-09-04,22.16639867325034,0.0,0.8729977058089846,0.21536793327580112,10.233983466802695,0.9506527589088895,0.11393123822686925
2015-09-11,22.16957259118085,0.0,0.8723503529073965,0.21699914756011285,10.243855492225695,0.9811181269690095,0.11359923089802237
2015-09-18,22.18219910914377,1.5885558980753602e-11,0.8736726857536556,0.21409214674596053,10.197259136290246,0.8920643083654053,0.11627207234872411
2015-09-25,22.89774503359478,8.706183743508295e-12,0.8747986299789593,0.21238126888393258,10.234831844175094,0.854559536443556,0.05817666851937865
2015-10-02,22.887892617190488,2.120241216667463e-11,0.874998800291632,0.2113746428147398,10.313627951028248,0.8302628537497208,0.06608691070533095
2015-10-09,22.879497674364433,0.0,0.8758352405995853,0.20937231421681973,10.15536039137267,0.9073191438096567,0.04811188928130515
2015-10-16,20.38487141914074,2.323228606518788e-17,0.8721659507531305,0.2138803338894827,10.185949677945379,0.9101192422839453,0.27944428163893464
2015-10-23,21.98611660828138,0.0,0.8740165411953691,0.21229160147372553,10.148230582605494,0.8358755934821664,0.14585061705931704
2015-10-30,21.984027456479737,0.0,0.8738705479556358,0.2117550228205231,10.183476367461212,0.85465031230652,0.15241320598125796
2015-11-06,21.980316489477165,0.0,0.8733472569207219,0.21244473889739193,10.270727220085105,0.7810957821640233,0.1751325851543137
2015-11-13,21.97489186920303,0.0,0.8733142271503002,0.21208905326567404,10.342694791520103,0.8106206995343215,0.17234850298803572
2015-11-20,21.960382028507645,0.0,0.8733279096869558,0.2125995200749788,10.486500085982103,0.7254779627098672,0.18255063462988172
2015-11-27,22.47273996465331,4.5311611935618127e-17,0.8738620699132756,0.2126231467606221,10.35110248560427,0.6367691338641427,0.14435922963783684
2015-12-04,22.47331578139388,1.0228301323910232e-12,0.8735200661012468,0.2127388818149063,10.35044349331477,0.5928361326553946,0.16040280630207787
2015-12-11,22.4726225716987,0.0,0.8730300323975593,0.21337698459985327,10.483769370607684,0.5389477971449325,0.17842328486575076
2015-12-18,21.482301330211566,2.0882287753257896e-12,0.872130702651369,0.21514204286718228,10.575296084033962,0.5322431682947092,0.25577638828791116
2015-12-25,21.485605429113278,0.0,0.8724195871123399,0.21459049919642537,10.618754951936307,0.5114325114462155,0.250166300273936
2016-01-01,23.275435986979502,0.0,0.8757020053194381,0.21064698049085517,10.538965083119397,0.6094874723130985,0.05031120090348781
2016-01-08,24.046554261489284,5.257987653259901e-12,0.8782575310271816,0.20720404871656364,10.268671125899141,0.7201745962379323,-0.06783538778087772
2016-01-15,21.505411110981886,0.0,0.8774619074108065,0.20799035893718898,9.66403447150817,0.578255259179455,0.16325895998329937
2016-01-22,25.69559925269793,1.3715839162286725e-11,0.8827995027907757,0.2026377234193707,10.368089865331171,0.6181073532683217,-0.2479854249265889
2016-01-29,26.43096479646962,3.06212730375959e-16,0.8841817696011137,0.2002880809091459,10.688141664726977,0.7112684410220846,-0.3403670085018042
2016-02-05,19.07265115155513,1.4924306403966515e-11,0.876688175025189,0.20579284556044353,10.646276426266805,0.5483581885667795,0.33604613279212936
2016-02-12,26.24432931290807,9.163741585603586e-12,0.8805483624371935,0.20712084810579295,10.768501705835886,0.6320670288422668,-0.26975815929738883
2016-02-19,26.248757552264433,0.0,0.8803790373820451,0.20782416089094594,10.719095273364438,0.5640332322475502,-0.2581696582234669
2016-02-26,26.246312134845322,0.0,0.8821901122215029,0.20400138390793787,10.657470108095113,0.6013288238023449,-0.2837054152466804
2016-03-04,26.239208746693652,9.147522909353167e-12,0.882702170901688,0.20284528784207484,10.752119543419356,0.6165441042181808,-0.2896712986519881
2016-03-11,26.227059719743227,0.0,0.8821290572043148,0.2046659822508107,10.694727811332164,0.7020883082368159,-0.300115557204529
2016-03-18,25.355121739199294,0.0,0.8809725492621214,0.2064807427232233,10.771017688961193,0.7525327807130165,-0.23374362511100444
2016-03-25,25.35891133851231,4.5565511429132184e-12,0.8804150393357358,0.20798777655958414,10.844097700125726,0.7067115373296549,-0.2274769533957637
2016-04-01,25.366195930174975,1.0413083150022484e-12,0.8806277465006886,0.20775715387933555,10.890770090498716,0.709322339653036,-0.23374733714748694
2016-04-08,25.359021121086897,0.0,0.8807080740564192,0.20727709930514557,10.946734652827956,0.7064816786217506,-0.2274455878340433
2016-04-15,25.35938837907591,0.0,0.8807999450953877,0.2071215059584881,10.940065009115608,0.6514011537025486,-0.22195959919194733
2016-04-22,25.355003184171558,1.9239627386800157e-11,0.8805369949182945,0.20862660753741394,10.992045545340645,0.6536583288001276,-0.22628056932205484
2016-04-29,25.346169230287774,0.0,0.8807701259024379,0.2084040781808417,11.08659844480648,0.652965877627894,-0.2301168317471479
2016-05-06,25.332729755640145,0.0,0.8807923580942787,0.20810952047913134,11.197117970869357,0.620925805624048,-0.22246950599509213
2016-05-13,25.32553972945243,0.0,0.8807821978389142,0.20899031049290906,11.37076970001498,0.5771447759726206,-0.22399107867163598
2016-05-20,25.313139774079684,5.401442718606529e-12,0.8813188405836468,0.20736460116850353,11.322005519663382,0.608885965746699,-0.23071946335097282
2016-05-27,24.9343223081813,0.0,0.8811816098112765,0.20680039220878668,11.37147384074952,0.6081227988948319,-0.20083412718024102
2016-06-03,24.94128413789023,0.0,0.8813106939631574,0.20674356751402972,11.49417961526468,0.667396566464395,-0.22101001522866273
2016-06-10,25.731535539664744,0.0,0.8819869737771777,0.2069884232005006,11.474814119605597,0.7230304376965386,-0.3000708215934809
2016-06-17,25.034058515100604,4.09064331004066e-12,0.8812896656156429,0.20808045697104371,11.343273056578694,0.6795470864903715,-0.2261308244047617
2016-06-24,25.638827133602454,1.3310119583889091e-15,0.882021993153614,0.20637333620243162,11.64304466783502,0.6782738037186951,-0.2870876441874405
2016-07-01,25.655461617456833,6.116611960514921e-13,0.8810114972689229,0.21002530820481713,11.572054281221362,0.7189171970028951,-0.29556365701908055
2016-07-08,25.655801214530857,5.89787217546335e-13,0.8803115354655573,0.2124020954536769,11.572083301964794,0.7216259964826313,-0.28920646212107676
2016-07-15,25.659129984558522,4.688295145838381e-12,0.8790734324349401,0.2143210498967812,11.241498279289392,0.7094218415654753,-0.2646935215544914
2016-07-22,25.65410702076559,0.0,0.8791368769042905,0.21427994551353108,11.30636882986194,0.7447748050179831,-0.27244277896862956
2016-07-29,25.08173453604162,2.539802197099575e-12,0.8803049268649101,0.21109780789040622,11.27014720461898,0.7330645402955391,-0.2429788541099034
2016-08-05,24.884447104906553,6.702325178597485e-12,0.8814873292081654,0.2080571695471302,11.294010406723167,0.7286038546023099,-0.23938815792418236
2016-08-12,24.445026280702557,4.241791129582433e-12,0.8819183567267613,0.20633036848880254,11.308910540428293,0.6962006057629994,-0.20537859760249838
2016-08-19,24.43413761017709,1.0149645799128804e-11,0.8827258445675502,0.20446094019711009,11.355772908836672,0.72877140406757,-0.21699486248603764
2016-08-26,24.42225843128833,0.0,0.883016282605572,0.20422223600767858,11.455535568926654,0.6773286394475007,-0.21386571831525428
2016-09-02,24.428049609559377,0.0,0.8839671481253537,0.20271813655240276,11.57704556281706,0.701411474010505,-0.23546785502851994
2016-09-09,24.75259034995583,9.989563796156102e-12,0.8849502109395668,0.20137153321078033,11.667678272553074,0.7517316391950352,-0.2797009243486644
2016-09-16,24.199349129035056,8.721311002706883e-12,0.8836017814680628,0.20255816725575723,11.674154349192705,0.7636332292083925,-0.21751575272568371
2016-09-23,25.319498779135518,9.620298836789806e-16,0.886529258271312,0.19979378343148693,11.814884083300438,0.7240964383297646,-0.34136308240238983
2016-09-30,25.31397519819664,6.5525883060521226e-12,0.8869791549834223,0.19844520094490187,11.697422950716609,0.7891878643627086,-0.35269569180567134
2016-10-07,24.042001398764963,7.020986388204964e-12,0.8848395698770709,0.20064676449752686,11.748782705202634,0.7454867630929585,-0.22307403058024225
2016-10-14,24.906140937133717,6.875563329288852e-12,0.8866672515333868,0.1976141014901451,11.835245886248043,0.7988911374299538,-0.317970566769723
2016-10-21,24.890544847822756,1.971041079280462e-12,0.8859297721083631,0.19834778627659203,11.631256315900968,0.8670602001142401,-0.3109873551012493
2016-10-28,22.9631557593952,4.649094564115333e-12,0.8830901167546773,0.20231243447721553,11.663088039581057,0.8930017891007507,-0.1420013547232549
2016-11-04,25.200897671380066,1.6955569714741668e-11,0.8882488677312387,0.19463520232113957,11.723402696981625,0.9909997717235131,-0.3883118544544847
2016-11-11,25.816965959829233,2.78490079292267e-12,0.8895571483182304,0.19330648425952177,11.836885625271206,0.9634591786120328,-0.4468742727727657
2016-11-18,26.917484437317878,2.0161492447119857e-15,0.8911431087284324,0.1917944746369894,11.97303639913362,0.9735387140692391,-0.5511441245300102
2016-11-25,26.914947723990245,7.720237163816717e-12,0.8904062928514331,0.19275089940741522,11.89159537936949,1.0091725013387638,-0.545472856674042
2016-12-02,25.84274996409391,3.807349707755766e-12,0.8891194135976371,0.19351758803122796,11.76650215448477,0.9737575130836313,-0.4437816718639684
2016-12-09,26.780794852653543,5.945566765865638e-12,0.8895240867167046,0.19295365813865042,11.873879430831495,0.9493751346778727,-0.5120400269234056
2016-12-16,28.83028297402845,1.6884720317698185e-13,0.895286627230086,0.1873446312280425,11.428826993821522,1.0955126484303317,-0.7608555839747101
2016-12-23,28.84345844101428,5.363997644346494e-12,0.8951159478642768,0.18733899913579694,11.40079677420998,1.1768520868723422,-0.7724785380658916
2016-12-30,29.059788808431712,5.76052839118288e-14,0.9011961235708298,0.17501233026477853,11.938042157868292,1.221156628385899,-0.8656464610337743
2017-01-06,29.301947361843286,0.0,0.9045607249456596,0.1707466287338176,11.94547365959292,1.2481877005638469,-0.9418551276640472
2017-01-13,29.90357250065417,1.1647367094592732e-12,0.8976241754570309,0.185492296088816,11.726290300688143,1.2280202351087277,-0.9037023870581293
2017-01-20,28.341655333735687,0.0,0.8862688535998768,0.20369906688297343,11.40718232531165,1.157408904617346,-0.6291100249664429
2017-01-27,28.335164764519646,3.1926607923939017e-12,0.8878977655177214,0.2006594656328265,11.478702489368892,1.1335292149876455,-0.6508757859265668
2017-02-03,28.329728693682014,4.408849640404652e-12,0.8901095675016543,0.19654281021054168,11.54832713625341,1.178258553450045,-0.6890695181351069
2017-02-10,28.319320413419753,8.441816146293268e-12,0.8913588985424669,0.19444056499808238,11.57753919322214,1.148681563164724,-0.7053442652329933
2017-02-17,29.612008892334273,7.718691565530895e-12,0.8979384162908365,0.18478971984878223,11.64915607990047,1.1231206892043508,-0.8709042076683146
2017-02-24,29.34908957802936,1.0257024309193644e-12,0.8999577272996923,0.18079969886759822,11.66543083379586,1.132929548085102,-0.8825888309278449
2017-03-03,29.349819521168186,3.66733401592076e-12,0.901442796628951,0.17824648975896212,11.746724006428247,1.0933376588035855,-0.8983406094068493
2017-03-10,30.141938776583082,5.2514564875410076e-12,0.9037653204255256,0.17572029909079118,11.844083972755486,1.1669583097534422,-0.9934915269702659
2017-03-17,30.13582329548251,0.0,0.9055927437477403,0.17241379615233937,11.940594992259424,1.219570190480913,-1.023410687044722
2017-03-24,29.873719311859503,1.874505692744065e-12,0.9063987289096042,0.1707440996594446,11.94017436238928,1.2127983699883615,-1.0164086276511106
2017-03-31,29.46202614914507,4.302911778148524e-16,0.9062926385395663,0.17034951786623798,11.787469362332278,1.2314018796805428,-0.9904036666256506
2017-04-07,29.095887635955062,2.0981646840984055e-11,0.9061636678351207,0.17085732774643184,11.878757096506156,1.2401466510044352,-0.9717740263972728
2017-04-14,29.08825334463203,4.0241817442694155e-11,0.904869963352135,0.1728179107845015,11.815557909545783,1.2086161510886062,-0.9516828750641891
2017-04-21,29.723079038635696,0.0,0.9078089874402593,0.1686176222636945,12.031933492215202,1.1524786630640955,-1.0223742924070192
2017-04-28,29.724935786225608,1.8368016312843154e-11,0.9089513676773247,0.16657210497590708,12.156377613341952,1.2071761096023566,-1.0431599877725062
2017-05-05,30.02334895873135,2.4171035109922502e-11,0.9101886643584715,0.16507605800338265,12.325318479746395,1.266731960656996,-1.0851655213548106
2017-05-12,30.401325213222066,6.3719165582285676e-12,0.9115085468492041,0.16330137862280078,12.462347866182226,1.317105037484013,-1.1310462647066504
2017-05-19,30.401886070535678,0.0,0.9118605320086799,0.16267897385918348,12.621882251150513,1.2771681826636732,-1.1307082048940313
2017-05-26,30.094135678097565,0.0,0.9117144983568414,0.16256223193473293,12.448695359950985,1.3008577902256793,-1.1116795615514372
2017-06-02,28.972207508230728,0.0,0.9094325258639133,0.1661581195782426,12.53790830139193,1.2554640064396196,-1.0034855069815833
2017-06-09,30.231117748223387,2.2205069514417316e-11,0.9105749856422439,0.16499982882504868,12.490918571425421,1.2526236461543947,-1.105160288285913
2017-06-16,29.84781454692388,1.5302684296866973e-11,0.9103018019690651,0.16536817557616382,12.39060635203926,1.2416076123234534,-1.075088963927731
2017-06-23,30.11251425666988,0.0,0.9109973834011376,0.1644003529714688,12.46637604647235,1.187386947457947,-1.0956044105045328
2017-06-30,29.798426962463754,2.5227376246840747e-11,0.9112305352633873,0.1635343606244016,12.526199908956094,1.156800449794355,-1.0740179072913245
2017-07-07,29.58148743686163,1.8612171501685073e-12,0.9114168190401863,0.16287903217637206,12.616630978952097,1.172757080918119,-1.063554905331143
2017-07-14,29.59306673588984,8.290677829394061e-13,0.9118336347387178,0.16216260403646643,12.767190620063436,1.2087792715381669,-1.0728308903118762
2017-07-21,29.440912980852,2.649096858397896e-11,0.9111513690297841,0.1630429796523709,12.720559710757088,1.2116551576531194,-1.0545560133808403
2017-07-28,29.42384693875305,2.1130454237645367e-11,0.9109855441657908,0.163421565649019,12.934969886519214,1.1616859544743148,-1.0454734607835967
2017-08-04,29.437340552462867,0.0,0.9109049526163365,0.16374323190901138,12.845522076833284,1.156184488109223,-1.0464039157620404
2017-08-11,29.199383679537227,3.4127304176025363e-12,0.9104670404167968,0.1641308817102858,12.767444123479905,1.2089170369616749,-1.0321002757775746
2017-08-18,29.51842471464674,2.7495642762108388e-11,0.9102583058925282,0.16522757540187938,12.955660520134025,1.1170782959683525,-1.035368292595454
2017-08-25,29.67103246067486,1.1816094129803739e-11,0.9115330061879371,0.1626100657804633,12.970223051609485,1.1721887262755832,-1.0704316131498033
2017-09-01,29.664941643683836,0.0,0.9109265427269513,0.16375466144706555,13.011119136286203,1.106110407868163,-1.0565240972919507
2017-09-08,29.454792638532254,0.0,0.9107809853420048,0.16367303300266048,12.869182393329343,1.1545473364994931,-1.0497899326578
2017-09-15,29.185105285489403,0.0,0.9100327614188848,0.16498127872483195,12.950754530332892,1.0883713685799596,-1.0158543752480076
2017-09-22,30.037653138425636,0.0,0.9117639546524825,0.1621017939499509,12.932842531068681,1.2421712812574166,-1.1100322932872597
2017-09-29,28.81938272397033,3.7496726889711715e-11,0.9109902054395563,0.16259218344568857,12.577554215229899,1.290300787625636,-1.0255408129751225
2017-10-06,28.30214875086591,0.0,0.9131025463238084,0.15758975509422235,12.644312636866207,1.325840202210847,-1.0165953042365854
2017-10-13,29.96244107912343,1.515267133590079e-11,0.9152247438964869,0.15406394046975702,13.035141426264133,1.3311417048470549,-1.1513705369991785
2017-10-20,30.20204659853508,1.0221420710425943e-11,0.9147469744818248,0.1551383237541604,13.163408874876817,1.2933724551565497,-1.1585269490485404
2017-10-27,30.191008488921007,0.0,0.9139765463861896,0.15634106288775998,13.068899271913304,1.3584960528484473,-1.1581852242545396
2017-11-03,27.316642388309667,5.860146751544388e-15,0.9103607730017718,0.16190922231101157,13.007783058832974,1.3342216465289705,-0.9367223369922971
2017-11-10,29.19257687093567,3.17712865927464e-11,0.9145789058194429,0.1540687429210575,12.838381704438236,1.3850619826211839,-1.1042637341221069
2017-11-17,29.230521470333393,6.867754924218465e-12,0.9142181160254506,0.15446067049798856,12.867209718829306,1.3579902444275567,-1.1010886434575915
2017-11-24,29.819151515168766,8.840992905812921e-12,0.9133143026620049,0.15622383655270458,12.650433651464333,1.3128320043550639,-1.1231093069885114
2017-12-01,29.162405218473122,9.126273629097992e-12,0.9128544016244545,0.15653843934941286,12.693433158696518,1.3162543272441312,-1.0798446853002102
2017-12-08,28.64812624605553,0.0,0.9121558219034668,0.15763150236735063,12.688836327791275,1.2575517271057963,-1.0363209247884386
2017-12-15,29.315947560362076,9.274935395512159e-15,0.9132288986966561,0.1559689111710314,12.788483869471982,1.349295602475473,-1.0955770901093473
2017-12-22,29.314667947670348,1.7765140337276173e-11,0.9132957817213513,0.15609256752628167,12.789236386754482,1.321533535955865,-1.0930159057397204
2017-12-29,28.391367274814826,5.749645337824738e-13,0.9130364521047785,0.15600419845573815,12.817698302417442,1.3233978731192613,-1.0356041438681063
2018-01-05,28.925584965642148,3.1657230936619135e-11,0.9127877213026426,0.15642524105165323,12.629643498218357,1.3280758418961793,-1.0662657428303801
2018-01-12,27.230811545804773,5.397678213996326e-12,0.9134676629472965,0.1549327853502071,12.850841652439449,1.3923883327241164,-0.9743107751444983
2018-01-19,31.108997176615237,1.3281009512698705e-16,0.9136735249575256,0.1558723621819268,12.50565764059562,1.5337079789119088,-1.2235263172807553
2018-01-26,27.90458354666731,6.25490633106862e-12,0.9133361550493211,0.15584233497574,12.700527727553602,1.4912556559031984,-1.0225942316624874
2018-02-02,31.35899345963862,7.317805877465585e-16,0.9090519450527264,0.16523798966216366,12.131084850982207,1.5139630629483833,-1.1978062328802364
2018-02-09,32.38493415321224,4.516470233184469e-12,0.9119454676035985,0.16062453652346165,12.326176786818726,1.4609786405268987,-1.2806685965447564
2018-02-16,33.077003633019366,0.0,0.9134517595283073,0.15877255251530245,12.53863819165655,1.4074513373571969,-1.3288466943823907
2018-02-23,32.842518317185295,0.0,0.914476571399493,0.15651275872415563,12.581825489962222,1.4255352920525381,-1.328540245408185
2018-03-02,32.20629469663589,8.094388712924253e-13,0.9156520704046721,0.1539106413680227,12.6044790988148,1.4102542851817044,-1.301728820117642
2018-03-09,32.003590045607176,8.894801821009802e-14,0.9160467459509342,0.15333685393334354,12.65702457771941,1.3462816178087176,-1.286193751459433
2018-03-16,31.387502479278506,1.096838780568032e-11,0.9170119851603168,0.15106857720356948,12.7096079194913,1.3397240120391642,-1.258537806905953
2018-03-23,30.841201040498614,1.4009589445893787e-13,0.9176669299866155,0.14947167272304648,12.600840403280365,1.3552369799757726,-1.2337566418847088
2018-03-30,29.68598880707236,2.639661174167515e-11,0.9170114426650705,0.15076174952342214,12.813865866580665,1.3095393758589262,-1.1419806492601683
2018-04-06,30.724254792889255,1.1619252879825963e-11,0.9173768446230816,0.1504182636635595,12.739697935552753,1.319955371576986,-1.2165930565560923
2018-04-13,31.362460949889048,4.059141699804836e-12,0.9178625782820685,0.14957995938412222,12.63701677823552,1.3380744894538237,-1.2668149063860623
2018-04-20,30.50965796827397,2.3867393775420643e-11,0.9183381611919119,0.14819725687310886,12.587834200684924,1.326680141117618,-1.2161010739351217
2018-04-27,30.524868439181365,0.0,0.918591765645848,0.14752197926553845,12.650017672243933,1.354973596831049,-1.2242818637803552
2018-05-04,30.155835217137515,1.563878972755253e-11,0.91877551427777,0.1468371719914683,12.594551796625822,1.3629584716480565,-1.2034740190304227
2018-05-11,28.71017833823543,1.940572088239302e-12,0.918748024557751,0.1460218838704526,12.478831841599245,1.386213660909944,-1.1111554568086144
2018-05-18,26.486113703012112,0.0,0.918120497701589,0.14578949770995106,12.594712175565142,1.3956241582549795,-0.9592408191382185
2018-05-25,31.54760279456714,1.9941053080910586e-11,0.9181790306109276,0.1489260183955123,12.451859581096064,1.3521928260060045,-1.2889357489826356
2018-06-01,31.141141202882388,1.6091681030544595e-11,0.918002281446127,0.1493385750559091,12.620712219664231,1.288305018617336,-1.2519583523724245
2018-06-08,31.952985163555226,3.286643209071616e-12,0.9170629338204995,0.15194406882290956,12.77179030109334,1.2421590819896788,-1.291072714781695
2018-06-15,31.490932980025534,4.938855715013317e-12,0.9176633589363982,0.15034132473292916,12.830693691941148,1.2400559767640877,-1.266550180940626
2018-06-22,30.901767569719567,5.769049946730585e-12,0.9183301464777086,0.14851464891924848,12.649565974770345,1.2835953920691336,-1.2374882601897432
2018-06-29,25.98838548679045,0.0,0.9194528805953648,0.14312334686928652,12.823807325688048,1.2711540690593197,-0.9127803342921075
2018-07-06,32.61399478256392,0.0,0.9178276869344402,0.1505938990452851,12.20997367638187,1.1966779095782,-1.3412772133802497
2018-07-13,31.827085183954196,0.0,0.9185366951035602,0.14863974754690976,12.102234744976945,1.2523422953186476,-1.3022049292503022
2018-07-20,27.49835070908099,0.0,0.9182141336589436,0.14673667276356453,12.318738619271484,1.2110635446294098,-0.9995301461641295
2018-07-27,31.90884113159568,1.7523792677677392e-12,0.9170248646213032,0.15189353788323678,11.978461040086486,1.1698706885980288,-1.290215126918189
2018-08-03,31.394459775838083,0.0,0.9178783782778835,0.1501012740376039,12.092505003088487,1.1973502864024406,-1.2674936767035518
2018-08-10,30.328993053600264,0.0,0.9184623906159545,0.14817293031254622,12.186543425148042,1.1773283198418296,-1.2008923142088983
2018-08-17,29.961160822994927,1.546863287306731e-11,0.9190569054473104,0.14706282367470347,12.373227827587744,1.1215811788359416,-1.1759109819550722
2018-08-24,29.63458392303686,1.0904771980428404e-11,0.9193012150216074,0.14654395102972395,12.578698127791547,1.0860211709082346,-1.152340534064426
2018-08-31,28.70976526993153,0.0,0.9197253808553398,0.14499162600217355,12.594153331976162,1.071098325639422,-1.0923770823331374
2018-09-07,28.189018921359118,4.502021166745036e-12,0.9199164592350055,0.14420076514921662,12.520506960001564,1.0862458640056092,-1.0598328236086412
2018-09-14,23.878981902135514,1.410938698004693e-11,0.9192005758061327,0.1423852879681613,12.6256857926749,1.049665863913463,-0.7462530665439164
2018-09-21,28.565094678176287,1.3201959495595288e-11,0.9195414711925131,0.14526647353167182,12.259563886077212,1.0322037219781064,-1.0798554200797355
2018-09-28,28.54791028205189,9.816136752617761e-12,0.9200949681848442,0.14431513679457073,12.403270694093345,1.0650617886373723,-1.0850223081286725
2018-10-05,28.548507689430252,0.0,0.9205909583855737,0.1438964930070616,12.542091640196315,0.9902325080633821,-1.0807781081452215
2018-10-12,27.524528550295578,0.0,0.9209233476998812,0.14239883521806357,12.544050438491219,0.9953997548388442,-1.0142352463528481
2018-10-19,25.802269862880134,1.2371374225119325e-11,0.9205438632980141,0.14184656987822278,12.709711443134381,0.9819496213756795,-0.8872493974339098
2018-10-26,26.41889487597382,2.2693790662207997e-11,0.9207584821810644,0.1419445469293485,12.697051848902822,0.9263095953891283,-0.9289888747966103
2018-11-02,27.098481956761464,0.0,0.9207212816982652,0.1426446404539694,12.858682181972245,0.8862006689934478,-0.9725478927712893
2018-11-09,27.084611572471047,1.755652014711376e-11,0.9205442861419647,0.14287618345767925,12.992613454883154,0.9369976989170044,-0.9735512607961211
2018-11-16,26.197399996435564,5.0482230717465846e-12,0.9204944882382065,0.14225237972985194,12.975423069637051,0.8839596106976186,-0.9059934658428928
2018-11-23,26.200993922783983,0.0,0.9205345662626321,0.1420872728286405,12.95773630958247,0.9002170634453114,-0.909867734469094
2018-11-30,24.93198090386209,8.92762235949529e-12,0.9202145882721758,0.14174908921663895,12.918597106893035,0.8098656673245035,-0.8051620408588567
2018-12-07,26.937932307632632,0.0,0.9208949156286024,0.14170181874671192,12.87124437017023,0.8520906614412517,-0.9611057168070891
2018-12-14,27.50047307214635,4.9525856517908544e-12,0.9208402593396966,0.14266607408779516,12.942599872092707,0.8618527739260048,-0.9998695508284737
2018-12-21,26.55620750811881,2.3927078561021637e-12,0.921202055818046,0.14119879478863578,12.894686455625456,0.7992211618638607,-0.9298972432580053
2018-12-28,29.69657128345307,3.3169380927467414e-17,0.9211694485260978,0.14391261159024524,12.884432178599955,0.8223259332849112,-1.155373629571709
2019-01-04,28.812979909380022,3.228087749145983e-11,0.9217670521668286,0.14209021982315054,12.791431819737829,0.7540565593153022,-1.0905749796864261
2019-01-11,30.970349466122336,2.782857616410271e-11,0.9219509563142139,0.14310837019545314,12.645719574516342,0.8842823620523683,-1.2591138920606437
2019-01-18,20.816810458592272,0.0,0.9203476432142869,0.13861602934219727,12.973120969039464,0.855466751564268,-0.5126492715035756
2019-01-25,33.57256726475755,2.8810053631041127e-12,0.9197921905297991,0.1490376680443643,12.408964014631435,0.8468434892089498,-1.4200617603247774
2019-02-01,32.36488634292063,8.253803869923808e-16,0.9200833515619344,0.1474235512404988,12.446545123164023,0.8260784076688001,-1.335957375157849
2019-02-08,32.35821644171826,1.0472523945774382e-11,0.9204772011682372,0.1472161103893591,12.510751171034668,0.8240661345458393,-1.339834977489918
2019-02-15,30.02706185334984,0.0,0.921114495298531,0.1443993400333924,12.487567749098414,0.7556768627659723,-1.1724996804689671
2019-02-22,31.43548472914892,1.3973070598186948e-11,0.9201730119896107,0.14735774145389263,12.372227332295646,0.7377013322340527,-1.2628651144709913
2019-03-01,30.055962719439847,5.848705486712655e-12,0.9207313415888201,0.1449632334290067,12.435826958013237,0.7363696034371777,-1.1695609589417566
2019-03-08,30.030027126255497,0.0,0.9212041905742517,0.1441025656987281,12.47686141478622,0.8295185160972842,-1.1808063777823503
2019-03-15,28.373813828523947,0.0,0.9211545757954559,0.14379929602401184,12.584336258091156,0.7412009142774382,-1.0527462698486987
2019-03-22,29.350670617815652,0.0,0.9201344385487793,0.14674883629364235,12.475145563504814,0.7125740228797539,-1.112412330305434
2019-03-29,28.530031825367352,1.6026905966002778e-12,0.9203999270579112,0.14569569298692642,12.674387321026838,0.6780704234128351,-1.0516053141483193
2019-04-05,26.607599719484316,2.165081949551442e-12,0.9208679189747031,0.1431298404666806,12.749862049623426,0.6554661940096045,-0.915721379627931
2019-04-12,26.595580089688003,6.0197875789667e-12,0.9210132798733057,0.14275619282597082,12.91729924957291,0.6859698339322223,-0.9167616841631301
2019-04-19,25.33990174665607,0.0,0.9210515921150854,0.14180809127502983,12.861423534781423,0.6309082566070867,-0.8204776543352943
2019-04-26,23.7188279591172,7.589025058704261e-12,0.921002685314782,0.1403966962973601,12.992091362571959,0.6247177143322262,-0.7005824379329507
2019-05-03,22.88006940475168,1.8229240489471357e-11,0.9210021937731806,0.1399130106165115,13.114600803295978,0.5387717772126535,-0.629495343865994
2019-05-10,21.0210308797428,0.0,0.9207771338545943,0.13869810460111032,13.180242025497158,0.485134548499225,-0.4856749848351523
2019-05-17,22.801061590889923,9.084817616226303e-12,0.9214587659519965,0.13922232928652004,13.132483885457441,0.5181715169710249,-0.6218394367924744
2019-05-24,19.783014607270598,2.4758800002022155e-12,0.92099136650433,0.13752008651208011,13.27148989915876,0.5022313934805962,-0.3906113566938562
2019-05-31,21.523658014155952,7.649938523414692e-12,0.9204457358443802,0.14002453278814245,13.296769992638826,0.4636474685919624,-0.511690576961954
2019-06-07,20.62329745061952,2.1428221888835868e-16,0.9204601178565917,0.13923904565753803,13.445827679729588,0.4053799385168551,-0.4390599234736073
2019-06-14,19.396423598525743,9.656016868321015e-12,0.9207343204048136,0.1374935471652773,13.486125186491131,0.4190465026589748,-0.3540944295138669
2019-06-21,18.199966781200196,2.405864863770633e-12,0.920800288350501,0.1363357504667478,13.51022625451296,0.355714089733,-0.2610037205828747
2019-06-28,18.179200781839512,0.0,0.9209597195920165,0.13564718240378731,13.248084330582378,0.47865554232384816,-0.2732125881370766
2019-07-05,13.756198506841068,1.404809255284638e-12,0.9209966498099452,0.13239507209008508,13.359499689324315,0.5551360280687546,0.03849851596222374
2019-07-12,16.503296493161717,2.6337192160424793e-16,0.9179223329810605,0.13986509669210026,13.199679758343462,0.59313095398857,-0.12672782979486302
2019-07-19,12.298445495605877,2.4667746070045192e-12,0.914889077097551,0.14214280252001976,13.053303395082171,0.47640596352242714,0.23233349482702603
2019-07-26,9.80762872562839,0.0,0.9149797800807572,0.14009728755315196,13.234465096462456,0.39142718411511457,0.4237385540717145
2019-08-02,7.064985060647491,1.6198625290396862e-16,0.9148930822151454,0.13783657301452673,13.335004813148084,0.4096657649608626,0.6249103350296373
2019-08-09,10.327243031057884,3.0359648525650567e-12,0.9173975101916493,0.13656466082149987,13.452819610746737,0.3604637617983764,0.36405516120741255
2019-08-16,9.416992890365965,1.7830805677718127e-13,0.9168849893722747,0.13672847502238678,13.319663341357545,0.4027471226468412,0.43586344839356905
2019-08-23,9.413810346708468,1.2912973825282807e-12,0.9180430639110596,0.13485454026044844,13.322665715353205,0.4864179296612559,0.4114394918089858
2019-08-30,4.694078117079153,0.0,0.9131428053014853,0.13997179000524626,13.220331414204834,0.4790334337198984,0.8248585867357265
2019-09-06,1e-12,2.6517726956551523e-12,0.9106170541398578,0.1406336543938876,13.336060511616129,0.45418926063554405,1.2122172005306282
2019-09-13,1.0883108132613548e-12,1.5588887797484567e-12,0.9108206925792154,0.13979546183473257,13.471610031460074,0.4567918935046393,1.2221099190717721
2019-09-20,2.5141081373495842e-12,1.4892245621325892e-15,0.9122130898211384,0.13830371169128158,13.543625984325656,0.48706709161130635,1.1975657755211806
2019-09-27,1.2827199239740632e-12,0.0,0.9129223490094803,0.136388096250398,13.642166613702987,0.44757230702319595,1.2050711725803602
2019-10-04,1.3052451189092994e-12,0.0,0.9135718528288643,0.13491382628147422,13.800659817868077,0.37699770361313106,1.2135704083433527
2019-10-11,1.28823367161738e-12,0.0,0.9144418443097099,0.13341470778076622,13.994179543401724,0.3543170757451317,1.2095605477050038
2019-10-18,1e-12,1.0924461659790308e-11,0.9150603454555288,0.13280164942466835,14.15223287715917,0.46648043071965284,1.1881482116111086
2019-10-25,1.0754868922938979e-12,1.844338471458006e-12,0.9150941474635539,0.13228634121674715,14.19907000839988,0.5291773978306132,1.188966668999166
2019-11-01,1e-12,1.1982777383650379e-11,0.9150261245991232,0.13188760636208682,14.077811783777197,0.6153144310089165,1.1890607384858334
2019-11-08,1.000632803679201e-12,1.1952108655905589e-11,0.9152517267788945,0.13152287148027533,14.077830189520348,0.6154651109711026,1.189349471802708
2019-11-15,1e-12,1.7436737160847606e-11,0.9140760876739,0.13364188662458487,14.157099847474079,0.6480309500933158,1.2089912155069547
2019-11-22,1e-12,1.1675611382026727e-11,0.9133946232425175,0.1342587737463169,13.997693540672271,0.6618305839137705,1.2300890651112153
2019-11-29,1e-12,2.611151679057477e-11,0.9142298707254478,0.1326407863538702,14.065933516618673,0.786271118635598,1.2059730645145108
2019-12-06,1.0194280201058063e-12,5.2478669991640365e-12,0.9108799657514692,0.1377239119740918,13.923730595720826,0.6495554719830752,1.290910884406975
2019-12-13,1e-12,2.1933719216526403e-11,0.9102884615902075,0.13819741241137934,13.754569398855221,0.5619242896770521,1.324940248463174
2019-12-20,1.0831734269667743e-12,2.449927148971191e-12,0.9111400449137385,0.13636759295015413,13.783238856223164,0.5436598620391948,1.3251031965179303
2019-12-27,1.1358523408155125e-12,4.143215082134512e-12,0.912118037898218,0.1341299104652292,13.933099581984631,0.5999704934443875,1.3169951219425775
2020-01-03,1e-12,3.296151759725035e-12,0.912224948362198,0.13363343122397278,13.929147033746187,0.5051174626410587,1.3367479540808032
2020-01-10,1.3278140680668741e-12,0.0,0.9120256171329694,0.13321671734707768,13.891679461169304,0.551705645074141,1.3491503195774652
2020-01-17,1.0556596883089445e-12,2.0974302498455955e-12,0.9115380694254483,0.13371838695730848,13.858532954679834,0.5063593023029779,1.3713138296651362
2020-01-24,1.088908948730222e-12,1.0579272165794397e-11,0.9104506879154143,0.13499389213986585,13.87617444446019,0.36414377661704006,1.4250188675706932
2020-01-31,1.0283884490052308e-12,2.8822095996664816e-11,0.911229055936323,0.13312530220842958,14.075507282497046,0.3223874020014568,1.4365671748339843
2020-02-07,1.5550790719863707e-12,1.2040424684347344e-11,0.9112577121505188,0.13243925712447627,14.219805042159217,0.2613276657719499,1.4615313683712103
2020-02-14,4.2517553058259457e-11,2.6289320455812256e-12,0.9142081620930363,0.12833451755542358,13.490236564401807,0.3908234417818376,1.4317354545725676
2020-02-21,1e-12,0.0,0.9139558226864126,0.12814355120520707,13.395827374098948,0.3170000060778447,1.4642918786786612
2020-02-28,1e-12,0.0,0.9141792247331828,0.12704075945375148,13.601495011861264,0.2199398247574311,1.4980715578982746
2020-03-06,8.798375254081491e-11,0.0,0.9173864650915027,0.12501190884731747,10.478511563338726,0.29660663240899304,1.4937633234810463
2020-03-13,1.1604694388729694e-12,3.550120505055577e-12,0.9126664248911321,0.13329104946678103,10.574844483388183,0.19843583766910555,1.6050995086646398
2020-03-20,1e-12,4.689605880902515e-13,0.9006212966079706,0.15695386881459822,10.083361498525452,0.07750189870435999,1.8511229286515574
2020-03-27,1e-12,2.013385839144245e-12,0.9018455590130032,0.15340230024896329,10.13881168156941,0.0843236529333167,1.8588479226114334
2020-04-03,1.0219098144396979e-12,2.1369805134335578e-13,0.9026642183613973,0.1508263386201529,10.188317609590216,0.05415490833913498,1.875273463511894
2020-04-10,1.0662165294050993e-12,0.0,0.9010531351155417,0.15357635457062388,10.235078549054853,-0.07012875255877189,1.9368905419323719
2020-04-17,1e-12,0.0,0.9009282188586082,0.15305354854861403,10.329502468780033,-0.08845196285197915,1.959853600978021
2020-04-24,1e-12,0.0,0.9009717970673947,0.1527112251266479,10.26126719785114,-0.23112986384986448,1.9943247041560304
2020-05-01,1.100135539677212e-12,0.0,0.9017519211596571,0.14974136365231144,10.262589352265461,-0.18563794490697366,2.0091754779468967
2020-05-08,1e-12,2.2940740837345536e-12,0.901318801776574,0.14943401082019642,10.36166067170311,-0.19143058890474635,2.045822347943128
2020-05-15,1.0421894242181585e-12,1.085401236270367e-12,0.9016015290197035,0.14773947840767432,10.377360086077731,-0.17074454937134168,2.061150810728433
2020-05-22,1e-12,0.0,0.9014598584021507,0.1476771453373788,10.31636782097394,-0.31153650632857416,2.0982807154440053
2020-05-29,1.0227578596256281e-12,4.2528715103388107e-13,0.9010881466189883,0.14740447894550082,10.233252388153808,-0.4376165572833261,2.1528726289655706
2020-06-05,1.0148700737866197e-12,2.234882638767648e-16,0.9005900653387588,0.14732267422986822,10.333768008196811,-0.41994055553868537,2.185735841602618
2020-06-12,1.1172448060558373e-12,0.0,0.9009923940166171,0.14872893164310033,10.415417055443534,-0.38356050830775396,2.1404396053120927
2020-06-19,1e-12,0.0,0.9006657995904389,0.14964319157738215,10.431740614783907,-0.5288426816565678,2.171995820599426
2020-06-26,1e-12,0.0,0.9001552315581797,0.1487141155634947,10.413719362801642,-0.47017295215217875,2.215522153735969
2020-07-03,1e-12,0.0,0.8992800914278125,0.14837330080192457,10.392243740546954,-0.38834610590421026,2.26649270926481
2020-07-10,1e-12,0.0,0.8979594853530171,0.14927224254087612,10.455938983072024,-0.4145250437347627,2.33245859516587
2020-07-17,1.0331272554653559e-12,0.0,0.8964540254375082,0.15018725285723392,10.468047918290278,-0.42073047143015807,2.3997647818774395
2020-07-24,1e-12,1.7054533845870904e-12,0.894866061313088,0.15146664655362857,10.435214933815347,-0.5200138615461964,2.4852770176028303
2020-07-31,1e-12,1.947152136028997e-12,0.8936902779766166,0.15199809559496005,10.308296436883111,-0.39278672633051476,2.525539486967688
2020-08-07,1.031158246217881e-12,1.0442703549746369e-13,0.8956310281507973,0.15035794042281558,10.413684458412808,-0.29175158358046954,2.4417674640087337
2020-08-14,1e-12,0.0,0.8934510876135977,0.15271124556768362,10.263056972490538,-0.22860530154374442,2.5135923582580606
2020-08-21,1.1320979739004654e-12,3.5682338143142064e-12,0.8913357656369933,0.1548406645522102,10.205785765335788,-0.2854328487366159,2.616975354530022
2020-08-28,1.0079940459931528e-12,3.126100142588428e-13,0.8888093597878047,0.15700561616688297,10.243762060975614,-0.35646249488369636,2.7393719211241265
2020-09-04,1.0882213946472803e-12,0.0,0.8883473896542275,0.15654152910569435,10.293113119450211,-0.392308465284147,2.7927470327272625
2020-09-11,1e-12,6.119476730584484e-13,0.8861941458188064,0.1574509204770527,10.361828082674002,-0.4394636458207948,2.919384276030606
2020-09-18,1.02017921737297e-12,1.9758459470826802e-13,0.883914463344497,0.15873785457969777,10.421625715233269,-0.505510381682042,3.048347202500267
2020-09-25,1.0640339976886707e-12,0.0,0.882846925744947,0.15929107044035237,10.48409920361221,-0.600159811252857,3.1250722931080643
2020-10-02,1.0362143069009394e-12,0.0,0.8868247615016017,0.15612499380228623,10.50056779437751,-0.7073476736823011,2.981063677815186
2020-10-09,1.0562127573407453e-12,0.0,0.8862109752588339,0.15523196544539522,10.502089149149464,-0.6387642804499134,3.0317280175749173
2020-10-16,1.0883616337412993e-12,0.0,0.8858789444636772,0.15547578619886482,10.560966318803356,-0.6753771432065624,3.062036631623858
2020-10-23,1.0146519014192943e-12,0.0,0.885051166298797,0.15586155263304052,10.625359145630027,-0.6929535302211319,3.105389858052429
2020-10-30,1.0146111992406033e-12,0.0,0.884128803426137,0.15653205987477767,10.548540712520065,-0.8003808265253661,3.1724996998107
2020-11-06,1.0110316674566144e-12,0.0,0.8844113064710144,0.1567303957830289,10.563872854433873,-0.952811304742674,3.188916181170976
2020-11-13,1.0013427236576608e-12,9.573698074177305e-14,0.8838893807897996,0.15668955294043166,10.686500698651718,-0.924492412262007,3.2263747644172582
2020-11-20,1e-12,6.085067807662568e-12,0.8890282648269208,0.1549179670361405,10.32519115010834,-0.7973453081190386,2.9641050327329665
2020-11-27,1e-12,7.408558619016356e-13,0.8877986913476048,0.1558738103212237,10.355705255394254,-0.8654583373238807,3.0373406878589093
2020-12-04,1.0755908742815407e-12,0.0,0.888507547407279,0.15499419612568616,10.46149640840039,-0.8062497524358161,3.0002785411255735
2020-12-11,1.016141609191053e-12,0.0,0.8892598552153288,0.15396122183904656,10.36148161933768,-0.6032172312274385,2.940104768815861
2020-12-18,1.6082571472481044e-12,1.576073550138498e-12,0.8893627265303927,0.15282563176489605,10.434959593756547,-0.696219463279635,3.004183977988833
2020-12-25,1e-12,0.0,0.8893521425831727,0.15457692298301523,10.269316987622767,-0.85807478001836,2.965865468588775
2021-01-01,1e-12,2.2136764754781418e-12,0.8876791255594023,0.1552065368665093,10.30999396391731,-0.8439627007092908,3.0591048267778405
2021-01-08,1.5410625767492588e-11,0.0,0.8858131140620382,0.15623406124349554,10.358462906265073,-0.823780139069015,3.152732590025415
2021-01-15,0.0017575822640596803,0.0,0.8867470434140328,0.15570180781370282,10.305036598707204,-0.9116380560215854,3.1273211151750546
2021-01-22,1e-12,2.8210444968473094e-12,0.8849347301550093,0.15683878892871508,10.365284748765818,-0.9105226213573774,3.2218108552359697
2021-01-29,1e-12,0.0,0.8833747019792196,0.15781992673652273,10.463865340022394,-0.9326688834123296,3.3079909693294267
2021-02-05,3.944969991796749e-07,6.429553018551611e-16,0.8837031597192446,0.15731403345566344,10.463856893152283,-0.9324002197838341,3.3080785556647934
2021-02-12,1.0803796343353214e-12,6.417087428360467e-13,0.8867995587552343,0.15370379038920567,10.479236185316894,-0.6585747973685012,3.1793189018725503
2021-02-19,1.0476235287433371e-12,0.0,0.8866331602536277,0.15590195190762876,10.350881470947229,-0.8600602550810512,3.1525087282033772
2021-02-26,0.001688369060436393,0.0,0.8861053250554736,0.15588179140092728,10.340262145918336,-0.9157857555755097,3.2107761903241205
2021-03-05,1e-12,0.0,0.8839605284589274,0.15707933787456269,10.392033389086466,-0.9326181081458107,3.335802102969666
2021-03-12,1.6360723140655644e-12,2.113251088569158e-12,0.8831974399415473,0.15692706478818438,10.47445684421745,-0.9442478393873334,3.4053814827282496
2021-03-19,0.0024967223556103158,2.0130479677832945e-12,0.88128479694698,0.15823652133941454,10.540076455796944,-0.964126542575955,3.510699989209172
2021-03-26,0.010603833385752711,0.0,0.8787610512157944,0.16032279098450433,10.580781810992178,-0.9256236392359607,3.6225968325832483
2021-04-02,0.022436382069847802,0.0,0.8760571988029526,0.16329790275381015,10.57795191772134,-1.0076066332008464,3.747702447264668
2021-04-09,0.03296022613936277,0.0,0.8740183733232145,0.16624038007092704,10.519853054750202,-1.1029104766947777,3.8257811732348013
2021-04-16,0.04532107409636246,4.202620458586132e-12,0.8716793959874122,0.168867951850146,10.582319361158149,-1.1083451074772017,3.9132743638838594
2021-04-23,0.05495221292429985,0.0,0.8698678520072644,0.1720488449187336,10.492020984274816,-1.2037786174044156,3.9701077849571056
2021-04-30,0.06538414586147971,0.0,0.8693644866545954,0.17263280147657845,10.598126266546755,-1.3082838657684377,4.011333483578321
2021-05-07,0.04607609907438485,3.5279643261325382e-12,0.8740288227854766,0.16596250058426198,10.471608388855246,-1.0462545859364543,3.853844735183986
2021-05-14,0.03606924040424846,8.051888927471606e-13,0.8757760238315346,0.16323390889742864,10.525143219626296,-1.1524941163826092,3.8099522760170315
2021-05-21,0.026970309839397504,0.0,0.878087263908372,0.1612560327731575,10.582292073522659,-1.1444015057148385,3.6881124303852144
2021-05-28,0.03367306441402107,2.0960641944323853e-12,0.877497662905313,0.16321155452465302,10.517666667896611,-1.2344174184771448,3.681081023243004
2021-06-04,2.2057555812994645,7.883467430198031e-16,0.8785168762290639,0.16438728641604436,10.418000743338764,-1.322209367849725,3.465579880552441
2021-06-11,3.8831393945701196,0.0,0.8792244658151859,0.16616878354428574,10.282671754982685,-1.4446122557900158,3.2896973188527268
2021-06-18,3.8886677653066313,0.0,0.8789860789723093,0.16709411401823865,10.133363964170062,-1.3080669176103876,3.2499425110840754
2021-06-25,3.910905840667887,0.0,0.8770830341836737,0.1678154641108102,10.335772018727685,-1.4058899893378172,3.423273636092554
2021-07-02,3.919364977834918,4.619603963059905e-12,0.8755080905987993,0.16999517742929973,10.231714657842502,-1.4944451567119432,3.500601851945597
2021-07-09,3.9417997280494634,2.4222912110579197e-13,0.8748578255517244,0.16996860788565998,10.333116521670279,-1.583879744222753,3.567956463251175
2021-07-16,6.9704099907658135,1.9217291363694192e-14,0.8751968148328616,0.169911041579868,10.3959076926404,-1.617506425762113,3.390186010746211
2021-07-23,6.977689764284914,2.0456726836345766e-12,0.8743168930212598,0.1702017537956023,10.524304664636482,-1.6856233426650316,3.4624324119720464
2021-07-30,6.979401884588844,0.0,0.8745691923018198,0.1693097977390612,10.48318816598452,-1.5332469758941911,3.437828580341467
2021-08-06,6.992398184734693,5.782324365864341e-12,0.8741537183461178,0.16990715351927504,10.422997728893954,-1.6214212166332505,3.4744499771495483
2021-08-13,6.99670471177419,0.0,0.8729241643281395,0.169603963144701,10.562916089475106,-1.5164057783885032,3.5723619882997224
2021-08-20,6.997117788171773,0.0,0.872936106290493,0.1697966505432911,10.589790092424554,-1.5412827358290855,3.562480615679943
2021-08-27,6.998194359821698,1.848832848294025e-12,0.8724286403690995,0.1693720318615767,10.701662037605896,-1.57567708693374,3.6348408344690117
2021-09-03,6.984326407655654,4.709533882486011e-12,0.8745350088215674,0.1670747778248058,10.584039548622572,-1.3764441027255196,3.4954974509307895
2021-09-10,3.288670523027194,7.293611632009266e-15,0.8715679219338703,0.16911949338426055,10.685738090906696,-1.4163692040873943,3.868576033566114
2021-09-17,6.195312401928809,0.0,0.8727085671972866,0.17014115377984385,10.559377708136168,-1.3535548138809521,3.5640428841212737
2021-09-24,6.194130682999745,1.0929791525686508e-13,0.8746358181094178,0.16821086614045727,10.41202574499029,-1.2095592253524834,3.4402802725538955
2021-10-01,6.1883347481128474,0.0,0.8753422138409164,0.16764790841787072,10.480673606997945,-1.0736244589427792,3.3795975451114773
2021-10-08,6.194276439635144,0.0,0.871799489568999,0.17290503119608613,10.371540901075416,-1.1589727373445724,3.5082320090416235
2021-10-15,3.9425530381809017,5.098772209589757e-13,0.870989476938249,0.17198525985658844,10.403595869155211,-1.1545351862028355,3.7234361886084315
2021-10-22,5.202710166854752,9.762018462265657e-18,0.8726507228427377,0.17099720170968905,10.41303390924618,-1.1417898022048418,3.545833377071645
2021-10-29,7.318226477721391,1.2011542224820575e-11,0.8748426561033786,0.17021707507582523,10.241475100055954,-1.0453387154685305,3.2681591903091074
2021-11-05,11.394723764985661,3.545344126908637e-11,0.8786867015971409,0.16919004721029435,10.249208838930615,-0.954411495108455,2.7750976367934164
2021-11-12,8.574438064913723,0.0,0.8724057774346671,0.17615410952416105,10.116615485254117,-1.0911730521955898,3.2352226787547833
2021-11-19,8.574999382206682,5.411622238208847e-12,0.8739335064324718,0.1750780956425587,10.117962398052162,-1.114376443204802,3.1433596852660264
2021-11-26,8.579255903926006,0.0,0.8737211912933239,0.17160994539442798,10.300267963749866,-1.2255491183942753,3.310571358026758
2021-12-03,4.700566023798115,6.939222876101552e-12,0.8705727668246488,0.17268706567061232,10.337315945840691,-1.4023615792194062,3.801338315768593
2021-12-10,4.700172448845768,0.0,0.8723886095052372,0.16910798258862503,10.368676887799685,-1.3857572184368816,3.7565158198009314
2021-12-17,4.716026547852144,2.9589614545321324e-12,0.8738060937676028,0.16656565683686175,10.387391934047411,-1.4023958049501786,3.721700620205444
2021-12-24,7.957628389598205,0.0,0.8762814563932131,0.16384445887680385,10.342687211043556,-1.3460118943834043,3.4289300864133287
2021-12-31,7.959347969760176,0.0,0.8763445807194462,0.16330589634899598,10.355146020606877,-1.3374337269017262,3.4508052634810555
2022-01-07,7.965770184499505,1.5685413404114718e-15,0.8759099249656582,0.1629961882766666,10.380952134364485,-1.3501364526402675,3.4901039957578224
2022-01-14,4.917083677515402,1.3806989255410823e-16,0.8734518922193355,0.16264239041400977,10.499153339750794,-1.3286733979438246,3.8814631341659944
2022-01-21,4.922688887815677,0.0,0.8740062626296072,0.16189943227823905,10.441659679557707,-1.3812715234965078,3.8727986206215057
2022-01-28,4.935976635229821,1.1747169868697768e-11,0.8732592512640808,0.16187441430237853,10.496496745618064,-1.5566969189484678,3.9825441592262534
2022-02-04,4.9443032933822355,3.39744245346456e-12,0.8735689274843565,0.16028315467823293,10.498138880208192,-1.4831063866097478,3.9885492967242313
2022-02-11,4.970341833938363,2.151062060643952e-12,0.8720078729044562,0.1603373566509363,10.643754970331308,-1.4272735843624649,4.109306958180691
2022-02-18,4.986874895714642,0.0,0.8703373332479334,0.1602263326427452,10.772309703166457,-1.351546744764223,4.240234380968147
2022-02-25,4.989595601953144,2.0526170224936395e-11,0.8683718424560263,0.16086207742668604,10.898907547921583,-1.5264232514634821,4.436874794259684
2022-03-04,1e-12,5.726351027818148e-12,0.861530547057268,0.1656790170631842,11.04663231966291,-1.6568014441436272,5.167055666353673
2022-03-11,1e-12,0.0,0.8471171688326078,0.18750126011261595,10.478986999483132,-1.7303109502614513,5.843717346460573
2022-03-18,1.0088973885085414e-12,0.0,0.8507306255957612,0.18169087803555292,10.301611974650013,-1.533938042216002,5.68155683006711
2022-03-25,1e-12,1.542488724510334e-11,0.8493242042550564,0.18290552242772598,10.376342128666261,-1.5013942675678336,5.765128465617506
2022-04-01,1e-12,1.2284351418638418e-11,0.8491208556242709,0.18223921745574567,10.23368221712579,-1.6841979929205033,5.843031324116622
2022-04-08,1e-12,2.0036088322589825e-13,0.8495562991293942,0.17890250085521348,10.248987615752553,-1.6242141358916726,5.891245462015779
2022-04-15,1.0423503294698686e-12,0.0,0.8491844018164187,0.17744194375210084,10.261998079983274,-1.6752200818931913,5.974942884521569
2022-04-22,1.0730889752938582e-12,1.3740190968630257e-11,0.8484019210342875,0.1761404918564493,10.218270697920385,-1.7558421440457046,6.093176759281618
2022-04-29,1e-12,5.342535183138682e-12,0.8465294282536409,0.17576384724073324,10.210483797025423,-1.8103647212160563,6.268303178690146
2022-05-06,1e-12,0.0,0.8434233466344077,0.1768894697020925,10.305604302897924,-1.86175480801432,6.499729964950211
2022-05-13,1e-12,1.0601258347294364e-12,0.8401904358278236,0.1781260222822279,10.39306627217717,-1.8961528292774859,6.73162984194412
2022-05-20,1.067268205023065e-12,0.0,0.83816309582082,0.17938752989761564,10.339517868335262,-1.9890771596004344,6.883764038321014
2022-05-27,1.0000127126528849e-12,2.5484077328860376e-16,0.8335446936526104,0.1819030576616467,10.369002880070811,-2.035754649911537,7.1922385239695625
2022-06-03,1e-12,4.291962858002991e-12,0.8330121631056217,0.18223111134324949,10.404688349891199,-1.9669462638867805,7.218188341309705
2022-06-10,1.038535878718579e-12,5.733186933200789e-13,0.8316879494780607,0.1839021025027428,10.348546525217534,-2.0078433591261016,7.268896351247886
2022-06-17,1e-12,0.0,0.8436917760586874,0.17672766217982397,10.630951734872294,-1.8345021797705072,6.41776461469532
2022-06-24,1e-12,0.0,0.83763624314586,0.18049135924535162,10.599495921338525,-1.9241639937495638,6.864646950291947
2022-07-01,1.0893654658834103e-12,0.0,0.8398047419793765,0.17826481242210998,10.484291589449823,-1.8120335139607655,6.664166975301033
2022-07-08,1.0036897046551453e-12,4.194544009932578e-12,0.8441867644740821,0.17570564069139818,10.394500533659048,-1.9080624709224514,6.421189194085633
2022-07-15,1.3087660666518754e-12,0.0,0.8382119556680102,0.17914406563294225,10.42433142166531,-1.9263008425974546,6.802108813847339
2022-07-22,1.0537280212867724e-12,0.0,0.840923978597373,0.17722869894214346,10.502460452025414,-2.0104441412627683,6.68048274522552
2022-07-29,1e-12,4.072587143572294e-13,0.8417550894696273,0.17528621377433076,10.533122766516303,-2.0171192701505185,6.668717203630946
2022-08-05,1e-12,2.7590409256459817e-12,0.8428376074631452,0.17399882703137837,10.451826900797718,-2.072238354364033,6.6423269758231855
2022-08-12,1.060375237983272e-12,0.0,0.8430684925569364,0.17221010360225572,10.515230981321405,-2.0258426734117356,6.667405657104496
2022-08-19,1.0327567609902422e-12,0.0,0.8424121427837297,0.17149949459288555,10.567882944443557,-2.0295384053871897,6.742212796928438
2022-08-26,1.008234472139978e-12,0.0,0.8418641976735001,0.17125446968297162,10.676800865476926,-2.1049703128192605,6.815023420896526
2022-09-02,1.0288869523702286e-12,0.0,0.8413330836365682,0.17113557386147174,10.781802788304134,-2.1941014127090943,6.882330966609558
2022-09-09,1.0342266885321807e-12,2.3240677639352163e-13,0.8414541217635819,0.16989033534738435,10.778316467444686,-2.0924324637299208,6.888272962568148
2022-09-16,1e-12,2.4520525594967484e-12,0.8415179784952915,0.16960906958827712,10.891892381845729,-2.0945591521157163,6.895488337997286
2022-09-23,1.014155844135207e-12,5.574767031613576e-13,0.8409125208856028,0.1695367135739413,10.75977506963397,-1.9263264499376633,6.912901349437708
2022-09-30,1e-12,3.584829670025361e-12,0.8418309207765232,0.17043594713655186,10.765311035141062,-2.0833312667895436,6.854197238513347
2022-10-07,1.0184634983501308e-12,0.0,0.8370754838336959,0.17361650063754425,10.82210062620766,-2.0514734673649104,7.1665513184984695
2022-10-14,1.0016590152238658e-12,9.881457095711335e-13,0.837458374217843,0.17248830217915553,10.8420013462288,-2.0119443547590103,7.158093262961245
2022-10-21,1.0252118941580895e-12,0.0,0.8361221316206007,0.17259852791085523,10.875373058837779,-2.0194249599067313,7.261741181689731
2022-10-28,1e-12,2.88807709590292e-12,0.8359310710477698,0.17176500817887091,10.987681903138673,-1.9748855985001257,7.297794298663234
2022-11-04,1e-12,1.7766387110458e-12,0.8360166617996568,0.17089809859134972,11.02591820435214,-1.905835322472573,7.296780498930684
2022-11-11,1.0821796981986922e-12,0.0,0.8376245838161887,0.16880547140387633,10.92577538393861,-1.7392269934873916,7.204046451355747
2022-11-18,1.0054795470512316e-12,2.1877956985534403e-13,0.8339298103438029,0.17383590469352841,11.010614341291694,-1.7475323542770063,7.356931449768925
2022-11-25,1.000648757187672e-12,0.0,0.8296266070394207,0.17631136867378097,11.019262669791967,-1.6406519488784577,7.618394185476343
2022-12-02,1.020202749386884e-12,2.617952654887394e-12,0.8276321663256724,0.17757106752980387,11.098271477566414,-1.59882228003934,7.735035124366955
2022-12-09,1e-12,0.0,0.82494097914022,0.17963251252071308,11.1638086118981,-1.656736363383931,7.899745272545091
2022-12-16,1.0595908562467353e-12,0.0,0.8230150046707014,0.1812589058192787,11.234520202601132,-1.6747806869189792,7.998437581413579
2022-12-23,1.0186687587540452e-12,1.6746270074443884e-13,0.82296442118168,0.18195719378543634,11.10260720329448,-1.580782275654286,7.950199799913054
2022-12-30,1.0055436309731603e-12,0.0,0.8190392761244457,0.18307452416756187,11.300810408754634,-1.5032347086116895,8.25272328379894
2023-01-06,1.0258662762402293e-12,3.6048336500610004e-13,0.8205662678410234,0.18479770757899805,11.162504400991413,-1.5871177591435461,8.06033190654911
2023-01-13,1.0140177653206205e-12,8.308420797476238e-13,0.8217590250829131,0.17752826711643788,11.110029310589688,-1.4854072906437525,8.275542487989808
2023-01-20,1.001112735983804e-12,0.0,0.8226048192252696,0.17888009342080516,10.970163288934781,-1.5759927953068984,8.171201265890486
2023-01-27,1.0710630020349744e-12,0.0,0.821806167387566,0.18040899899116292,10.992869451118933,-1.5574915317879368,8.16751084735348
2023-02-03,1.0246759868182823e-12,0.0,0.8217470867237195,0.178157504620922,10.982434612744592,-1.3916725353754742,8.234594315233847
2023-02-10,1e-12,1.1205376167254642e-12,0.8191028316110307,0.17988580614084254,11.061466121761224,-1.324251147278011,8.392608988236525
2023-02-17,1.072629517149812e-12,0.0,0.8206964865752439,0.1800841246508662,11.0690681984559,-1.2348065585748782,8.199192746983776
2023-02-24,1.0596779281233712e-12,0.0,0.8224341118129623,0.17802886182328795,10.974054160943389,-1.0369934455663803,8.080809372094608
2023-03-03,1e-12,0.0,0.8171526035180782,0.18339444976081085,11.1178667076324,-1.1488682054751713,8.403456451475185
2023-03-10,1.0011753794961575e-12,1.9838489501701872e-12,0.817582749998709,0.18237250622207848,11.161111781543328,-1.0287974907229724,8.362884318068758
2023-03-17,1.0017533839371321e-12,2.123471715934506e-12,0.8150491910658862,0.182612580507842,11.180246672791373,-1.2323536007045237,8.666063602178607
2023-03-24,1.4694478830224424e-12,6.374134342057972e-14,0.7993935193093514,0.19581670222411193,10.672470915302746,-1.364179938215577,9.843863438523078
2023-03-31,1.0563753243918968e-12,0.0,0.804369790932216,0.18901913668407422,10.55967960809494,-1.3097857611652197,9.611489117067942
2023-04-07,1e-12,2.0458937891211888e-14,0.8020393739930846,0.1903780405575092,10.657123357238623,-1.2632350854908008,9.762682808954787
2023-04-14,1.0120754825923335e-12,0.0,0.8037749725078319,0.18730057149489482,10.668977890900477,-1.2654069734165838,9.68903836904691
2023-04-21,1.0464670515494882e-12,3.836434114439447e-16,0.8044921355199365,0.18625028673609131,10.602689739562688,-1.1492598776604948,9.626696144910312
2023-04-28,1e-12,4.585075461884833e-13,0.8047152652609888,0.18375576003970212,10.527828514598001,-1.135477943345225,9.670535504529038
2023-05-05,1.0015739495170016e-12,6.024435433912302e-13,0.8087585941675013,0.18123329113210984,10.55365721694926,-1.0472970828121968,9.343280599735937
2023-05-12,1.041731074924774e-12,3.3608211595309513e-13,0.8054899488214364,0.18309240702707566,10.586038490738316,-1.030983585263861,9.576769454264475
2023-05-19,1e-12,0.0,0.8007782955422574,0.1865733008645953,10.575123543115296,-1.0408244124913413,9.836255523697314
2023-05-26,1.0147652026346122e-12,1.8760741998032947e-13,0.7981162640330679,0.18742517802248498,10.438208054547664,-0.9540845803854043,10.013596087547596
2023-06-02,1e-12,1.1662784493452142e-13,0.7926435956326826,0.193226504432596,10.568615321680596,-0.9800508289461426,10.31102590969175
2023-06-09,1.0062908757278196e-12,0.0,0.786007222098351,0.19753307545038665,10.592578848707593,-0.9884632651802802,10.716337333566731
2023-06-16,1e-12,4.558479043766715e-15,0.783384518813243,0.1989509595577427,10.634527025914622,-1.002932832273074,10.87621017813336
2023-06-23,1.0003809217216215e-12,0.0,0.782604452859499,0.19907780730194194,10.567777392736923,-0.9121551512000227,10.911724213286256
2023-06-30,1.0021657352080806e-12,4.518897227729082e-19,0.7792799628382492,0.2016706019523077,10.735637318250157,-0.9713396163520036,11.136730490234427
2023-07-07,1.0019392473327382e-12,3.8970104930687945e-14,0.7828038065804352,0.19900847304828392,10.791567300748849,-0.8949910304410653,10.920382116305355
2023-07-14,1.0068212760468093e-12,1.7905757244125922e-14,0.7810399924729083,0.20090696060982677,10.76960400245621,-0.9808789726048707,11.019270819429467
2023-07-21,1e-12,1.5202082354734353e-13,0.7817148626520305,0.20020284357508178,10.737204854225649,-0.9637977809220302,10.996371322850404
2023-07-28,1e-12,5.478693304219433e-14,0.7813624122058548,0.2001063533804927,10.745485992266492,-0.8649047167073524,10.99747539668635
2023-08-04,1.0188252950293771e-12,0.0,0.780673037108169,0.20118772900638782,10.687935726260463,-0.8877008929906619,11.024550618084595
2023-08-11,1.00303721118759e-12,2.3197292285545288e-14,0.7799031857357547,0.202613686116616,10.726219322797673,-0.9016303571715778,11.017618266924176
2023-08-18,1e-12,1.0998109535060674e-14,0.7796359882364038,0.20454342231740508,10.668640864009317,-0.9869976340231298,10.982043756324591
2023-08-25,1.004432746895882e-12,3.333793637703327e-14,0.7800280819532559,0.2052994773369122,10.611897556846671,-0.9660435497647452,10.906254672777987
2023-09-01,1.0010242075431536e-12,2.265057339191853e-14,0.7796962825088621,0.20644020583883657,10.64898776589724,-0.9980491158129665,10.882230003884743
2023-09-08,1e-12,0.0,0.784103090091184,0.20486439130094916,10.447304534951869,-0.8416451859043121,10.484714390098663
2023-09-15,1e-12,3.785088985139625e-14,0.7811561255456229,0.20619156107068073,10.598847102770385,-0.9888702503174674,10.750555224344241
2023-09-22,1.0039055301422795e-12,0.0,0.7828407815041936,0.20465942311860133,10.498283052494388,-0.7793544879607399,10.584036995785487
2023-09-29,1.0093358059816936e-12,0.0,0.7805751931273993,0.20894131646005906,10.609999955480246,-0.8127539532016959,10.645548605650875
2023-10-06,1.0025317522154316e-12,3.3156613862321894e-15,0.7841851861889516,0.20614748433729124,10.390742333502272,-0.6834679106941064,10.366011277376197
2023-10-13,1e-12,0.0,0.7851557797152764,0.2070865328960578,10.349078189804944,-0.663849787496957,10.238226318787508
2023-10-20,1.0015792705651429e-12,5.393463903306765e-15,0.7869747134095048,0.20680127001530998,10.29120311868231,-0.6508622877429663,10.067089463992755
2023-10-27,1e-12,2.5137180257703156e-14,0.7873034815760207,0.20695264104765568,10.306344998238863,-0.6772688574527016,10.03264507292298
2023-11-03,1e-12,8.768104072458639e-15,0.7904929154763323,0.20585507964227653,10.128810687615042,-0.7284204742146411,9.801283977950105
2023-11-10,1e-12,4.240170422339033e-15,0.7910634517374368,0.20441222667244638,10.199358504486735,-0.6772143182210623,9.784422167748517
2023-11-17,1e-12,2.132460897727885e-14,0.7940373186809896,0.20314361300495257,10.155145549642201,-0.6454406292004882,9.540521844517102
2023-11-24,1e-12,0.0,0.7918131795132146,0.20332547221972222,10.195889877317924,-0.6116413033544188,9.740647317760741
2023-12-01,1e-12,4.219708459536097e-14,0.7941710002823572,0.20277746713670725,10.17050768071502,-0.5657572753243318,9.516696924251047
2023-12-08,1.0018748259578253e-12,4.2481284106741765e-15,0.7939959479768711,0.20359613436895196,10.090320296751127,-0.46907647737526886,9.473290935283428
2023-12-15,1.0006993284705142e-12,7.487330618330288e-16,0.7920288316390984,0.2053028426965359,10.073677201644813,-0.45327454731030914,9.578882214238403
2023-12-22,1e-12,1.2340562042513245e-15,0.7965065014239029,0.20357276410863537,10.0769991369952,-0.4128410551110822,9.200019118505908
2023-12-29,1.0004495428500527e-12,0.0,0.7942175948314579,0.20664397737520002,9.958057233192758,-0.44174690480596607,9.296096756265468
2024-01-05,1.0009355209228332e-12,0.0,0.7973057249334266,0.20663866974951894,10.08688793771437,-0.4358666531263327,8.967978254600748
2024-01-12,1e-12,1.5730178190021334e-15,0.7964161999619402,0.20685568758896483,9.996279627150455,-0.27675124963685077,9.013341442673479
2024-01-19,1e-12,2.1468094752301572e-15,0.7997761755908064,0.20144012584042056,9.603833369727688,-0.38930162016731634,8.967084247104154
2024-01-26,1e-12,0.002495655952130927,0.7920691552561394,0.20616017249097435,13.966550771031942,-0.43102402366398046,8.831694487452005
2024-02-02,1e-12,0.010659158722245321,0.7490992079718788,0.24242381145045605,14.811663101965259,-0.5584899570838944,10.879675621997036
2024-02-09,1e-12,0.0038092110269320936,0.7903379263502224,0.20787917338979994,13.88965229295011,-0.3750867165670622,8.778911536148645
2024-02-16,1.0000000000457399e-12,0.003914043694619662,0.7907238866486342,0.2089081995352249,13.968351658000609,-0.44385714841547214,8.717925561812196
2024-02-23,1e-12,0.005029630439712263,0.7889098879735306,0.20793600353929792,14.034575355576942,-0.38849473290669445,8.770292910706612
2024-03-01,1.0000006886681345e-12,0.005414614814291527,0.7860311707569396,0.2080356220024597,14.01580818238178,-0.2747639677508813,8.959413604594925
2024-03-08,1.0000036744416881e-12,0.004571733491939832,0.790013918987159,0.20749506674279053,13.731129197416019,-0.23280329793348709,8.697554744762588
2024-03-15,1.0000005747985937e-12,0.004645658864076377,0.7883104397934272,0.2100866290037744,13.756191019986181,-0.17862441321661549,8.768663015138479
2024-03-22,1.0000001955046628e-12,0.0062194261433986394,0.78574769161573,0.2048936261126553,13.833107630470938,-0.051347417588589614,8.979403154166649
2024-03-29,1.000000192119186e-12,0.005928369860990125,0.7871698037142284,0.20339078321623633,13.942101442603883,0.026752730151156735,8.91440771022144
2024-04-05,1.0000002264074433e-12,0.006083960009942766,0.7874901632450602,0.2009139016134125,14.049512867142614,0.11762666986603315,8.91926289273146
2024-04-12,1.0000022085144108e-12,0.005108417107219969,0.7894361992707876,0.20111271563376318,14.067920688725422,0.17538553581578817,8.784089257744544
2024-04-19,1.0000011824368275e-12,0.0059238961229536365,0.7867150643093035,0.20165252159423555,14.243805542049227,0.0743206974086424,8.94944367364827
2024-04-26,1.0000007051093567e-12,0.00610887860063912,0.7861709612483837,0.20146401908635375,14.316169206414937,0.12397556191282329,8.949521260237962
2024-05-03,1.000000625015521e-12,0.007727456716093159,0.7803324497737948,0.2022468854977084,14.403183447726072,0.22375786870829387,9.264022329049384
2024-05-10,1.0000002119938589e-12,0.007780678917963993,0.7816820414357875,0.20177445135776464,14.325185870433673,0.18559672238092123,9.181180964641882
2024-05-17,1.0000028816485355e-12,0.0076555095269082996,0.7837858582179238,0.19734864739095354,14.173178745510372,0.25092475880674714,9.137857506374278
2024-05-24,1e-12,0.008196021913033985,0.7782209996749072,0.19790464098639862,14.323402013962658,0.31925284998150005,9.465265752864774
2024-05-31,1.0000048936117447e-12,0.009136604351331562,0.7745116215313369,0.19965933449825365,14.464192164884128,0.26963522779437815,9.633914378835708
2024-06-07,1.0000007954167714e-12,0.009570102209149103,0.7737772992047763,0.19963533379691495,14.181805399109791,0.2980984473415288,9.637102096477275
2024-06-14,1.0000029491641684e-12,0.007809513533359551,0.784729229745509,0.19569430549511344,14.140793153553311,0.28753512596082165,9.012011822401321
2024-06-21,1.0000001961393186e-12,0.010532703232382038,0.7590871643685031,0.20069526911114433,13.403421707051482,0.16757277745165913,10.878448726387614
2024-06-28,1.0000004888197227e-12,0.006688826659133856,0.7822370205871931,0.18939476158039067,12.986622320297492,0.2173157102114312,9.655955276485324
2024-07-05,1.0000029160048257e-12,0.01308554209069306,0.7564729550154464,0.19626104077997222,12.96361856536994,0.15322698792974768,11.028078330212725
2024-07-12,1e-12,0.013532067441568141,0.7564920833733751,0.1957868556628627,12.997192172846711,0.18652219143517992,11.001347269927026
2024-07-19,1.0000004761641974e-12,0.013461513641084553,0.7580402843252522,0.19376871693368325,12.844231136571638,0.18760470444628094,10.924828708828663
2024-07-26,1e-12,0.014138830177850104,0.7580161659510888,0.19203801437393708,12.766135909623737,0.18714188983707197,10.911143218226792
2024-08-02,1.000001207837861e-12,0.01459679716158005,0.7583397157925436,0.19086393300008414,12.625319113277207,0.1997178744379934,10.872163051229105
2024-08-09,1.0000006009203642e-12,0.008153136052360064,0.7770274399228839,0.18768174781456032,12.04639898276487,0.0889340909929325,10.120837554375312
2024-08-16,1.0000002951940418e-12,0.006838035840542924,0.784310660292621,0.18217269539971015,11.895963879342446,0.09557833789455647,9.783174352059712
2024-08-23,1.000001125731609e-12,0.006805918064521198,0.7850437505168015,0.18023953511512822,11.895877976616383,0.09566806727026417,9.783128150964815
2024-08-30,1.0000001372009718e-12,0.006811028964067512,0.7903854468874815,0.17588461899260605,11.594811072760068,0.16921520171879298,9.476433343583325
2024-09-06,1e-12,0.005143181685955494,0.7967486002031053,0.1750449061725977,11.482900010197557,0.19477130804886308,9.119320932715098
2024-09-13,1e-12,0.0072336228451881585,0.7914756294479529,0.17567232386711634,11.598505174550464,0.12290753513028777,9.37234280046937
2024-09-20,1.0000004402871572e-12,0.006539355385095205,0.7950993031256225,0.17337231124967575,11.594217450061675,0.14883017543016241,9.185458636330798
2024-09-27,1e-12,0.006166307486137135,0.7972303239938058,0.17187798986764413,11.626807778460892,0.1801865654658612,9.071110079827301
2024-10-04,1e-12,0.0063773662925095675,0.7976660095480117,0.17072921454907464,11.52520561418482,0.22012231957734868,9.035393163739109
2024-10-11,1.0000005716084762e-12,0.005361451327930904,0.8008717456019273,0.17048724463256887,11.637183265394873,0.18220337105161177,8.870329687210674
2024-10-18,1e-12,0.006522083107991255,0.796969581734736,0.17141887668733558,11.696034283919378,0.1835962350596882,9.04360079604894
2024-10-25,1.0000000113669944e-12,0.0071901694522390714,0.7955270700157355,0.17129665480469053,11.677748224422178,0.2389577489322307,9.089673990157069
2024-11-01,1e-12,0.0070553007515125775,0.797570952575703,0.17048459488557646,11.545320222352638,0.16595196800599515,8.981917052315275
2024-11-08,1e-12,0.010541704845266607,0.7936852771005071,0.16864968018623164,11.518960178772858,0.16698141526972698,9.102112785205563
2024-11-15,1.0000010372922547e-12,0.010438271182936165,0.7953057929793103,0.16769959618417016,11.58972777490948,0.08172528888839405,9.032282623404571
2024-11-22,1e-12,0.010316950143134808,0.7986322965586988,0.1654496391129769,11.398783757645214,0.07571596775682997,8.852060544620953
2024-11-29,1e-12,0.010976432764017025,0.7995428880139513,0.16368990377984055,11.581478731872638,-0.0010085809345761218,8.81301782169532
2024-12-06,1e-12,0.010636605373986086,0.8028115478649648,0.16139789142137104,11.516719584495409,-0.03802798121008088,8.647095960577735
2024-12-13,1e-12,0.009568378112279632,0.8038026506742008,0.1615749766816535,11.532964211590444,-0.010464392456302582,8.6559858751488
2024-12-20,1.0000002261785285e-12,0.00971305358580947,0.8052076591128718,0.15989484468401227,11.450936249486544,0.04774485963556483,8.569410271024255
2024-12-27,1.0000043799140537e-12,0.009384903978277875,0.8033836510991164,0.1616649059143221,11.652637594895118,-0.026258975052099103,8.696848166467301
2025-01-03,1.0000005859625533e-12,0.009513147853864926,0.8039749146113045,0.16111845551492102,11.558695500514807,-0.04732166777575886,8.651023616648171
2025-01-10,1.000004506592775e-12,0.01010079344620726,0.8034321576757508,0.16069984165005108,11.588801782130222,-0.032431848025186484,8.644393629102543
2025-01-17,1.000002185248004e-12,0.009976751971316316,0.8036271027320119,0.16013529780845936,11.567687577137963,0.08850976418486076,8.640187656566807
2025-01-24,1.0000008133169435e-12,0.009739861746144803,0.8037436786622362,0.15896065820670116,11.530872183226098,0.09588380669230694,8.712410816743176
2025-01-31,1.0000031246085878e-12,0.00995287022081252,0.8041107404333256,0.1586771077564941,11.608189184452659,0.13004089236527167,8.655648276835239
2025-02-07,1.0000053321961965e-12,0.00966965575861749,0.8038400143556652,0.1600341562775944,11.660816332092534,0.16451783463707864,8.624536861074485
2025-02-14,1.000000134934594e-12,0.010380231274739932,0.8049717551754312,0.15684964773510615,11.566156197867551,0.34530390060077204,8.57966781283961
2025-02-21,1e-12,0.011954162397068292,0.7940033830789194,0.16224297978156832,11.922474357290746,0.34445149857907265,9.178284143505214
2025-02-28,1.0000015696022603e-12,0.010186731430803555,0.8022302028527774,0.16072524157772547,11.641696580280762,0.3866050859375882,8.67081176603682
2025-03-07,1e-12,0.011468950000350283,0.8002383254723309,0.15800113968525875,11.664467424338559,0.5083314282234528,8.830236132308269
2025-03-14,1.0000008870267415e-12,0.014914761889705008,0.7911455275970891,0.1566303060207888,11.93475656781553,0.582706924777362,9.376081009390365
2025-03-21,1e-12,0.01238490398279582,0.7972900322887472,0.15767472891207218,11.840705219545713,0.5435270284058088,9.014438771641679
2025-03-28,1.0000001566194614e-12,0.010676270377716261,0.8020255264751199,0.15808137109695777,11.594848167021063,0.6528490325035177,8.715518509102202
2025-04-04,1e-12,0.012017595376327982,0.7934391723088924,0.1627628215761249,11.82001733637619,0.6087207864239582,9.158797180549834
2025-04-11,1.0000031414773223e-12,0.01479973855221887,0.7838782689686289,0.1556051415495322,10.13166188333081,0.507678434871075,10.2933352046083
2025-04-18,1e-12,0.013807079554502449,0.7911094456936979,0.15006067948249657,10.097424300090815,0.5340251670353592,9.926627012608447
2025-04-25,1.0000018555935583e-12,0.015185917827661837,0.7877420291881301,0.15166838920297984,10.081143071458614,0.4919747448016346,10.05562783650256
2025-05-02,1e-12,0.012596753286524251,0.790719753064587,0.15344458312124523,9.966118948638114,0.5951008103503536,9.914904678203973
2025-05-09,1.0000005989434916e-12,0.011962398313327117,0.7955521717594184,0.14939462039949986,9.76577693133394,0.6962583602394133,9.678456052661193
2025-05-16,1.0000014546633561e-12,0.011056510027608695,0.8011022377908211,0.14458026896083698,9.646942906651788,0.7821357436319257,9.427135114856698
2025-05-23,1e-12,0.011614388451670562,0.8057596110119367,0.1394944324406181,9.53197952111439,0.9009282524989979,9.140480713047836
2025-05-30,1e-12,0.011553816145836594,0.7974359608768462,0.14590063617228502,9.630897687969966,0.8673044415179504,9.60391762122347
2025-06-06,1e-12,0.013498812030934046,0.7949761966085254,0.14385428144040477,9.598482976190123,0.8397893273678215,9.70087014094309
2025-06-13,1.0000008738578236e-12,0.01436153668630788,0.7931222522861766,0.14320143266668062,9.594785456084177,0.8800627682282026,9.78454413141163
2025-06-20,1.000003246756849e-12,0.014018429396585803,0.7933016370759877,0.14402340358763194,9.516689352540784,0.7933457277507113,9.795929199797474
2025-06-27,1.0000001697738376e-12,0.017585382436093477,0.7914351591177853,0.14010943789018399,9.564074573048387,0.7795873431613912,9.805792107994064
