Date,Omega,Alpha,Beta,Eta,d,Mu
2015-04-24,23.06909996269123,0.0,0.8722026761421098,0.21827734738903604,10.146865593056711,1.0491036688245532
2015-05-01,23.06801612393258,0.0,0.8720308634558374,0.21850134114189496,10.23963980740301,1.0961821880857368
2015-05-08,23.090141352590457,8.1420603532803e-12,0.8711545210878485,0.22005086452185932,10.039457787158833,1.1489916044811068
2015-05-15,23.18232175006722,0.0,0.870592335557074,0.2209156912694649,9.987168793041084,1.2262123288451845
2015-05-22,23.564942168292262,0.0,0.8685010877805894,0.22499570867882093,9.966491371804281,1.233361034663172
2015-05-29,23.732022323294075,3.698262403855798e-13,0.8677657977248316,0.22609947874017391,9.94026608024254,1.2156992700172098
2015-06-05,23.73124020941951,1.0810392669853249e-12,0.868679096492654,0.22467294090304787,10.017909107513182,1.1400652306362067
2015-06-12,23.803942677930078,0.0,0.8689753649808872,0.2237042561896895,10.027381372677608,1.104409482504116
2015-06-19,23.900749282417976,1.460093022380996e-12,0.8689952467864673,0.22329607921287895,10.020625806288411,1.0753701105117515
2015-06-26,23.90923644299609,2.7524329750559865e-12,0.8691032849043386,0.22276505749323722,10.069473249501973,1.0700552468054167
2015-07-03,23.63065650846443,4.193545079508694e-11,0.8706833758340004,0.22045061212014488,10.089699473710697,1.108986321717225
2015-07-10,23.352396277351318,1.025389155849368e-11,0.8729126280755292,0.2172685242139459,10.158260730552957,1.0629345415310707
2015-07-17,23.081899080363566,1.108571000341228e-12,0.8736525429496198,0.2152614974776349,10.057037764925834,1.1351933659931257
2015-07-24,23.334323829162127,3.886361984915407e-11,0.8733936761496877,0.21616578299665729,10.014081128815647,1.1084079505025093
2015-07-31,23.21346633763589,5.814828153188258e-12,0.8736733408269028,0.21530729353873038,10.040561017497783,1.0927797858341588
2015-08-07,23.115092130121784,8.886115025916422e-12,0.8740906159499005,0.213930880830382,9.965595365673154,1.1284795137159458
2015-08-14,23.454684649123823,2.03598157073244e-17,0.8735249190036295,0.21469884383502116,9.983344133978227,1.1010695502837236
2015-08-21,23.454199048671562,1.140830162524725e-11,0.8737061481656718,0.21479739413820034,10.103428027500454,1.021378411395082
2015-08-28,23.778650659733387,5.0500856622226064e-14,0.8732498782382572,0.21706519699346785,10.189174929153467,0.9460509768028919
2015-09-04,23.568378030526492,4.819625401494102e-12,0.8742540126668699,0.21448709289330972,10.22375225052924,0.9563541082079882
2015-09-11,23.573328932690863,0.0,0.8736258832273881,0.2160821040444623,10.237973182729109,0.9815205782636035
2015-09-18,23.6188801463363,0.0,0.8748956316365161,0.21338826215517723,10.167598694221716,0.8963846549967034
2015-09-25,23.608845525535585,9.020606044564342e-12,0.8753718651452325,0.21213999318148302,10.221449804584477,0.8550770475707945
2015-10-02,23.609473857079646,3.971623945555021e-12,0.8758439388005043,0.21078764958186424,10.290403470832963,0.8353433435040446
2015-10-09,23.408304966813194,0.0,0.8764822971375376,0.20890130981348165,10.151565490307805,0.9023522438764032
2015-10-16,23.910398957122535,0.0,0.8750979706018959,0.21206842377534846,10.143894074963018,0.9172527322572438
2015-10-23,23.77175924579169,3.1472694484848756e-12,0.8756375916891141,0.21119438486554631,10.136397996303888,0.8407476724148611
2015-10-30,23.772860662550375,4.552544392848106e-12,0.8757293142173886,0.2103736783897414,10.170820457299607,0.8602985741226725
2015-11-06,24.028501966151573,1.5444075167494238e-12,0.8754944796179606,0.21081737229438993,10.254014189509348,0.790787898733916
2015-11-13,24.023140492237932,1.0498229405617429e-11,0.8753706763371385,0.21057599547097203,10.331436271220461,0.8174267803729157
2015-11-20,24.027412385266377,5.255273781363421e-12,0.8757025394787521,0.21067201837667107,10.473186388703184,0.7392820844082898
2015-11-27,24.173878767918552,0.0,0.8756365495197834,0.21118219347004977,10.34477462502003,0.6485289005257651
2015-12-04,24.329583909241816,6.305986538876902e-12,0.8755584710076626,0.21099718929092412,10.352631965938581,0.6085828587790979
2015-12-11,24.329584367005488,6.299680552338025e-12,0.8755923627086557,0.21096529175763162,10.352644783321393,0.608539676406051
2015-12-18,24.46560265827919,4.786103658384821e-12,0.8752922882096756,0.21258608693126374,10.55964171065513,0.5538051971858281
2015-12-25,24.45472260235759,0.0,0.8754224275686964,0.21216700764061777,10.614395064848363,0.5338404989758521
2016-01-01,23.74402912600158,6.687783545406787e-13,0.8766506647462969,0.20949150416332418,10.55411077120509,0.6171518964506315
2016-01-08,23.163686682963927,4.814820867054879e-12,0.8777071308151708,0.2071847797129837,10.320370893948244,0.7141563933939761
2016-01-15,23.41122135587293,0.0,0.8793997515092188,0.2064114583426353,9.706336313237612,0.5933468025525186
2016-01-22,22.623548406454077,0.0,0.8800565691470253,0.20446498686346654,10.418267343071342,0.5996514846170179
2016-01-29,22.24359902111398,8.815429268129232e-12,0.8803882453462276,0.20285889260747578,10.711304779863253,0.6817917459018337
2016-02-05,23.169699302033674,0.0,0.8803846033020513,0.203291975462201,10.629630896493978,0.5715335147270355
2016-02-12,22.970881489627534,0.0,0.8773947160609554,0.20946796345950203,10.787153448983268,0.610503284480702
2016-02-19,23.090160592189207,0.0,0.8774334171610819,0.2099687150019866,10.732192250225639,0.5443300104474251
2016-02-26,22.763126985258133,0.0,0.8789779421067905,0.20629615969076912,10.6740494806323,0.5796751891551234
2016-03-04,22.644516541649704,2.658883054874219e-13,0.8794944687534647,0.2050691891392302,10.767941070663868,0.5963670579221259
2016-03-11,22.50624607721282,0.0,0.8788298628102074,0.20693747747500396,10.716164340568998,0.6798287002993368
2016-03-18,22.50084690097986,1.1952533280633336e-12,0.8783289517035251,0.20837427997606825,10.784965808278317,0.733570310851227
2016-03-25,22.57947665804381,5.018910309486483e-16,0.8778530807281077,0.20984114618983787,10.858285544183014,0.6872206228668654
2016-04-01,22.568139920252495,1.926237601350905e-12,0.8778988597582642,0.2097916093710713,10.907205867469708,0.6875867640352319
2016-04-08,22.55844113405002,5.7627909003560205e-12,0.8782023304135462,0.20902850246168952,10.96309928140693,0.6881551344493997
2016-04-15,22.562729481582245,9.251430849760458e-12,0.8784736429091121,0.20866347724255432,10.944466962973712,0.6375008683373884
2016-04-22,22.558212897240676,5.46983290283532e-13,0.8780903047348594,0.21029793208170663,11.00739352317209,0.6369325902405907
2016-04-29,22.459901410213263,0.0,0.8783697169062932,0.20997611136437494,11.101218293343234,0.6371932079974597
2016-05-06,22.468629894804973,0.0,0.878608511307715,0.20940584997768075,11.219542701405576,0.6088792710402662
2016-05-13,22.48258083021755,0.0,0.8785291931093867,0.2103846999815804,11.390945160646297,0.5628687159526654
2016-05-20,22.467197071686147,0.0,0.8788672713217638,0.20897125761932617,11.346679662916035,0.5893065942821333
2016-05-27,22.460106687805602,4.853303303415517e-13,0.879043986545389,0.20818703363843113,11.386394826983922,0.5934860834373292
2016-06-03,22.244093077055986,2.296777815332076e-13,0.8789040199966609,0.2083577265355215,11.515472434578397,0.6485711589967302
2016-06-10,22.007594851860183,5.991989554889757e-13,0.8788411673453823,0.20903755193057985,11.496251260929483,0.6978131397742785
2016-06-17,22.165732554682574,5.164005056656042e-12,0.8790376089897611,0.2094314099174664,11.36635692543105,0.6656978799418347
2016-06-24,22.101423194048017,1.763989003465624e-12,0.8789220167513259,0.2085061752335066,11.664948373771951,0.6533351760202802
2016-07-01,22.096425519433332,1.958922571224837e-12,0.8776773549203922,0.21250038766024365,11.586000333968169,0.6897366111180614
2016-07-08,22.073518460282962,3.203461383367604e-12,0.877291341256691,0.2142425605133658,11.51813697851983,0.7219299880914533
2016-07-15,22.381438586572408,0.0,0.8762741734528873,0.21625400639278558,11.257048529464516,0.6876935948082413
2016-07-22,22.261329539644063,0.0,0.8762688917784345,0.21628824385912854,11.322836747815197,0.7234218044847311
2016-07-29,22.053405397669074,1.1654590744412695e-13,0.8777518262237036,0.2128746635927463,11.283862243697138,0.7142270018307423
2016-08-05,21.92075983944571,2.804184361037329e-13,0.8789372148435262,0.20984683196544918,11.312242034715199,0.7084112755110078
2016-08-12,21.91850715805203,2.2014340400616573e-12,0.8797023679514134,0.20790738840710044,11.31376088516336,0.6792823898100274
2016-08-19,21.714818684938777,2.9610096666194857e-13,0.8804842091055957,0.2059664700777545,11.366388201907792,0.712099886951489
2016-08-26,21.717414164203976,0.0,0.8808754871919893,0.20559185444736766,11.46467350725761,0.6616140569592291
2016-09-02,21.51825909011461,2.1626934386736618e-12,0.881482883356592,0.2044152047608856,11.59314938747444,0.6814086953918028
2016-09-09,21.25810629332544,5.837128407482248e-12,0.8820640195193197,0.203313137463254,11.680145924649372,0.730440318559796
2016-09-16,21.466345252689035,5.169089243802158e-12,0.8814133842708378,0.20399445503031993,11.685376314373347,0.7436864700013717
2016-09-23,21.05303193272399,9.137351518939593e-14,0.8830521559495269,0.20211744700930018,11.83244341021745,0.6940289801747554
2016-09-30,20.893010303760988,4.985672920688845e-12,0.8834243645373364,0.2007508804308836,11.720474522076241,0.7591172777781725
2016-10-07,21.260637777759786,5.43466152072657e-12,0.8825875913988751,0.20209170011181785,11.76892739366335,0.7264383031336638
2016-10-14,20.94014336687755,0.0,0.8833976230181666,0.19979149359656254,11.851570638300416,0.773001645592767
2016-10-21,20.94909740578546,0.0,0.8828830660756408,0.20022778280099346,11.644272035708754,0.8430499293018842
2016-10-28,21.194425645993704,8.95050396543026e-12,0.8816788893289523,0.2031796031704901,11.679596409940075,0.8811367814783477
2016-11-04,20.364108814208393,1.806121066680663e-12,0.8841934322501727,0.19744623893339303,11.746843666108896,0.9590215586458408
2016-11-11,20.222183152967926,0.0,0.8849424996517211,0.1965112274564144,11.873270723951094,0.924009574407225
2016-11-18,20.015125189607097,0.0,0.8853831988821992,0.19591804454015688,12.01342438874063,0.9247033188218206
2016-11-25,20.036635281812867,2.2525524997638617e-12,0.884833260867887,0.1965904175740726,11.922127224910971,0.9632942024886727
2016-12-02,20.307082097654785,1.0344955165061202e-12,0.8844781207763952,0.19678341242626868,11.806883731463262,0.9354741845268408
2016-12-09,20.316058972436256,3.4257683769739334e-12,0.8843105738767317,0.19648464498997434,11.904379345747472,0.9065997575965287
2016-12-16,19.26515778023446,1.4094938435607175e-12,0.8873171777378155,0.19319271399965682,11.432049694095872,1.0272609417204344
2016-12-23,19.16379330441603,3.3998072467567727e-15,0.8869609600020991,0.1933278924080926,11.396505031546395,1.1082771145435109
2016-12-30,18.2044610679155,4.9031869424516846e-12,0.8918637428979245,0.18182658366645787,11.903213904071425,1.1399163588568881
2017-01-06,17.40567208453714,4.545192655912149e-11,0.8946108228759911,0.17768496777348197,11.886694361941565,1.1592715803656373
2017-01-13,18.311047968233453,0.0,0.8890561738440071,0.19050548206128748,11.69072346966004,1.1543916827484735
2017-01-20,20.254641895165154,1.4297828791575497e-12,0.8806721946088877,0.20655943524731396,11.398676710507361,1.1109658269419334
2017-01-27,19.9376252626409,8.977732766126223e-13,0.8821239666976295,0.20363939030260586,11.463835332275538,1.0838496766433707
2017-02-03,19.448388220287676,0.0,0.8839318335259471,0.199790171024605,11.541412499378316,1.1261563544295716
2017-02-10,19.207642083932885,0.0,0.885057676406454,0.197755937179874,11.565146132104498,1.0943632752690344
2017-02-17,18.44492281434839,1.268885066509671e-12,0.8899123178987973,0.1894108016574148,11.60931859793038,1.0457173568408027
2017-02-24,18.02976542349416,0.0,0.8917809919233629,0.18554205980199623,11.621768386787915,1.0532665845370723
2017-03-03,17.840420441741625,9.19862091130282e-14,0.8930396583023454,0.18325604506983625,11.696912704687564,1.008913862123798
2017-03-10,17.48067636198935,0.0,0.8940159108691675,0.18225776338980895,11.774943988641798,1.073161542753142
2017-03-17,17.105776312705444,0.0,0.8953806220434838,0.17946276520160748,11.859912768210892,1.1244826467318274
2017-03-24,16.908807503019876,0.0,0.8963176805450713,0.17762363570825782,11.855839986163339,1.1152615193221576
2017-03-31,16.83831777725309,0.0,0.8964700539274496,0.17702444528933448,11.707844307791479,1.1384763767405799
2017-04-07,16.653708730537392,1.9265634320130473e-11,0.8966864754080974,0.17714042628273222,11.79149933413621,1.153521030997578
2017-04-14,16.90416088200399,0.0,0.8956070494100632,0.17900584472439204,11.73783575570873,1.1212131773611533
2017-04-21,16.675483580632815,4.801135799679976e-18,0.8976869364972008,0.17565802257098068,11.930003291262144,1.0516311911546972
2017-04-28,16.435483262600798,0.0,0.8984885393474026,0.17399724677416237,12.048425469287407,1.1041433575295336
2017-05-05,16.2507809703249,0.0,0.8990275646189159,0.17334398195546172,12.22042302247161,1.1607897218243213
2017-05-12,16.087578041631684,7.407022580972875e-13,0.899590059475181,0.1725364768708257,12.33828790837113,1.2073969717259694
2017-05-19,16.08234489163923,5.1303290226450696e-12,0.9000062851775367,0.17180614628088403,12.492979480465781,1.1645734005132766
2017-05-26,16.00663514029299,1.987684697585125e-15,0.90019005319725,0.17126682045276198,12.328634344229195,1.1903163396874736
2017-06-02,16.173287353278095,1.4076006695741657e-12,0.8993961164923941,0.17336795264716998,12.446369026078978,1.1643505167958044
2017-06-09,16.20286378926588,4.180847909823176e-12,0.8990855024416347,0.1739573190935126,12.352096421031254,1.1416982799515993
2017-06-16,16.19643858580068,0.0,0.8992424694311816,0.17382969982873334,12.270822583999273,1.1370957259660963
2017-06-23,16.208655158943305,4.5034704970445495e-13,0.8996672942251901,0.17321771474877715,12.340149414571751,1.0753740945496406
2017-06-30,16.17506237772664,0.0,0.9002403836853774,0.17186818417913985,12.404568125284413,1.0449168058157619
2017-07-07,16.048034594740365,3.993102461605383e-12,0.9006891885313321,0.1708215612012585,12.495535800885282,1.0646099102832511
2017-07-14,15.96711319267601,9.469321763086918e-12,0.9009869914135984,0.17018597444631056,12.638419210328038,1.1022915051261213
2017-07-21,15.965389253107398,6.6091029647352075e-12,0.9008150960230434,0.17024329019906131,12.639647349901349,1.1107084531253772
2017-07-28,16.057982777520547,6.559805204038648e-12,0.9008207073461239,0.17046155667581417,12.831907469141083,1.0595955480637156
2017-08-04,16.07633662878308,0.0,0.9007156513491023,0.1708316676040568,12.741991898341901,1.0554504294012643
2017-08-11,15.988248429578096,1.3784165656143812e-12,0.9005791736433565,0.17077004301597337,12.670881924334749,1.1130112945930948
2017-08-18,16.295266252122797,1.043544377214386e-11,0.900388019233977,0.1718648902055149,12.868846387487316,1.0182578146065793
2017-08-25,16.012603599499393,1.0632394606009982e-11,0.9012054538330682,0.16966886106080592,12.88170079452276,1.065559384147924
2017-09-01,16.112362845933237,4.0840686691845326e-12,0.9009820834566528,0.1702804355773267,12.930194554512761,1.0026677314477674
2017-09-08,16.00745421019407,6.104273998953982e-13,0.9009120875633612,0.17009528893236095,12.76769066410312,1.04992283461274
2017-09-15,16.173915455434418,1.0767186960961523e-11,0.900581722667867,0.1709965376621604,12.870650649615614,0.987155462098459
2017-09-22,15.815826382706904,6.9359620588836825e-12,0.9011736414762195,0.16924459835711705,12.823611054922774,1.1317916558362522
2017-09-29,15.677762173337,0.0,0.9013934996160676,0.16871255312573458,12.522767780020187,1.1930899777804562
2017-10-06,15.357418731083818,4.900768050354588e-13,0.9029830975587605,0.1648845292293815,12.571951347903713,1.2315391400990374
2017-10-13,15.32239939509,0.0,0.9032789079717456,0.163396246637524,12.884864161487439,1.211007165142181
2017-10-20,15.429536851460544,0.0,0.9028979855146285,0.1642636692701356,13.018623493948292,1.1694567435718421
2017-10-27,15.358576291753671,0.0,0.9023508768958012,0.16502791049956214,12.920924792285085,1.2389029145155992
2017-11-03,15.324502441132974,2.8157333721085862e-12,0.9014763947026575,0.16776719183853875,12.889041765836922,1.243336285752475
2017-11-10,15.135764826211295,3.7521248468996854e-12,0.9028761326114968,0.1637910561585739,12.689962112713635,1.2638411419549531
2017-11-17,15.219954092983603,0.0,0.9024399359274956,0.16453687781434664,12.738655173843165,1.2289396149708673
2017-11-24,15.491982994850087,0.0,0.9014328067143794,0.1663620885694698,12.543609602690164,1.1824090890040744
2017-12-01,15.367402673094478,0.0,0.901549857726333,0.16603512933740833,12.589984409743417,1.191267903493692
2017-12-08,15.402595300414529,0.0,0.9014136726795469,0.16656853113813075,12.575281343384098,1.1368397722666481
2017-12-15,15.308751993649881,2.0958855464487086e-12,0.9019216101248284,0.16520885637903854,12.688146706462595,1.2317519564387147
2017-12-22,15.32488827082405,4.096367999179065e-14,0.9021824115447226,0.16501924795627423,12.70327917337433,1.198715420522829
2017-12-29,15.1377832104541,5.76426090828809e-13,0.9025900185424955,0.16427818103372627,12.713115731683999,1.204360110444466
2018-01-05,15.28482416140798,1.242740619251952e-13,0.9019563273243413,0.16519456076449976,12.549869861603813,1.2041619131587358
2018-01-12,14.78307890299714,0.0,0.903634280208052,0.16266809430464524,12.761225602299836,1.2829794882745598
2018-01-19,15.489260839127331,0.0,0.9010339009039748,0.1664916247497416,12.434925513212468,1.4104971242882876
2018-01-26,14.879201287328035,0.0,0.9026543850046387,0.16499073563389763,12.593064032836729,1.3841551896606217
2018-02-02,16.004284705886295,2.4248583890206436e-12,0.8971214356831223,0.17516617776788626,12.095898925956078,1.4053795840046017
2018-02-09,16.03596782556792,9.621514634664583e-13,0.8991641713345127,0.1712556774014991,12.291548630919483,1.3328226503901872
2018-02-16,16.29085606860898,2.2052963631156456e-12,0.8995830540468155,0.17106467288551747,12.481673328983408,1.2637428170199625
2018-02-23,16.011701553195063,2.1382053937154414e-12,0.9007888772821266,0.16841995469361692,12.520714897053615,1.2813420095874013
2018-03-02,15.66392705615125,1.0494974170538222e-12,0.9024400786742843,0.16512487489017694,12.546742224493405,1.267885621593497
2018-03-09,15.659341444710732,5.764268293058163e-13,0.9030345966437718,0.16436113978585198,12.583239994613612,1.203723020300281
2018-03-16,15.361248412996531,6.705408180304067e-13,0.9044501374295358,0.1614577912300144,12.6298155048423,1.1982386536215206
2018-03-23,15.06636820218117,1.3921230623863906e-12,0.9056137167255116,0.15911311602610584,12.509842333627123,1.2177653401594273
2018-03-30,15.117329701783273,4.959323125580089e-12,0.9057681038209202,0.15996350106083776,12.712760401800956,1.178612942193523
2018-04-06,15.206802818136525,0.0,0.9052936628382912,0.1605408924943916,12.645571647927664,1.1833978611996006
2018-04-13,15.183480676263606,0.0,0.9054252436151707,0.15983719244235708,12.549821003086686,1.1965545378573312
2018-04-20,14.919659102488787,1.3468444380378676e-12,0.9066321315005551,0.15757978749568333,12.501513543571733,1.1919506668075437
2018-04-27,14.814030468547557,0.0,0.9069180138998182,0.15673165618824741,12.565824290979844,1.2204828773420426
2018-05-04,14.639982085198895,0.0,0.9075932114005922,0.15531615657135184,12.52151736531578,1.2310152695540086
2018-05-11,14.351974936677948,1.587562123431561e-12,0.908595420506,0.15349360888481006,12.396902334843919,1.2644882657289762
2018-05-18,14.131120421654652,5.0034946587215015e-12,0.909084641039641,0.15286406982403192,12.506716340469026,1.2895316876547231
2018-05-25,14.932853765742149,2.3729813743685666e-12,0.906131555143644,0.15856557414782085,12.402964594108187,1.214126174409374
2018-06-01,14.95793480303075,1.0998099046381046e-12,0.9064336175379948,0.15857725707890036,12.559649306478015,1.1531619902484849
2018-06-08,15.281596822577885,3.3710670608611282e-12,0.9051899364275774,0.16144261345994812,12.737188062277061,1.102779663721508
2018-06-15,15.094708816342761,4.735106394354561e-13,0.9062749599953632,0.15909555700387518,12.79147058055872,1.101058459003662
2018-06-22,14.783660266466791,3.0710576913965457e-12,0.9075439234901601,0.15641042291254442,12.59870892570395,1.1502915865243613
2018-06-29,14.078924163631246,1.9086656929582306e-12,0.9112743889543312,0.14950461486717193,12.735321833168776,1.1676355602944655
2018-07-06,15.202430535581072,1.5593811597789423e-16,0.9060164567083913,0.15962549860116163,12.206531474796071,1.0593376185976036
2018-07-13,14.878897233919858,0.0,0.9073146234612218,0.1568916858299798,12.115822433049628,1.1192405647281516
2018-07-20,14.473576579866181,4.546503401147575e-12,0.9093014313159459,0.15391515987931886,12.269696061368512,1.1054212908251084
2018-07-27,15.135352706802834,0.0,0.9060706229546944,0.15994469020703483,12.00192823686722,1.0439066167439834
2018-08-03,14.853866676273796,1.287594401602429e-12,0.9073360002536508,0.1576508594418213,12.114636531418158,1.0768192149974576
2018-08-10,14.64412903980604,0.0,0.9086186569188952,0.15500250407846478,12.208066660621851,1.0607831572633921
2018-08-17,14.55029965963319,2.0648087233130713e-13,0.90968887909834,0.15331465929409732,12.392879686086374,1.0031594701337787
2018-08-24,14.514295129240464,0.0,0.9102979450519787,0.15235853834608626,12.608560223985705,0.9673630755347837
2018-08-31,14.311365405233802,4.269020347590354e-12,0.9114847108516262,0.14991381249319283,12.633554894761465,0.960221141310522
2018-09-07,14.18231910133574,1.559399544451047e-13,0.9121771991537759,0.1484989995887621,12.554926543988685,0.976791196627158
2018-09-14,13.990781983993278,1.9605225118002703e-12,0.9136457207206801,0.14575168881240655,12.632058152481786,0.9730897729423365
2018-09-21,14.330953187023649,0.0,0.9116071270810335,0.1498081799081844,12.306191199990975,0.9295734994552602
2018-09-28,14.160654838292675,0.0,0.9124447838713259,0.14833466829336153,12.46320440428462,0.9668836464626609
2018-10-05,14.17259224790034,4.907776927589945e-13,0.913238271621412,0.14751128255195883,12.611521985007007,0.8881575991318951
2018-10-12,14.015134460782908,1.5711221502985206e-12,0.9142572432944668,0.14530578245387396,12.603156854734419,0.8965081472246672
2018-10-19,13.98744885355957,3.0542486375590827e-12,0.9147540518655933,0.14433023227197592,12.761975635703685,0.8940938909095932
2018-10-26,14.049103554047482,1.3073509554044284e-14,0.9147885520191847,0.14435224709137776,12.768105433383747,0.8378742680320094
2018-11-02,14.10740976040922,7.370078446213404e-12,0.9147037046229085,0.1447649199255102,12.943525912589868,0.7937902538913985
2018-11-09,14.078359090872606,0.0,0.9146679615786477,0.1446928278262848,13.0971469654193,0.8423358502802282
2018-11-16,14.069959770756435,2.245663123399647e-13,0.9152293662137014,0.1434967357401629,13.074755817008665,0.8007793535422592
2018-11-23,14.029987672598606,1.5021483736848853e-12,0.9153849353983495,0.14304393428978834,13.073172391079568,0.8103076724091808
2018-11-30,14.099497716022103,5.806509591141461e-12,0.9158422706827661,0.14229209560468561,13.012297684227066,0.7371018691398629
2018-12-07,14.058794490814902,3.4232592188207173e-12,0.9156757871821977,0.14227126728435338,13.001973441972181,0.7606704008975361
2018-12-14,14.063150410454007,7.430410370761865e-13,0.9156068657594212,0.14293177826304054,13.107687317126123,0.7662924567169952
2018-12-21,14.03612555609196,9.908285427586045e-12,0.916415413653519,0.14129750475808378,13.033874984609824,0.7158099007193066
2018-12-28,14.147862277605546,0.0,0.9152604893840293,0.1440088091622233,13.090207292568545,0.7157671364623339
2019-01-04,14.091179044105651,0.0,0.916383477093486,0.1418049852335182,12.977881738482942,0.6569241099712427
2019-01-11,14.015892334420696,2.4950153265394677e-12,0.9157145951878364,0.14279547730870876,12.855863594915478,0.7714089103069733
2019-01-18,13.838448151413367,9.573870857119982e-12,0.9175937060453059,0.1391925731052655,13.04102509132652,0.8101976387629075
2019-01-25,14.642827479334391,4.935830162144391e-14,0.9122548472714042,0.14963475114149163,12.667549665700738,0.7332697902144258
2019-02-01,14.535154378768933,3.12250060637089e-12,0.9131743279354464,0.14759691213472514,12.701266604702818,0.7217181055331227
2019-02-08,14.433149763483783,1.3678452512916225e-12,0.9137802835394395,0.14705044230787492,12.782119586423969,0.7144780497221574
2019-02-15,14.28414687267315,1.3262302081122978e-12,0.91528278843278,0.14429573758630043,12.714205510375681,0.6666462306087129
2019-02-22,14.565399204343658,0.0,0.9139622613127596,0.14696887317449883,12.639890491252464,0.640826275608812
2019-03-01,14.419147783488425,2.4420360147711016e-12,0.9150909543424538,0.1443796330380112,12.68238063619629,0.6466891386950591
2019-03-08,14.18305853095715,2.8065736178482763e-12,0.9157396294524582,0.14314821087538127,12.733201198767334,0.7417179209776503
2019-03-15,14.203264496341289,2.1026307069968998e-12,0.9163272939943897,0.14302128697605726,12.821427245170161,0.6657730139566722
2019-03-22,14.492107758872251,0.0,0.9149489639319,0.14594969804354155,12.738250276496245,0.6327612490305408
2019-03-29,14.491679349104034,2.2689687659311446e-12,0.9155448859675231,0.14486423009564445,12.938059918988753,0.6005994777708807
2019-04-05,14.384709700325262,9.574554286687611e-13,0.916689573638301,0.14228783280232593,12.98528421448716,0.5900672206493115
2019-04-12,14.33477957093331,2.378580877096632e-12,0.9169483344901898,0.14171134692778078,13.167838750194399,0.6211880380582487
2019-04-19,14.356768789569129,3.2587937303621598e-12,0.9174666899018808,0.1407704029475592,13.084801742854426,0.5766330148154503
2019-04-26,14.359758465699393,0.0,0.917955312746374,0.13949053287806204,13.176213925576139,0.5769879020556387
2019-05-03,14.469676966717529,6.882944982049513e-13,0.9182747806986754,0.13906306115618436,13.312207082564171,0.4958283159851098
2019-05-10,14.541379192489156,9.970273694776424e-13,0.9186667652012125,0.1380202272528772,13.325813257326722,0.45549923891854466
2019-05-17,14.494523236917074,7.582295693922215e-12,0.9188821400091685,0.13818776568908442,13.310064484902332,0.47326991795177825
2019-05-24,14.530710942878999,0.0,0.919390614366077,0.13687399117202112,13.38958661234322,0.47840313779611077
2019-05-31,14.740220096156179,4.0719074463821215e-12,0.9182264721236881,0.13933008326727797,13.45745163422306,0.42587188060250863
2019-06-07,14.787763032172329,4.284559436385693e-12,0.9185937671442291,0.13858085536177986,13.581693541631452,0.3741315990942628
2019-06-14,14.70830037632981,0.0,0.9192177367131101,0.13696679094592923,13.602215815815287,0.3909711227150322
2019-06-21,14.746927294200612,0.0,0.9196724815487679,0.13594532508049317,13.591289821468816,0.3375515957846814
2019-06-28,14.550633596068534,7.47774335296239e-12,0.9198374295245171,0.13514705343322714,13.327355543237069,0.4574135041525273
2019-07-05,14.281139695469989,2.367534529006129e-12,0.9210366423633289,0.13269000111052554,13.340945773829036,0.5571965417711597
2019-07-12,14.840961900110534,1.6407524596569912e-12,0.9173199461217002,0.13978438418484077,13.257333373712124,0.5875508664875481
2019-07-19,15.414085048359448,1.1319743961469204e-12,0.9155230046874482,0.14320209764217343,12.956004124566112,0.49209940010427095
2019-07-26,15.429332248572386,0.0,0.9163397310638461,0.14165813462059826,13.062165233946924,0.42132388924729247
2019-08-02,15.346298331153452,0.0,0.9169911340292575,0.13993490773416,13.078604991944015,0.4542604960830186
2019-08-09,15.183717241853865,1.0325253536763727e-13,0.9184343231941567,0.13809570892102546,13.279149219373133,0.39017411095182136
2019-08-16,15.20902285565226,2.905884249134678e-13,0.9182488316432762,0.13834005158905235,13.141920649973114,0.43512331788142944
2019-08-23,14.9098149074263,9.529300768899253e-12,0.9192442147717879,0.13648432395514312,13.157947539513748,0.5194696678878113
2019-08-30,15.613865357898028,1.6756518396557606e-12,0.9158365217199343,0.14278454342186636,12.90100031634919,0.5391460703398225
2019-09-06,15.910692037396084,2.5483282687261337e-12,0.9147659412914103,0.14453475100880653,12.840504968976742,0.5432223704867913
2019-09-13,15.932378994075018,1.187880181968137e-12,0.9150729717736638,0.14374200713703664,12.959794017931433,0.5482903463563207
2019-09-20,15.712456262789008,6.122862990610029e-12,0.9162049983675732,0.1422616112696155,13.052539697324974,0.5705145083790757
2019-09-27,15.71034774584946,4.513710518418469e-12,0.9170286728801531,0.14034064837783733,13.122436900574453,0.5386124895154661
2019-10-04,15.746186819380005,2.021054077013164e-12,0.9177757050374508,0.1388244778128168,13.261139808423668,0.4768010020297743
2019-10-11,15.720461637293885,0.0,0.9185552860655245,0.1373883681931671,13.44179459782937,0.4560134368784826
2019-10-18,15.48342621638645,7.43695082771892e-12,0.9190857289127204,0.13657400714050222,13.60166195832048,0.5628941805693978
2019-10-25,15.45468339100039,0.0,0.9191404098957964,0.1360829244372648,13.634558797012382,0.626258192395005
2019-11-01,15.424650219475922,1.9743780071136475e-11,0.9190490122587722,0.13578602210960364,13.506961756598962,0.7127847582736289
2019-11-08,15.371654000139074,0.0,0.9192465952480802,0.13527543837729744,13.595459590996382,0.7597553779587494
2019-11-15,15.643590907039393,7.616553153525406e-12,0.9181522783502697,0.13766697543117853,13.547417264088843,0.7451214961331492
2019-11-22,15.82102981291171,0.0,0.9176174705651314,0.13836978493715507,13.382301901973854,0.7603266309599193
2019-11-29,15.520686531665326,9.872400475195413e-12,0.9183253323528676,0.13668739387130122,13.466663967833938,0.8907735810921853
2019-12-06,16.388741375549913,2.961742539586126e-11,0.9154684090769301,0.14208951256275804,13.27509129272336,0.7600408155275769
2019-12-13,16.7071652550613,9.957075467051368e-14,0.9151118727877716,0.14268275196499902,13.092294210578125,0.6718798279778262
2019-12-20,16.707138425077684,3.493230920966408e-12,0.9159273636722258,0.1409361251401507,13.093576699414905,0.6526309104561497
2019-12-27,16.572196920172814,1.2173183726507368e-12,0.9168809143133652,0.13868774212312507,13.23829852437709,0.7039804937585153
2020-01-03,16.774354049687492,0.0,0.9171363062144263,0.13816250396746158,13.198612436890564,0.6176897108828585
2020-01-10,16.82670624911427,2.5705009462040406e-11,0.9171504668095758,0.13757532204876177,13.170198372956513,0.6676671601540346
2020-01-17,17.05060759024101,9.580154399425783e-12,0.9168457428152482,0.13802921380159122,13.124838486042211,0.6285417537512015
2020-01-24,17.591798851149726,1.1634661402690397e-11,0.9161330650887856,0.13931668696811758,13.136743471781369,0.491619178124992
2020-01-31,17.715440432604897,2.342457127767253e-11,0.9169278653913705,0.13753236192199525,13.303152136599103,0.4530073935607564
2020-02-07,17.939021405708377,4.371409584267958e-11,0.9171431523525002,0.1368446270517168,13.414768738544083,0.39861108115338884
2020-02-14,17.88002571838209,7.997687170634672e-12,0.9194846665804749,0.13295184521494843,12.885145025095994,0.49357806620287203
2020-02-21,18.1820475198438,0.0,0.9194576903045666,0.13284192150516816,12.778352176586466,0.4172306594487757
2020-02-28,18.51955608969736,0.0,0.919878180564004,0.13180357612984442,12.953236682520958,0.3230801566198057
2020-03-06,19.01162937498915,7.359956533778765e-12,0.9224366069612435,0.12960706019566703,10.297449852276454,0.36266049975783055
2020-03-13,20.250065836153453,3.4417371189807866e-12,0.9188614436605534,0.13671267651292932,10.395761260357311,0.26525860367906906
2020-03-20,22.878529160347952,7.181254305543686e-13,0.9093636556941738,0.15766279985347753,9.924965037010614,0.14769706901179822
2020-03-27,22.88419704769843,3.0092738864785854e-12,0.9106431581961738,0.15424766372933704,9.977800599658426,0.15521046174300857
2020-04-03,23.03644748089927,3.565916435416288e-12,0.911522569898658,0.151843745605075,10.023829365671803,0.12338172409975703
2020-04-10,23.734494943354246,7.232211060891808e-13,0.9103506052771372,0.15436764256551483,10.062941587424485,-0.0018842009618298024
2020-04-17,24.026052621764816,6.416685683648064e-16,0.9103550007019234,0.15379501427554956,10.161268871087586,-0.020420831037190428
2020-04-24,24.44300533319585,1.9156235795807795e-12,0.9105858723497162,0.15343732967949442,10.091595135450717,-0.16306982316410157
2020-05-01,24.547773079972266,3.2619012287602423e-12,0.9114898087899252,0.15050717013636475,10.087827803691606,-0.1145241354585313
2020-05-08,24.95444470743782,2.2377169044775276e-12,0.9113203014035742,0.1500856923003958,10.1860011806468,-0.11993275060200002
2020-05-15,24.971821607368362,0.0,0.9119022553733509,0.14819020549859924,10.202652044184024,-0.09622473592918676
2020-05-22,25.48154660443249,3.186893152770925e-12,0.9118870530479717,0.14817952733713896,10.139759969922887,-0.2354457845487114
2020-05-29,26.08073634878302,1.4328133734100428e-13,0.9119074498343622,0.14777789890410464,10.056117239015089,-0.3624319980252766
2020-06-05,26.52218234410764,0.0,0.9115798181207139,0.1476212326893694,10.156986790282797,-0.34765948957035664
2020-06-12,26.52637519998751,2.470035003633818e-12,0.9109855401444483,0.1497094209356443,10.256947885251119,-0.3245452775493529
2020-06-19,27.02045467019509,2.481799868396782e-12,0.910689281039292,0.1506976496259347,10.274390005008051,-0.4735707183057646
2020-06-26,27.414413590451733,1.0469755610040372e-15,0.910596421310002,0.14956520904604226,10.249355313321619,-0.4104501790696598
2020-07-03,27.96082384829705,6.669204794557995e-12,0.910118034163247,0.149045374168545,10.229189231542234,-0.3249203057397738
2020-07-10,28.620629093592033,1.863913267190631e-13,0.9093535162553892,0.14967667800207496,10.278033217265932,-0.3467275918901598
2020-07-17,29.110211355784028,6.201172365990298e-13,0.9086645624564079,0.15005324308017012,10.286751713574759,-0.34547294194336137
2020-07-24,29.920270854032236,9.535798816355698e-12,0.9078962846514266,0.1508686609485845,10.250271343908384,-0.4453498816035727
2020-07-31,30.179796442990973,1.0747636097927401e-11,0.9072956002857288,0.15091390724046944,10.119043771352693,-0.3093611985070411
2020-08-07,29.95997768150724,8.324242900409288e-12,0.9076873019315054,0.15038978999141916,10.245184436679892,-0.20957731840409582
2020-08-14,30.344598033899118,5.778157150592082e-13,0.9063770738375203,0.15237528311715504,10.063209346705932,-0.14319076378464185
2020-08-21,31.435386706026748,3.966437861266051e-12,0.9049562700148625,0.15437112655553908,9.993782862452514,-0.20101335206399834
2020-08-28,32.47296840348277,4.112509783035283e-13,0.9035116634433059,0.15619176305560267,9.99979379183841,-0.2642630384518741
2020-09-04,33.03922200892247,0.0,0.9033954391814703,0.1556396563197594,10.047012787048903,-0.29933209793887366
2020-09-11,34.30289092315936,2.3203770685979878e-12,0.902197743329302,0.15628500153409847,10.10543903326218,-0.34233674555178845
2020-09-18,35.64968368044547,0.0,0.9008321446972007,0.15732718992286002,10.152230781456648,-0.40103879949211885
2020-09-25,36.59521390153147,1.3460234463443936e-17,0.9001114563030428,0.15791072157219535,10.210454804210887,-0.49297329049088223
2020-10-02,35.77258377025159,0.0,0.9022490284503601,0.15566951089975378,10.259152648851835,-0.6126241870485305
2020-10-09,36.36602483812199,4.061436582379458e-13,0.9018423444593212,0.1549490795966123,10.259108341294091,-0.5387574524533614
2020-10-16,36.93932136969706,1.3406841104554842e-17,0.9015053161028445,0.15519873101450285,10.317398752534512,-0.5785283140986284
2020-10-23,37.39470267635474,0.0,0.9009466015444422,0.15557258243225675,10.374230028857344,-0.5894390845016161
2020-10-30,38.27849854573891,1.034571137938604e-11,0.9002635784167471,0.15640306277145735,10.293333471332076,-0.6994942197683103
2020-11-06,38.70996862095329,5.323995090099337e-13,0.900377800923153,0.15671471400622697,10.310888282004194,-0.8524114413650595
2020-11-13,39.18157589532777,2.923528423078565e-12,0.9000582390945481,0.15658221394164631,10.432963490627488,-0.8264739535304627
2020-11-20,36.49771299923945,6.4976199115725664e-12,0.9035310331498012,0.1543306997847,10.159623004645454,-0.7107060391300406
2020-11-27,37.39444899131533,0.0,0.9026539631291102,0.15533462309482998,10.178100660387901,-0.7815241971341853
2020-12-04,36.96204421796697,8.464480667100781e-13,0.903119582266428,0.15452314603159212,10.285155184177123,-0.7226796931393261
2020-12-11,36.37248531976952,2.8872018845181152e-12,0.9033467769847742,0.15380021503205665,10.177630320969582,-0.5183245077792797
2020-12-18,37.52161039374515,0.0,0.9034565102430145,0.15273055880236322,10.25138102703142,-0.6132792325526998
2020-12-25,36.57889737311242,3.937294685112679e-12,0.9035580236118286,0.15452370180982783,10.080850321883151,-0.7797133752586292
2021-01-01,37.675855298113575,3.800616750043701e-12,0.9023517907850139,0.15522072634965733,10.117682233435888,-0.760656986611952
2021-01-08,38.70384684549908,1.091893058332319e-11,0.901048826808763,0.15620970116547972,10.154503291532302,-0.7352880292104014
2021-01-15,38.697859196830024,8.08299510356558e-12,0.9015054449100236,0.15601543907606677,10.107435149471389,-0.8309059890529236
2021-01-22,39.585710655385235,7.418367551419912e-12,0.9003878308024845,0.15699074877965788,10.155386889712842,-0.8222580254331275
2021-01-29,39.58571801792518,7.423805306945417e-12,0.9003139418060535,0.15693310031705773,10.155410179666132,-0.8222530910389977
2021-02-05,39.598370668416976,4.542392805786131e-12,0.9004137040838415,0.15637892992632282,10.189168506923595,-0.730743127079016
2021-02-12,38.87999127188781,0.0,0.9023923100120183,0.15298653020539602,10.262474428549387,-0.5646243943382133
2021-02-19,38.49801581856561,2.3021053722894026e-11,0.9019327764620755,0.15575722065386494,10.140747177881192,-0.7884863403063613
2021-02-26,39.13220760326273,1.3041616846876045e-11,0.9017400061831341,0.1557466111254935,10.113097259534452,-0.8503508703913417
2021-03-05,40.60115994510768,0.0,0.9002447077051501,0.15694398709825355,10.161817932962759,-0.8675955520469145
2021-03-12,41.3404154617248,4.618774921839313e-12,0.8999403404810864,0.15666317025382556,10.23808028070884,-0.8822243462835757
2021-03-19,41.340505069926614,4.539830951283349e-12,0.8998326312374828,0.156693724628216,10.238214919976192,-0.8821920737210093
2021-03-26,44.24324820456558,0.0,0.8963587435163464,0.16024659829004187,10.337875545855297,-0.8627279550682941
2021-04-02,45.96332049827639,0.0,0.8941401781996443,0.16323862949674675,10.33617970254388,-0.9392501951631667
2021-04-09,47.06552297146151,1.6885131335847323e-13,0.8923591127642392,0.16632085638348704,10.26561621981418,-1.0342276075400818
2021-04-16,48.36979090170806,0.0,0.8902924463191269,0.16902537875419832,10.327393783623393,-1.0355863080729992
2021-04-23,49.30356420153836,7.723866643763244e-16,0.8885671274641869,0.17234541131554287,10.245072344177743,-1.1318466821538054
2021-04-30,49.312380363960266,5.385924246458803e-12,0.8887784484414669,0.17236012831883926,10.33999290549187,-1.225645513501604
2021-05-07,47.160850125599794,1.835866699841225e-12,0.8929114341658404,0.16521853185828916,10.2285489114952,-0.9593047671200514
2021-05-14,47.160730931159414,4.997061169012249e-12,0.8939762445309261,0.16294803588147813,10.297264691444909,-1.077277449956194
2021-05-21,45.149940069439914,4.030338048421825e-12,0.8960859167654519,0.1607969704331436,10.35132111382497,-1.0752016556327302
2021-05-28,45.16071428083202,1.177186924587844e-11,0.8952640925018756,0.1631029853310956,10.281687474452978,-1.164363063052058
2021-06-04,45.165352475113664,1.5214392213191692e-12,0.8946447656135963,0.16513128451307396,10.188537866891025,-1.2578654236388251
2021-06-11,45.163567840119754,0.0,0.8939185820884048,0.167723495149835,10.072770328368845,-1.390004907589078
2021-06-18,45.15777584519659,0.0,0.8929496595926262,0.16922226509376037,9.9377567290732,-1.2521584847338925
2021-06-25,46.892274876165644,3.8930219538844725e-15,0.8926670695103666,0.16865715103044693,10.126058877177227,-1.3520486170657833
2021-07-02,47.4312548371001,0.0,0.8917946202726132,0.17061489742982006,10.005266403573115,-1.437128506408353
2021-07-09,48.38434157322409,7.039773787498942e-12,0.8914137229723706,0.17062527795830745,10.109344555989255,-1.5303526923094808
2021-07-16,49.11612533279981,0.0,0.8909474058359734,0.17071943023618266,10.183198544974188,-1.5685248297201826
2021-07-23,50.008442999079236,1.528873291115578e-11,0.8904627284647509,0.17096488515600233,10.303958455232097,-1.6393319515017732
2021-07-30,50.00554587034506,8.65520579039602e-12,0.89030385193932,0.17035191489891222,10.272029515400515,-1.4841533712931547
2021-08-06,50.512667892998195,1.1357110255591241e-11,0.8900153183889092,0.17099992420532578,10.214052327343925,-1.5722318479726645
2021-08-13,51.08338812586447,0.0,0.8899025589560435,0.17000688536992056,10.32865568776868,-1.4596979810684116
2021-08-20,51.082677723587935,9.551296975568934e-12,0.8897486166209944,0.1703171404853292,10.36708166691138,-1.4833041972610659
2021-08-27,51.63019338709167,0.0,0.8899592824717926,0.16950574090732412,10.464485027192033,-1.5170460653632907
2021-09-03,50.34410058530146,0.0,0.8909015455216496,0.1677930861779582,10.366952060904673,-1.315925669759249
2021-09-10,51.307364774133525,0.0,0.8899344430379387,0.16908714898945904,10.459309989519083,-1.343410387591547
2021-09-17,50.149483906451465,0.0,0.8896529245398649,0.17054792757902895,10.321149390401024,-1.294182606514315
2021-09-24,48.932905918007656,3.320579496740691e-11,0.890618379074444,0.1690110030623497,10.188063187347854,-1.145885370358742
2021-10-01,48.23823970526135,1.6476552271167176e-11,0.8910841293542461,0.16812286658100797,10.26163060130555,-0.999265108282212
2021-10-08,49.68680923757855,0.0,0.8879786942078323,0.17421711453908797,10.116073566733823,-1.1017717109949783
2021-10-15,50.42339426255009,0.0,0.8879596900080223,0.17333813334332102,10.142137607727387,-1.0915036433027003
2021-10-22,49.499596826128894,0.0,0.8887264165238962,0.17244486436662806,10.162645867574692,-1.0790985265258868
2021-10-29,48.49741155220621,1.1586629335656444e-11,0.8892697212476999,0.17199370435279365,10.027572677001872,-0.9884545444115432
2021-11-05,46.47160330840407,3.915488901359996e-11,0.8907564238446687,0.1709629065402569,10.056044518123997,-0.8956319740898094
2021-11-12,49.14572530563945,0.0,0.8867591641367841,0.17807415718597555,9.874613630560063,-1.0320557255576264
2021-11-19,48.234056632371754,0.0,0.8876683736710028,0.1771585019106634,9.891037148419105,-1.0648728971979624
2021-11-26,50.35806241741183,6.4013970150481316e-12,0.8883999337491996,0.17332826204516377,10.059201179797736,-1.1831606790274052
2021-12-03,52.97019109456291,2.9281235098255463e-11,0.8872804478322558,0.17445918365345436,10.069392401479776,-1.3622018209153994
2021-12-10,52.957050576270284,6.3472946425485575e-12,0.8883236242244752,0.1715420973525788,10.107455711078314,-1.3544202122380629
2021-12-17,52.39145712892295,8.681446188637893e-12,0.8896666324791771,0.1689386088987849,10.128872324774324,-1.3665239238935172
2021-12-24,51.898239135037606,4.358047494023465e-11,0.8908062883585316,0.16627234833992074,10.109882392543572,-1.3124055851740497
2021-12-31,51.91440635440939,3.250385593398126e-13,0.8911522167369121,0.16556328641641316,10.132579109139487,-1.2961545483372037
2022-01-07,52.62316095793207,0.0,0.8907439059473178,0.16541914195865082,10.146200282166388,-1.3134242555406632
2022-01-14,54.829412997291044,1.287134655628226e-11,0.8897113763814244,0.16548956299518824,10.229703518269751,-1.2862961704032132
2022-01-21,54.833584491234255,0.0,0.8901529543872208,0.16472079827475541,10.187435352928581,-1.3353302721279907
2022-01-28,56.37129875340917,0.0,0.8898265981598674,0.16481377127813854,10.240979499985787,-1.5221029420957257
2022-02-04,56.373798806410974,0.0,0.8902334812519257,0.16312097330619674,10.243024209341993,-1.4444078504178335
2022-02-11,58.18826564563816,7.481793191671518e-16,0.8890163478770773,0.16332659151715065,10.384718494747574,-1.3801911473366042
2022-02-18,59.693516184460364,5.482889366671344e-11,0.8881210017884144,0.16304086944179755,10.51483467672164,-1.2981003926492922
2022-02-25,62.12157084095098,1.1192977411137895e-13,0.8871890291248986,0.1636046536153303,10.622894293152752,-1.4788732999860057
2022-03-04,66.09496453186618,0.0,0.8838382415684793,0.1685163140569128,10.685579002423422,-1.6049782206257144
2022-03-11,72.78925892974779,1.1112814231185406e-15,0.8740523365814467,0.18867032896413707,9.994701729266172,-1.656876420036196
2022-03-18,71.36004751686986,0.0,0.8762256912956948,0.18375939452181808,9.849457480360387,-1.4588125802406213
2022-03-25,72.50555262607136,1.7749644797260716e-11,0.8751394531521015,0.18493302281673543,9.911298940924613,-1.4208024299123496
2022-04-01,73.21462876042577,9.490681704978448e-12,0.8754110527185873,0.1845113760267597,9.766884285248027,-1.6143789409793874
2022-04-08,73.65589641212186,0.0,0.8761839058212175,0.1811337725822171,9.776943506095483,-1.546308564922583
2022-04-15,74.75704774978387,4.641666452959178e-15,0.8761926442719293,0.1796762931055571,9.799599267914912,-1.597704731604437
2022-04-22,75.99021125773761,3.1743914955826223e-12,0.8762329519474956,0.17816458636630983,9.739576506669065,-1.6754894486004708
2022-04-29,77.65732688404727,4.033001509341919e-12,0.8757189002092893,0.17730150245577422,9.71968134546206,-1.7331468319567416
2022-05-06,79.53268207563389,0.0,0.8746393483756836,0.17753244974367205,9.780482286820389,-1.7795301553656435
2022-05-13,81.37536755605092,2.1698521752930344e-11,0.873499698180174,0.17775451431116238,9.824054376086195,-1.8009056826677996
2022-05-20,82.56118958379676,2.6626090208754635e-11,0.8728575314647836,0.17840517719116064,9.77752509383167,-1.90550015343338
2022-05-27,84.73202836370875,8.914247830702002e-12,0.8712936509002333,0.17934981549705659,9.772439913424146,-1.9491739380598458
2022-06-03,84.73565886847136,1.6960262845260375e-11,0.8710949555444872,0.17950659322220872,9.795129381988144,-1.8770718121740866
2022-06-10,84.74027286417123,2.1476343871050187e-12,0.8708147058760286,0.1800946334632553,9.742696922695897,-1.911198225843002
2022-06-17,77.9976394042001,5.716406645323712e-12,0.8754648587378783,0.17603071793133254,10.081242656524486,-1.7520191176399784
2022-06-24,82.03396273975142,6.707463684445376e-15,0.8728914683202326,0.17858186351678598,9.969757957169032,-1.8307259835906824
2022-07-01,80.95134416472409,5.0213621394223394e-12,0.8726454322998405,0.1783164482678383,9.909169515997407,-1.725661351538568
2022-07-08,79.31996999472862,2.078145670247859e-15,0.874636595088632,0.17683816235774513,9.856957309614412,-1.828477070171207
2022-07-15,82.83676974455211,9.467319409778633e-14,0.8713941510606853,0.1798080959235784,9.842198256162373,-1.8419710641930418
2022-07-22,81.4939472833574,1.3627847241102754e-12,0.873288595728301,0.17802697277358073,9.926076360033028,-1.9255681982721582
2022-07-29,81.49384438015316,0.0,0.8739744893248462,0.17613298211177297,9.960765111976176,-1.9337920988430224
2022-08-05,81.49440607940947,0.0,0.8746822631031911,0.17496709959786536,9.895425195180627,-1.9923755567580086
2022-08-12,81.5009786230016,0.0,0.8752667290432863,0.17298826750010327,9.953344040998436,-1.947147265434188
2022-08-19,82.72127222799101,4.1198413860924785e-15,0.8747585676187086,0.1724492015684703,10.00304911820136,-1.953774068301259
2022-08-26,82.7344815934462,2.5221483489127555e-12,0.8752310547983467,0.17164710493107393,10.097416304060994,-2.02802770508598
2022-09-02,84.08006110450815,2.966599433699404e-16,0.874606786694018,0.17189024482962512,10.198015479537311,-2.119158480865124
2022-09-09,84.08601939662908,4.331636083540385e-13,0.8747903703590898,0.1706812575362621,10.18803626556723,-2.017760871672705
2022-09-16,84.08602529455355,4.4339171536634513e-13,0.8750666417732453,0.17029253780004103,10.188087775894996,-2.0177460542208414
2022-09-23,84.09906581860238,4.7036523668835275e-12,0.8745891732986233,0.17010753891106073,10.172082191174468,-1.8447891000961274
2022-09-30,85.4372675880486,1.9893781131944533e-11,0.8736705461035493,0.17224713792387675,10.196865741918039,-2.0229732263217914
2022-10-07,86.82736821420836,2.468907064037594e-13,0.8722182659474699,0.17404543821013332,10.208219820377048,-1.9737900917585651
2022-10-14,86.83818767361252,0.0,0.8724732024551481,0.17292478431126707,10.23666892689815,-1.9309091864632402
2022-10-21,88.7923308344683,0.0,0.8710855817078026,0.173610383789824,10.253338874842887,-1.936515208079739
2022-10-28,88.79435005433656,0.0,0.8713378739254045,0.17263751163288293,10.371088445748398,-1.885586134794812
2022-11-04,88.80082195614301,0.0,0.8713846137873181,0.17182442264285203,10.414823709196286,-1.8105800042161688
2022-11-11,88.80073248078345,0.0,0.8715785684411065,0.17064222319499978,10.338911137209333,-1.6397715096464867
2022-11-18,91.98455992550267,1.6156826174847603e-12,0.8678625377708775,0.1758834051111363,10.427140569709135,-1.654200958308189
2022-11-25,91.9817149176808,0.0,0.8671905211019719,0.17635310791707764,10.37917187183724,-1.5102258778806161
2022-12-02,92.78900836806483,1.4019588393707731e-11,0.8662443046248737,0.17714208559969635,10.44313291861341,-1.4591924131821752
2022-12-09,92.79551203745699,0.0,0.8657582956700614,0.17818891100288664,10.486825775753658,-1.5104070584863714
2022-12-16,94.0404932442004,1.6487398933752235e-15,0.8641805697295896,0.1801340909127629,10.528515201395368,-1.5248821987520365
2022-12-23,94.03839486905277,1.0700320454381242e-12,0.8632958906617626,0.18148643809100676,10.413135769811605,-1.4249791362323445
2022-12-30,96.41006404348583,2.3186400832042535e-12,0.8621921686215067,0.18098998539331768,10.559029248430283,-1.3473540753255344
2023-01-06,94.16502197605092,1.5770590996148485e-12,0.8625526003607342,0.1829779053581739,10.443009026195222,-1.4274353918067724
2023-01-13,94.17930864232703,2.099170501155879e-12,0.866636848182429,0.17434346247888918,10.296374345102912,-1.3095732139661935
2023-01-20,94.1788753763171,3.678181587856234e-12,0.8660190065278601,0.1763985391100078,10.189506438772433,-1.3964006890402585
2023-01-27,94.18311132647439,1.7050998971335626e-11,0.8651046073058681,0.17811956550306327,10.205505341905237,-1.3724469088895697
2023-02-03,94.19720257795221,5.946377057903852e-12,0.8660230108121574,0.1752323774920174,10.185136775859512,-1.1946438656236051
2023-02-10,94.19720890295122,5.957086033731135e-12,0.8658728949911908,0.17573799848837274,10.185162942639797,-1.1945212542526387
2023-02-17,94.18996944781364,4.9854192817641386e-12,0.8646925972918464,0.17680610466591345,10.269803837216772,-1.0181640736579007
2023-02-24,94.18422482571863,0.0,0.8648366857288167,0.17543186163116273,10.202832436134841,-0.8139092193791209
2023-03-03,97.18597489618169,8.756616890563231e-13,0.8622079171298229,0.17936970943937763,10.303647996024115,-0.941004988500119
2023-03-10,95.2291072540669,0.0,0.8637622073611332,0.17666470647403024,10.34202200452995,-0.7954246003267307
2023-03-17,98.44810044047372,3.539842703884334e-12,0.863197724674062,0.1762767194661079,10.343126900102941,-1.015049465794717
2023-03-24,108.8285896214181,9.406698776633234e-16,0.8560865530887793,0.18602241695814606,9.73002746028209,-1.1249491053449587
2023-03-31,106.76571583488987,1.1305992609110774e-12,0.8589075177875538,0.18102950844323942,9.657538903371158,-1.0738778319066047
2023-04-07,106.77700406721276,4.444219433118791e-12,0.8586152225296279,0.18140872353036772,9.71949290977268,-1.0233991347011657
2023-04-14,106.77567500464842,1.7728319059920557e-12,0.8592345137247239,0.1793449983715418,9.745883674208663,-1.0279957236590511
2023-04-21,106.22549468986192,2.455930278432655e-17,0.8594822669612731,0.17854500575906754,9.689520358832429,-0.9065156972829704
2023-04-28,105.12882417375097,0.0,0.8610856920346613,0.1755030593729771,9.62122895077468,-0.886345725714665
2023-05-05,102.85097925465442,1.695072504941158e-17,0.8625488662944997,0.17353237403129723,9.664057230251057,-0.8008661306570043
2023-05-12,105.25657374146786,2.9199250838645907e-13,0.8608218410206802,0.17511211504797905,9.68068160218168,-0.7715951492127401
2023-05-19,105.24773569109782,3.4474166826052124e-12,0.8602466164400477,0.17543896518302535,9.607429401197754,-0.7763195433017459
2023-05-26,105.23963921331398,0.0,0.860180224665083,0.1748996948962824,9.455365379575877,-0.6840865565486612
2023-06-02,106.43124854324411,0.0,0.8586279506756379,0.17744637316738407,9.560538934048083,-0.6926323281645664
2023-06-09,106.43274716182212,0.0,0.8578226983456887,0.17841338365410447,9.499397154349792,-0.6858319680402047
2023-06-16,106.43716363853461,7.213719228192939e-13,0.8576777287892067,0.17827747798242463,9.5185206233474,-0.695806844680746
2023-06-23,106.443388140738,6.649673283434797e-13,0.8573976677841024,0.17821018745542108,9.46277589333971,-0.6065702240754023
2023-06-30,108.56149604877093,0.0,0.8556659355540895,0.1799972283260684,9.59874071649921,-0.6546934114009588
2023-07-07,108.5510466191132,0.0,0.8556027778086182,0.17991678523524315,9.649432204360838,-0.6042455845411607
2023-07-14,108.5480566662173,0.0,0.8552281818014187,0.18106853662953318,9.604757791681585,-0.6810267903317597
2023-07-21,108.54668580011347,0.0,0.8552900405674215,0.18108466682957422,9.578609873934486,-0.6778970961216916
2023-07-28,108.54728240786042,0.0,0.8547966035802205,0.1814429200427516,9.582273581082779,-0.5847193185544532
2023-08-04,108.55375693652338,2.2378311101322187e-13,0.85440732799015,0.18253879697461778,9.525452656705273,-0.6181930432963549
2023-08-11,108.55799818867892,8.234319796768279e-13,0.8535912547342231,0.18387686703310457,9.552966113715314,-0.6190049044911086
2023-08-18,108.57181445651851,6.483569976168932e-13,0.8527712754844059,0.18614646476628494,9.508736374764867,-0.7032177303292697
2023-08-25,108.58693894257688,0.0,0.8520018445650215,0.18769606660508428,9.460624338036315,-0.6770898404160731
2023-09-01,110.73991071646205,3.6596807509193494e-13,0.849390363523743,0.19122993809728003,9.51106351778726,-0.7144644305356015
2023-09-08,108.67284206083094,4.676862636487345e-13,0.8500471901973286,0.19080326763482058,9.372372677223154,-0.5568389407835305
2023-09-15,111.02673770523836,8.831633652617227e-15,0.8486212295034168,0.19263502369787322,9.489887476675802,-0.7072271290679297
2023-09-22,108.30379240959228,2.0566811319110917e-13,0.8509046368879459,0.1885764766180773,9.4073912392484,-0.4907072307263333
2023-09-29,111.00678246651077,2.0195002107491408e-16,0.8470801793560083,0.19489998124629107,9.497478457423679,-0.5246751502252047
2023-10-06,106.89010458798862,0.0,0.8506286844315375,0.18979147364848692,9.336636745677216,-0.39538806147210154
2023-10-13,106.88822559206086,5.380108799550979e-14,0.8496795376910058,0.19197342735491169,9.29879830694414,-0.37415810867784915
2023-10-20,104.51566303485684,1.2317680995778924e-14,0.851221521091943,0.19071964476056677,9.27975286131949,-0.3791083071365289
2023-10-27,104.51566625290795,1.3578473849979634e-14,0.8511111007776099,0.19077016745545922,9.279769357482639,-0.37921588705564807
2023-11-03,104.50704747841228,0.0,0.8509456862582951,0.19179754670039664,9.16748499496771,-0.4622168302923693
2023-11-10,103.15800436893736,0.0,0.8523915025078413,0.18917181886058018,9.26613531233824,-0.39703247553258647
2023-11-17,102.00150079607451,2.5674476015745394e-14,0.8525658302318195,0.18971951289090097,9.244766967941949,-0.37457903235478063
2023-11-24,103.95590795841996,6.000966489706859e-14,0.8515297189983188,0.18986615231228374,9.251833629353877,-0.32538922720288066
2023-12-01,102.59966702715752,5.467510558754973e-18,0.8517270146681281,0.1903192279177835,9.250675827431833,-0.28273339756522053
2023-12-08,102.59293633068948,2.4783669904055734e-14,0.8508390562555876,0.19184297882772583,9.177481694628348,-0.19026763294576124
2023-12-15,102.58796487366443,0.0,0.8506110079954589,0.1922059980400482,9.125284351729285,-0.17174727981636143
2023-12-22,99.00138786202743,1.1502977572431269e-17,0.8526732577234101,0.19052775941971242,9.19880804968846,-0.13404398835775594
2023-12-29,98.99812729001671,0.0,0.8519915467493465,0.19248867620256666,9.048977531544242,-0.16526243276178912
2024-01-05,96.4621905185662,0.0,0.8525787402278721,0.19289813487199806,9.247843771653569,-0.1628734335227064
2024-01-12,98.2381141552746,4.181567292552411e-16,0.8506408414386383,0.19443513351622346,9.239580362698746,-0.016051164513602847
2024-01-19,98.23459569747045,2.8499266846688413e-15,0.852921646742088,0.19017155666844535,8.954586163734186,-0.13086659678660487
2024-01-26,101.76842616509195,0.0028511380650306276,0.8420936882399107,0.19618887588049863,12.96240676011252,-0.2033116394090565
2024-02-02,110.92589560892877,0.007448603091772025,0.82151525722684,0.2315345001796254,13.050116636372248,-0.31989527529953005
2024-02-09,100.5632969057819,0.00439474330120166,0.8408625811571894,0.19629068582868628,12.826302617842261,-0.13721177775956628
2024-02-16,100.52848988624785,0.004594405582202833,0.8402573044213313,0.1979742559015215,12.946823891425423,-0.21074639765583295
2024-02-23,100.52634740470404,0.005671415603050041,0.8392701419641605,0.19686422166785625,12.946548768029256,-0.15422247041607315
2024-03-01,100.53227457424663,0.005428158553410769,0.8395986399325027,0.19586490527966469,12.885993356695135,-0.04256316557948209
2024-03-08,97.8732920185324,0.005020997196087382,0.8415451162679118,0.19585509776177018,12.649032250695633,-0.007743033095618715
2024-03-15,97.86816708744591,0.004814044146873448,0.8411269009135307,0.19774420870674433,12.6739886369257,0.03868018512676941
2024-03-22,102.09866664514111,0.006534678766982815,0.8372686359910853,0.19573310086008175,12.733261296831191,0.15830209660361969
2024-03-29,102.0779666054389,0.006072880203209721,0.8376840417773596,0.19536606459047207,12.845931101330432,0.22266789776481255
2024-04-05,102.06395195333388,0.006199121497319947,0.8377568116808244,0.19391353826768687,12.940181130266243,0.304548260741654
2024-04-12,100.19984353608774,0.005597042486524659,0.839019432106781,0.1939316702505976,12.943400012890804,0.35861485978384144
2024-04-19,101.28044887501879,0.005979686364900765,0.8380193673751318,0.19450276870285096,13.078743298991911,0.2636405433294602
2024-04-26,101.26694982484676,0.006165996877019002,0.8373331646504649,0.19504515909393227,13.182550978164489,0.31027968446183646
2024-05-03,103.05322648669839,0.006859032851284992,0.8353588907008428,0.19524648726833618,13.177191732745836,0.4145625674242767
2024-05-10,101.2221147562475,0.006591926918063376,0.837360040528242,0.1942994869901679,13.100914298411126,0.37691352670811
2024-05-17,101.20848432267748,0.00650374233039232,0.8384072847565998,0.19153301919201093,12.99420841959462,0.43292928006010617
2024-05-24,104.41889826901156,0.007536593321432662,0.8339985558767546,0.19371142533886568,13.0801799686851,0.5003211609118566
2024-05-31,104.41953516883224,0.007708893463434185,0.8334787967616236,0.19458989579365502,13.176730134019211,0.45699669955020844
2024-06-07,102.6939892601312,0.007532875425316395,0.8347870611237252,0.19388914306445318,12.887129932298823,0.49279489700304924
2024-06-14,95.54485699723071,0.006036058486726814,0.8427049580994083,0.18889118427290885,12.908147255336084,0.4829009085804717
2024-06-21,113.66623110462406,0.00731183349971026,0.8276870181155613,0.19936409528861848,12.345980920444543,0.35363651698072707
2024-06-28,102.04170761315127,0.004824622880063248,0.8422400406220945,0.1868367251481069,12.069412902562146,0.4071850439536099
2024-07-05,112.96786265877357,0.01031279702861424,0.8265051640195848,0.19705719093944357,11.949853794217788,0.3361941312291003
2024-07-12,111.71093886188326,0.010474737160061467,0.8278463517471729,0.19497185268885103,11.94367804346602,0.37023430796435247
2024-07-19,111.7109272482707,0.010402451410392687,0.8285312619621089,0.19297177761913423,11.943615643403271,0.3701366275719658
2024-07-26,107.00474100764845,0.010292371975578371,0.8333283357803175,0.18798138082676275,11.702949196863472,0.37746368276059644
2024-08-02,104.52362608090624,0.010191153758116137,0.8360061846963674,0.18493298895283644,11.541793879785532,0.39415252170800813
2024-08-09,104.53554243741799,0.006865684588595679,0.8400318192223405,0.1857264767123067,11.344583040874866,0.27275610264264605
2024-08-16,101.79797224686293,0.005914864621923143,0.8443177407134788,0.18089358572022404,11.225447738582771,0.2767875543623584
2024-08-23,101.76171536575445,0.005663575594428013,0.8449962312541062,0.17978720704370751,11.152343858172284,0.28301655815500554
2024-08-30,98.17115804886896,0.005991744311407934,0.8489629269273888,0.17411853732138607,10.950099077458503,0.35164482468650954
2024-09-06,94.12739837093162,0.0044573313301913995,0.8541555219233454,0.17105214176420117,10.844940314189817,0.38452981165428235
2024-09-13,97.2675694939664,0.006612482106284971,0.8491988556312662,0.17368103089834455,10.941240851346619,0.3087793438331309
2024-09-20,95.33297661003996,0.006015707884786012,0.8518222066038403,0.17097568697931756,10.93020236075422,0.33350045466926975
2024-09-27,95.30260343531847,0.005809137818615823,0.8522497265353767,0.17003663445103737,10.981471039358695,0.3545376883282358
2024-10-04,92.66800283601016,0.005748910811684477,0.8549419736738855,0.16690347874329053,10.848914823633947,0.40938489519057897
2024-10-11,91.13678596892953,0.004990915627802315,0.8571393869981963,0.1657436732472067,10.965734197382632,0.38016744143398357
2024-10-18,92.39329499541078,0.005949676643775737,0.854727948481195,0.16699193690161954,10.998887933077146,0.3830635327598959
2024-10-25,92.39348585368658,0.00647723353912175,0.8541800326467011,0.16654638119487014,10.969081322372244,0.4396303649656897
2024-11-01,92.3849588821605,0.006851039429350781,0.8543781529466687,0.1659384451176212,10.87756240164579,0.36512603018407847
2024-11-08,92.38651207305224,0.009767907496285566,0.8525193777951905,0.16407915542518361,10.821760328467587,0.36799460398905787
2024-11-15,92.36976338030976,0.009740828898255931,0.8530146909636069,0.16355361075224104,10.906946746719557,0.2787283594447934
2024-11-22,90.3062143997821,0.009906216021771275,0.8552005621621743,0.16101387201041537,10.74931011229683,0.2749955330768547
2024-11-29,90.29977716469915,0.01030051815686688,0.8555227527980086,0.1600164871898741,10.923312886701007,0.19336574183422195
2024-12-06,89.19073184965531,0.01055611162222521,0.8567096428229511,0.15821302669196532,10.879831009234556,0.1534672716368949
2024-12-13,89.1867938518203,0.009448604804029336,0.8576262748565284,0.15863607257995502,10.902389365090508,0.17950814129089956
2024-12-20,89.17442063962467,0.009944310388992305,0.8572417232019972,0.15798235635029595,10.839377390555699,0.23656264167555313
2024-12-27,89.17960081149081,0.009857685896757265,0.8572011237624029,0.15858404677998453,11.015055445289873,0.16646159694925988
2025-01-03,89.1741729715103,0.01032925146819669,0.8567808696009466,0.15841227958301698,10.918763622906155,0.1428740597691694
2025-01-10,89.15872022497219,0.01105048472429647,0.8558897416104801,0.1584776655625475,10.956672739817225,0.15797539457479906
2025-01-17,89.1487120462205,0.011248371267816375,0.8556270791043363,0.15811090628897134,10.920779684486588,0.28373182293161636
2025-01-24,89.14888413546691,0.01125334075645396,0.8565209290738572,0.15653545882584524,10.876983606170564,0.28172365525568976
2025-01-31,87.72821725667902,0.01038725166707197,0.8580010863329401,0.1561131544716718,10.928079834751479,0.3248818384052605
2025-02-07,87.72731125780054,0.010688111335203343,0.856843881323672,0.15750180232465713,10.989523378580678,0.3631926059337716
2025-02-14,87.73695716879803,0.011324731458488162,0.856965024544876,0.15539366913443567,10.914862131390393,0.5439733611162907
2025-02-21,94.0112646496413,0.013905236998651373,0.8487536641955719,0.16068640696138092,11.26730096171388,0.531035791589389
2025-02-28,86.61715613514986,0.010747350520382327,0.8578858201745013,0.1552771780898631,10.89075760240465,0.5987714808389839
2025-03-07,86.62239619632771,0.01139273894872973,0.8583914489124665,0.1524565186343312,10.89754201923615,0.7287932834186165
2025-03-14,90.28517638079035,0.014367636223677073,0.8543033312558576,0.15083906065994582,11.111962388540727,0.8018742114719514
2025-03-21,88.30697223433194,0.012376573273931742,0.8566775264289052,0.15186031822856566,11.060100856701629,0.7572007610152595
2025-03-28,88.29475497498017,0.011222066957068852,0.8563614623098318,0.15427302975245583,10.866684593823413,0.8653851140238399
2025-04-04,90.09072621060395,0.012387647010146774,0.8532548725035788,0.15671170688584207,11.02983991267111,0.8194839472833808
2025-04-11,92.407958824956,0.015005651245437231,0.8584037875170205,0.14306005141978406,9.226352334426268,0.7479391210697728
2025-04-18,90.36403888598545,0.0142833400621279,0.8614441923625529,0.13961852537612873,9.224991481472825,0.7727339215788054
2025-04-25,90.36404512376929,0.01568453190131488,0.8598889603320654,0.1404037710179903,9.224950614917773,0.7726277792472348
2025-05-02,91.99659573575433,0.013206988802423339,0.859271365881919,0.14440512707227132,9.110822847118522,0.8396506029358163
2025-05-09,90.58661895329034,0.012635678538055613,0.8615617839679381,0.14180187530142116,8.938172352910676,0.9393761285372866
2025-05-16,87.58265906558506,0.011437956770532172,0.8662709636420779,0.13685446016857797,8.821466633090825,1.0387611378614623
2025-05-23,83.96668116755197,0.011622586083915329,0.8705341154411461,0.13050044218413645,8.757022434381804,1.1526207617655961
2025-05-30,86.69433161159114,0.011451867872270533,0.8674005941236915,0.13454440586632155,8.762520051973384,1.126368863143206
2025-06-06,84.01268899937888,0.012022827873461983,0.8702359898294766,0.12935346842557574,8.79618762253269,1.1178865266550202
2025-06-13,84.0121289501863,0.012219641937323453,0.8701588096892915,0.12859688198372765,8.778579598301114,1.1655245679652384
2025-06-20,84.0137536149081,0.011993125233080376,0.8703616232741813,0.12930064188222834,8.69087048830351,1.0821889797851088
2025-06-27,84.01469874956103,0.01396362582265862,0.869402441040119,0.1270321398757485,8.738793959369447,1.069033763787471
