Date,Omega,Alpha,Beta,d,Mu,FSI,VSTOXX
2015-04-24,70.18702408762502,0.13140545986226418,0.8547139235664827,8.64678433647981,2.165930284678632,16.14399413433862,-1.500157419029667
2015-05-01,70.15320852585563,0.13148978593247296,0.8543134380935694,8.719842643319183,2.2266753797034817,16.22385451124861,-1.4797878912518185
2015-05-08,70.15107517445189,0.132830456456788,0.8530692511697635,8.567091153042565,2.2785128638503807,16.23744243159308,-1.46789250885596
2015-05-15,70.10153069215585,0.13379308762937386,0.8514292005625644,8.50462921015825,2.363877204760797,16.472572498940362,-1.4113769433321866
2015-05-22,70.05473941597988,0.13681341772946193,0.8471007462050095,8.498870779129035,2.3811654258789496,16.78165131315684,-1.3136529326283097
2015-05-29,70.02262000006341,0.13808873492535723,0.844620536411839,8.49667622380103,2.363325834628907,17.01642436834938,-1.245621523066511
2015-06-05,69.99376149670796,0.13631303926175112,0.8460564585518199,8.568014343564524,2.262356379770112,17.0654112146416,-1.2366591012067847
2015-06-12,67.1203238344437,0.13690049820700767,0.8440033998182724,8.59648953504479,2.2015158404606296,16.885600587692526,-1.0370876371385591
2015-06-19,67.08744603132797,0.13796785635104966,0.8417969157595907,8.594753037989832,2.157887350597639,17.12532013535675,-0.9731147098543065
2015-06-26,67.07022002402276,0.13803884119749357,0.8409927238857553,8.644055950561755,2.1377160120378793,17.272523642227615,-0.9350111468821896
2015-07-03,57.91437152743253,0.13523420055794888,0.8437346508731608,8.620321109684605,2.183374642645414,15.792700873277406,-0.5211266693723587
2015-07-10,51.99477859829287,0.1389996674297791,0.8381389643509962,8.725616444122446,2.1170208714300003,15.308595894001163,-0.10197783741693388
2015-07-17,52.0556551556201,0.1372568174783669,0.8409154937142516,8.640852714687531,2.195197546092549,15.055513192218575,-0.18424067196330146
2015-07-24,52.055999889360386,0.13715336585280566,0.8412797459906479,8.59443917617867,2.166227830787831,15.064083798205226,-0.18468215233260626
2015-07-31,51.9818153959927,0.13908888485881224,0.8375430433520578,8.64989176754087,2.124154835875718,15.57247131179447,-0.05411382080879063
2015-08-07,51.95495471946683,0.14053583440659548,0.8349266404784903,8.572212041062178,2.1502380125790532,15.842003457476483,0.023578070547164206
2015-08-14,51.91158976546176,0.14029784957973046,0.8336385318683635,8.612579606965046,2.1202279801567196,16.19163919870035,0.10352144110542659
2015-08-21,51.836295227128666,0.14053381485390476,0.8318545657665711,8.730785518207718,2.0384154818025215,16.50917255642069,0.1954599798370552
2015-08-28,44.47611756362754,0.141772147748419,0.8293496134403711,8.793052302068096,1.9550934930562793,15.72186838781735,0.6414288618301426
2015-09-04,44.47404635238835,0.13987466966253767,0.8308264816003452,8.830529203639285,1.9587916628869548,15.723281149648399,0.6299640762524948
2015-09-11,44.07293118519659,0.14159500388123486,0.8288239627479742,8.87327996235274,1.9751045726610603,15.826586803259616,0.6975257718607512
2015-09-18,44.15852095641942,0.13792301062903253,0.8344653290442151,8.736929086282771,1.8986412191723927,15.290195459336323,0.5364207996975892
2015-09-25,44.13228698670399,0.14046390658275174,0.8310311325594743,8.83262376357804,1.8342441555268258,15.658376182597609,0.6299715275454607
2015-10-02,44.05005058845637,0.1438478018856812,0.8241517926425931,8.868012946753769,1.7846279513078087,16.479936850006073,0.8658318168311238
2015-10-09,47.431259186245946,0.1419948478828849,0.8270780793309122,8.787926922855608,1.8155973092562006,16.701952273678618,0.6324142876285436
2015-10-16,47.22139340210162,0.14314715245421475,0.8233027719053272,8.85580994138445,1.8605747767789576,17.672838637487445,0.8534834898533991
2015-10-23,47.192519249618435,0.14260087476251695,0.8228443429238839,8.843781546159807,1.8064086821266587,17.890897204894323,0.9034207314025884
2015-10-30,47.21371352374224,0.14219195495634107,0.8220466514059596,8.878776493708473,1.8119770041073202,18.158981907433866,0.9598645144096782
2015-11-06,47.24239540641701,0.1416528530936453,0.8211896302374333,8.965664437677638,1.7523856285353125,18.46987376831412,1.0283357326033191
2015-11-13,53.744793620169155,0.1408303832185186,0.8219902259010743,9.023266128899719,1.7829404593185612,19.541217543549312,0.7367661670250001
2015-11-20,53.67093334161235,0.14053709340433176,0.8206482066914924,9.187309932775939,1.7048774890783898,19.934089822028124,0.8364649248868314
2015-11-27,53.67234856734845,0.14002641203339977,0.8211929131884816,9.054172529914021,1.6412488341203857,19.929344613568464,0.8289648781470353
2015-12-04,53.63552073063513,0.14272434957902827,0.8159380181384034,9.074721886098597,1.5954259898607928,20.602373241896377,1.011358064465343
2015-12-11,53.70645426295682,0.14214147414332967,0.8157550453564142,9.196457315580947,1.5490706718641207,20.741678661068576,1.038483827242112
2015-12-18,53.604475031367286,0.1421143596989897,0.8138060767208196,9.295635355844317,1.5103942206044028,21.419275377710022,1.2041446935677542
2015-12-25,53.60806459516998,0.14156573703298156,0.8140248768664767,9.365521290809953,1.5156332764719482,21.42599676264035,1.2056514141538361
2016-01-01,53.67125073428493,0.14035496636162265,0.8164423317331176,9.33728179968021,1.5498529114531612,21.037513303316427,1.1009317235349936
2016-01-08,53.761933596979304,0.13989408564144554,0.81881326273038,9.171057279487231,1.6109002217103716,20.567137572215728,0.9752393601825964
2016-01-15,53.52919037100709,0.14058448324997547,0.8173061914562451,8.84846362603291,1.5251220379030745,21.39742806968965,1.1673707557064275
2016-01-22,53.521954711970004,0.1394208550105151,0.8209243552762308,8.996904401866674,1.5222365459400324,20.57927342061631,0.9774432380682837
2016-01-29,53.53286198083189,0.13827929588596385,0.8248718250631331,9.040100884383982,1.59198468295772,19.70120702309051,0.7700470263658429
2016-02-05,48.49695063745669,0.13775968015639964,0.8242905206949165,9.048486757971181,1.5316815575612803,19.247609089686016,1.0644048930299645
2016-02-12,48.42717319660335,0.14109713480907385,0.8201281848659028,9.184973263650413,1.507171761597693,19.44186293730565,1.144881330129658
2016-02-19,48.29180624764411,0.14302190738698362,0.8174718921335196,9.138989404209786,1.4332248013574644,19.7376125348283,1.2355696832583178
2016-02-26,48.29979903753261,0.14117515340704742,0.8207213295969686,9.137645275069774,1.4320391353312478,19.406900992995826,1.134926079913973
2016-03-04,48.205145905308804,0.14296127451113733,0.8174014850434116,9.179783569238174,1.4705510550271441,19.783369381688534,1.2474447351842173
2016-03-11,48.05958479511382,0.14481043108929145,0.8157282360679831,9.134414582747718,1.5697671925419716,20.10518368682105,1.314179362968798
2016-03-18,48.05192031906464,0.14508266063026604,0.81595010965777,9.19086248616673,1.6347948419206,20.112292888023493,1.3033134581299488
2016-03-25,47.911737627003674,0.14597703902404421,0.8136452269006184,9.255549767345325,1.5838678615339885,20.496818996636982,1.4094962624206444
2016-04-01,47.7587911234718,0.1460924962605458,0.8129992424154397,9.2934111514299,1.580000947634221,20.682973271453193,1.4586843123228632
2016-04-08,47.66455245369338,0.1453560150171809,0.8131052506194568,9.35230598560003,1.580997143506162,20.788249739622795,1.4872042056409804
2016-04-15,47.54165773045328,0.14516871204179074,0.8122205765278379,9.351291734482146,1.5120890311726134,21.035744228509405,1.556311476913555
2016-04-22,47.53358895968169,0.14617222999493745,0.8126195254937705,9.381038800533595,1.5251993333803398,21.042906236371426,1.5318456703953467
2016-04-29,47.387162190571445,0.1470901961390893,0.8102692494825997,9.46150717241303,1.5084565531578704,21.47948006772173,1.6454267931014388
2016-05-06,47.2781842018861,0.14646995202275245,0.8094212716441308,9.557944605345938,1.4764490754259532,21.76854495793446,1.7225683485096275
2016-05-13,47.2706904172386,0.14663030847795974,0.8096105135197268,9.69574080915061,1.4358816658356304,21.767670137388674,1.7134325804925705
2016-05-20,47.15199032287057,0.14575101443447186,0.8093602342761641,9.687372538847063,1.4524181194046717,21.901782605961312,1.7603331982975856
2016-05-27,46.98395221400077,0.14589663327880154,0.8075682433272674,9.745161273596318,1.4568145465089692,22.185622167193458,1.8530030042450725
2016-06-03,46.960530331296454,0.14575882976230217,0.8098754086306094,9.829621318893404,1.5163508385775377,21.578460471986773,1.7116654468361712
2016-06-10,46.92032520181876,0.14617622032436156,0.8130425359395097,9.755854674213682,1.5686645124547833,20.757192636066968,1.5145927922939468
2016-06-17,46.70922170978979,0.1469832070978236,0.8098167156340708,9.820141426142225,1.5326695975395372,21.53407396620064,1.7048415606568974
2016-06-24,40.317158100445276,0.14512174648591422,0.8135111674750756,9.92553973198941,1.5020548566446814,19.55249568941236,1.786055774407453
2016-07-01,40.41042005459598,0.14614151663180933,0.8181647693884574,9.772811149068602,1.5861133402204424,18.542136897156453,1.5100602380006116
2016-07-08,40.5014152525046,0.14191635083197815,0.8252354087014341,9.620651947247756,1.6514059386251403,17.787451936864368,1.2868757606130343
2016-07-15,40.426348654118385,0.1426767586831548,0.8223284426993478,9.514931553520068,1.5648412001742418,18.239789529518585,1.419661465803987
2016-07-22,40.45608283215664,0.1464724505821146,0.821693670428213,9.605779842809993,1.6040875545210036,17.93390512403079,1.3292578674540645
2016-07-29,40.20143450338814,0.14868090507883217,0.8145392303658093,9.536512564618885,1.5682488488506483,19.194978654592216,1.6693673162274476
2016-08-05,40.12549628451242,0.14685174633050602,0.8156141239913723,9.573379906840364,1.5427244259702604,19.30214211175979,1.6882676062086632
2016-08-12,39.99249704805653,0.14574462038535682,0.8149265991334798,9.592769133904062,1.5029574787932556,19.66791167438629,1.7816133716470572
2016-08-19,39.98807552004634,0.14433719915046253,0.8163887487532647,9.651539775637461,1.5300390593118665,19.670156643834588,1.7634352600362744
2016-08-26,40.02919605095456,0.14247482805584802,0.8192096641009419,9.736911200030564,1.48291648906498,19.462943032779844,1.689795526848653
2016-09-02,40.09327391536447,0.1410076748081238,0.8221188997090048,9.848827590044722,1.5082230032140298,19.176172397086013,1.5934945394558435
2016-09-09,40.20555411713851,0.13996728857386434,0.8242963731027165,9.91601901235733,1.5640272006168008,18.940865324329994,1.513884733731982
2016-09-16,40.241904673799674,0.1393177475658325,0.8233427897972175,9.929026499566225,1.5813621379513458,19.29730886034138,1.5928654828119413
2016-09-23,40.460818020237085,0.1379750551709166,0.8276592371704252,10.04384834524565,1.5329351529188375,18.693557710191392,1.409482173795001
2016-09-30,40.90217006793522,0.13749439960550877,0.8273822552974611,9.974675722065168,1.585647782306777,18.956773145617998,1.4281231411466353
2016-10-07,46.07512530603926,0.1378151962555896,0.8248944140043956,10.048937715577724,1.5587333371602283,20.353389865536897,1.3376957267466147
2016-10-14,46.117059328961545,0.13733234974456515,0.8257092043175334,10.108431076441942,1.5959092211983956,20.14908028887651,1.2916645716145543
2016-10-21,46.032950808816295,0.1385328820667659,0.8236031266099549,9.9490339018447,1.66001575108424,20.356204392730092,1.359879768769257
2016-10-28,45.9853820310015,0.13944342994825487,0.8227837531242237,10.035259626683352,1.7185033796453122,20.57877839531543,1.40111540606087
2016-11-04,46.124488428142804,0.13764714151305163,0.8275971918369023,9.984990440364516,1.8075403880340055,19.64758486517196,1.1700302259597792
2016-11-11,46.124570950175354,0.13814894822001264,0.8273327694069756,10.090463169705961,1.7793013703891316,19.64683014185605,1.169441446509821
2016-11-18,46.24859066252956,0.13767983149533405,0.8306848075969848,10.145629248134853,1.790330547126343,18.854283018417135,0.9770679672559563
2016-11-25,46.24758067366253,0.13807136724478627,0.8301521943608189,10.029164218134394,1.8450116397695957,18.84712487155675,0.9826814943146146
2016-12-02,46.129090755332086,0.1383870264481991,0.8279583105564595,10.054860570448547,1.8189817348737525,19.191698996239868,1.0875017533876106
2016-12-09,46.17108155141042,0.13696748692542374,0.8320361950167859,9.988655428518584,1.7943904680952223,18.151833858922743,0.8623045107172638
2016-12-16,43.043368753108204,0.13406637482410694,0.8437851271074431,9.56439345204435,1.9453304666355429,15.656226162931477,0.49603805550970537
2016-12-23,43.178868224579716,0.13106041665173757,0.8490561133501217,9.616788298050437,2.0192628130981976,14.645845068411955,0.26566579000255314
2016-12-30,43.306652293137915,0.12162767107313426,0.859262770883826,10.06460146531038,2.0297793817209637,13.763389731637966,0.026731828096137316
2017-01-06,43.49252415131782,0.11193267369793616,0.8718543444957837,10.054349923735659,2.074146117494673,12.72194500475065,-0.2816813304776266
2017-01-13,43.46833628252269,0.11321007702609295,0.8698197242060027,10.09805311070001,2.0627053122727714,12.916528527816265,-0.22481991468568555
2017-01-20,43.40635761972357,0.12045323720328978,0.8630297218008561,10.017265392001953,2.047012953814572,13.22211327350813,-0.13233215186965722
2017-01-27,40.57744278967592,0.12819605950234417,0.8489204290543345,9.859050228667568,2.0004147465573574,14.517074138654163,0.4565179135553639
2017-02-03,40.59712761165179,0.1256486326018241,0.8522665427018145,9.910561132598724,2.0196217152513807,14.233549577949685,0.37056013312837616
2017-02-10,40.53432837890138,0.12380295862189582,0.8542636074672537,9.912649273795928,2.000568973648852,14.143893780177432,0.33877837678032985
2017-02-17,40.69958317061799,0.11959839312219571,0.8629981842698518,10.039375212940413,1.9571716364817242,13.038966553062966,0.03450846630596842
2017-02-24,40.65482713904581,0.11845694915858365,0.8636328021610998,10.018320289882032,1.9537083804746638,13.127988118076834,0.049193828832386564
2017-03-03,40.65035059635634,0.11634535482065299,0.8666508214152934,10.09248847657123,1.9052962270305516,12.873341556491267,-0.026673260446262097
2017-03-10,40.815463859402605,0.11388734475315354,0.8733041741851884,10.16165897986988,1.9840213144985552,11.910021538686975,-0.28386307586531717
2017-03-17,40.83818545590342,0.11252027300016351,0.8749957225804127,10.192759478676157,2.022158448120005,11.794322037333785,-0.3215298388124988
2017-03-24,40.83746258277081,0.11045319169053892,0.8769197740775341,10.19295250743199,2.014829381093923,11.796399724698386,-0.33850712049868
2017-03-31,40.823379847300764,0.109619374966616,0.8774831352298698,10.095220191626796,2.0313181389768444,11.86646478754935,-0.330171549961828
2017-04-07,40.776830177843436,0.10944431487524471,0.8773853888045012,10.125621473654352,2.0516015078563523,11.985114016072371,-0.3107849602216927
2017-04-14,40.719197989893225,0.10968493282865158,0.8761195472831468,10.12450599584436,2.0197842295346087,12.210223778266462,-0.25222146202822493
2017-04-21,40.78881198084172,0.10711449343308009,0.8802967126114939,10.298164930617164,1.9597695611459056,11.776933679975699,-0.3716335842838255
2017-04-28,40.82512931363792,0.10595388863565984,0.8820384758658718,10.387630313405834,2.009424025929475,11.613916213077621,-0.4194739007879459
2017-05-05,40.89078975206384,0.10483789280682138,0.8843851314080281,10.543142883285089,2.057475790882232,11.32079049574301,-0.49906900235170926
2017-05-12,40.95423079609225,0.10447898890065338,0.8854185581266683,10.661004529459335,2.0801289216001444,11.164467711629179,-0.5417666726734376
2017-05-19,40.96202100253326,0.10374738824780808,0.8856838610179143,10.770599467235204,2.0516073722029198,11.25851453240818,-0.5265794600133392
2017-05-26,40.974467160229864,0.10369611812632622,0.8853613510277062,10.605458975188144,2.0904859416340686,11.370578686043007,-0.5048353895646537
2017-06-02,40.90873041174196,0.10411231066551334,0.8836202499539326,10.664930558942547,2.0758544865844284,11.800888669736793,-0.41192946434427674
2017-06-09,40.96559998506078,0.1042084006389502,0.8841669566599637,10.623893798516516,2.0673588127181213,11.570585848913067,-0.4598154689547051
2017-06-16,40.93901045130823,0.10435752257486026,0.8834189832499143,10.510590088437135,2.0485966482412263,11.790874086255949,-0.4142879438931072
2017-06-23,40.88726350469019,0.10584537214039466,0.8811905430724281,10.562752013456016,1.96716361175395,12.156974209891958,-0.33289970393051804
2017-06-30,40.90138965024375,0.10542134495033399,0.8815288434313879,10.575948232875021,1.9438687126268561,12.078141373338557,-0.3488840246609574
2017-07-07,40.90122544637855,0.1047556241765989,0.8820139314187267,10.65448326113416,1.9598000185874085,12.080109755444933,-0.3514201795978853
2017-07-14,40.934926830204915,0.1039517695005484,0.8832471338517713,10.781920177988429,1.991533098655101,11.949696822239803,-0.3862737159544975
2017-07-21,40.89223903832931,0.10414158532673433,0.8819267746091308,10.803302811489818,1.999924262263604,12.253877307109462,-0.31930868718221694
2017-07-28,40.89587024903203,0.10388834610031035,0.8820740598073904,10.930765519699607,1.9564434424013146,12.260527643551827,-0.3171950650972657
2017-08-04,40.90282392207596,0.10414117237127934,0.8819685071222175,10.853382453288647,1.9497415418219364,12.249957307678098,-0.32001503801493036
2017-08-11,40.76320973933573,0.10588875962536658,0.8780815578513925,10.80695049238169,1.9742243888633,12.981236741197135,-0.15116781015972228
2017-08-18,40.94549210125891,0.10369152118878767,0.8828172230432519,10.979837000220362,1.922518335930492,12.11339929415866,-0.3495773100248207
2017-08-25,40.94734645632684,0.10355155959047509,0.8827254303590721,10.992652937640056,1.954762478760811,12.116388796388057,-0.3499701497462605
2017-09-01,40.904163960615854,0.10414270137873384,0.8813121230006171,11.049768171969653,1.893676974928494,12.342536118726896,-0.29554093183907704
2017-09-08,40.83983949551882,0.10520680475381282,0.8796457453865856,10.941391379048023,1.9272136205336068,12.528749584062483,-0.24921440871818032
2017-09-15,40.75207298872993,0.10535377581323249,0.8791108216170703,11.062098147199768,1.8674571709060237,12.595161499312063,-0.22302891419917908
2017-09-22,40.88390718229008,0.10496257751183576,0.882196109332349,10.99680282105488,2.022861751391775,11.726994658291654,-0.408688443783138
2017-09-29,40.709201591015265,0.10573500723269541,0.8800336798552041,10.770610263170111,2.071178324533307,12.213438950603607,-0.2958253543845995
2017-10-06,36.66983297923186,0.10448443732568778,0.8806018291262986,10.810478067070319,2.0930176573269215,11.580496556723423,-0.11149043040454339
2017-10-13,40.64146031256255,0.10218148740850125,0.8852830520959492,11.051186133481119,2.083646888982482,11.237403730782628,-0.4984200731546969
2017-10-20,40.69850937805033,0.10285587578675523,0.8850117608476126,11.152716141542673,2.051863796467179,11.07858458094189,-0.5272252262955077
2017-10-27,41.99474478289945,0.10440405400887724,0.8839724390203001,11.129259542006993,2.140820813005681,11.138522487074338,-0.6104433249761123
2017-11-03,35.02798815552461,0.10666924517318059,0.8785984613755337,10.994635545229075,2.1339544659462755,11.083488443667463,-0.07684222667642124
2017-11-10,40.43383907803089,0.10200319003132796,0.885222416963412,10.933313393169087,2.145664414700558,11.109001052708225,-0.514335866423322
2017-11-17,40.44357437146089,0.10146950886692052,0.8855083547309368,11.021098782466984,2.0989231205364267,11.095994185851916,-0.520408099163794
2017-11-24,42.97144199951699,0.10175112462023893,0.8854395632359868,10.897527527112596,2.0357950770229416,11.415276157376276,-0.6486511241873645
2017-12-01,39.007158507042824,0.10351017914282411,0.8820471597704664,10.93116188761275,2.029061902948914,11.391501306978546,-0.3532747564952059
2017-12-08,40.958440487902024,0.1034697763736694,0.8825411488870382,10.888821171329559,1.9746463113459227,11.494176117448498,-0.4833003345025029
2017-12-15,43.94700759416645,0.10152421504297726,0.885952269450803,10.997375243960716,2.1115153434756757,11.413000898585445,-0.7165989125300879
2017-12-22,43.9470085686328,0.1015158324806856,0.885964740468498,10.99737418287513,2.111503519950574,11.41299726057772,-0.7165991832151863
2017-12-29,43.98031447731621,0.10133658556440284,0.8862051331801701,10.942721339042283,2.089896807410915,11.363997833996866,-0.7322904082658849
2018-01-05,46.70548651959611,0.10141107964612414,0.8865077000854181,10.898489063782156,2.0860287767182464,11.636154803902865,-0.8823130249982204
2018-01-12,46.707274355008266,0.09968121018055366,0.8888388613660904,10.950794082043233,2.1835934002433506,11.49372650217515,-0.9209178835406833
2018-01-19,52.99007045690756,0.09947942268411585,0.8906087934458323,10.907964529774981,2.3147425299881985,11.796911795857392,-1.3031538150185982
2018-01-26,49.25452444145222,0.09857153897577546,0.8912908637739698,10.907336814653922,2.2912393971687286,11.436874572601235,-1.119683750219112
2018-02-02,51.33952945289054,0.10120872350678733,0.8885479478492592,10.636739773670648,2.3070306459502845,11.803541463601109,-1.182874097572832
2018-02-09,51.355699812667865,0.10141794993925718,0.8890562898525699,10.817219194609791,2.230131348341421,11.67262820048467,-1.2063336808847398
2018-02-16,55.767015372051596,0.10384500267704852,0.8874403105128358,10.80369565158351,2.1678010156631196,12.053581950366217,-1.4198364474190865
2018-02-23,55.751372753427496,0.10216512279333119,0.888982601688373,10.87686172925174,2.181483471497878,12.07239477539828,-1.4323118159154928
2018-03-02,55.70712780783993,0.10059179552897538,0.8902635617934964,10.887896966392168,2.1564425778590475,12.166389600734968,-1.4305043835395863
2018-03-09,53.203975075312705,0.10002199231686631,0.8909105673938584,10.941180173827696,2.076674207701461,11.727425544261123,-1.3272514544344167
2018-03-16,53.115351673243566,0.0989642849308033,0.8916001644127954,11.015756545108957,2.053162547457215,11.897312632771493,-1.3070951736780774
2018-03-23,53.127984313362724,0.09924476101197166,0.891469344661514,10.835722723744412,2.07089539372591,11.841999606982904,-1.3221581264328055
2018-03-30,53.11323698770302,0.09893655612280725,0.8920563134916433,10.928470106600356,2.0335338403170424,11.816380893479339,-1.3119912359938872
2018-04-06,53.097461375213406,0.09859050547678277,0.8923944880218604,10.915285284091643,2.038742622887733,11.770944401220447,-1.3234512201403559
2018-04-13,53.08840202955859,0.09810120613442162,0.8927983994535089,10.876939303099128,2.047722469423846,11.76806046501889,-1.3308216555356462
2018-04-20,51.2500917185486,0.0975365916275633,0.8931880946330153,10.808959967323531,2.0351742334120058,11.538660693046612,-1.245501619414067
2018-04-27,49.42627722503264,0.09713352812744577,0.8933708030261283,10.935429934906725,2.057763918747436,11.331582919522171,-1.1555809095663263
2018-05-04,49.473292367458356,0.09769706746828488,0.8930194689527052,10.820065326412118,2.0696445529891663,11.226660841396587,-1.1774531226258729
2018-05-11,49.42741317757023,0.09750892445404628,0.8930793018287373,10.692174087587185,2.0849296935960564,11.358497406972997,-1.1617453620727962
2018-05-18,49.42741302225914,0.09750888747521451,0.8930745500488552,10.692174284499464,2.0849304738494068,11.358497893244635,-1.1617456033596736
2018-05-25,51.85765832148306,0.0974894783061827,0.8934201594040989,10.72798729745752,2.0555883055239654,11.583046846245177,-1.2808252560695537
2018-06-01,51.862341956504636,0.09757082727313027,0.8934032950622878,10.840995973152742,1.9824658478208432,11.567334124433524,-1.272364984990253
2018-06-08,53.31349291945514,0.09890957203653272,0.892377756926921,10.995526448181803,1.9534161753182864,11.72729205749932,-1.3282688615783544
2018-06-15,53.35973757436318,0.09871366530770709,0.8925318815247216,10.996864066658974,1.9350020258797314,11.69729921221826,-1.3391741162841764
2018-06-22,53.39750938875563,0.09807017402197049,0.8933822677818565,10.819761587924411,1.9753877141503138,11.6536043056712,-1.3606177638147194
2018-06-29,51.17734365269596,0.09607278332476939,0.8952395439257976,10.789937219686253,1.9344234088653425,11.405000706361463,-1.2652771481806093
2018-07-06,51.189897388329975,0.097562033730541,0.8935051343246526,10.603868425839387,1.849367124101419,11.467243295094647,-1.23988938404248
2018-07-13,51.16707023847701,0.09799047798817466,0.8933161698317169,10.540660503420138,1.913994135178785,11.542716034464293,-1.232542605641814
2018-07-20,51.083663051560876,0.10085158587289057,0.8900831906304432,10.421472108733406,1.8492309547401125,11.771821134466084,-1.164096064878655
2018-07-27,46.593035750512406,0.10194625914864623,0.8882965008620274,10.400546755945392,1.7890471193220203,11.306883960236876,-0.9109297621834679
2018-08-03,46.64250896308268,0.1020892480400143,0.8884290108838724,10.429269255055656,1.8467609374141654,11.246699599737534,-0.9179628335080972
2018-08-10,46.59076337009138,0.10011544600850435,0.8901172454535411,10.538636271151919,1.8110451832530057,11.338559284894334,-0.9164002784630144
2018-08-17,46.588088630989986,0.09949426530458473,0.8907394840116861,10.670347180075867,1.7442836440550031,11.330668300622747,-0.9161489854993018
2018-08-24,46.5855143923609,0.09849022226828359,0.8918037363761221,10.8809467025694,1.6987347766074934,11.319419695807598,-0.9223962410461568
2018-08-31,44.59303150881529,0.09711429099988511,0.8928047413109507,10.890728203348205,1.6814246640345876,11.079338813703682,-0.8279264335352939
2018-09-07,44.56262530190944,0.09613923594687317,0.8936247492596879,10.900836246981187,1.677420988878016,11.152480379264725,-0.8202617796874844
2018-09-14,40.434076582089595,0.09521128185246217,0.8940113691202397,10.88242562407078,1.6394227910554378,10.685733518307693,-0.607439697433549
2018-09-21,40.40557181772221,0.09605100546460564,0.8929479576584862,10.77750714315888,1.6233498818200451,10.827627740163816,-0.5745423657460406
2018-09-28,40.413788035226766,0.09654668495937539,0.8928084476747411,10.907884178729592,1.6652922662481957,10.831404550658847,-0.571795778847623
2018-10-05,43.717498989119825,0.09788412591904012,0.8916704115233669,10.94162591350192,1.5778494809354153,11.408912711228144,-0.699736478368213
2018-10-12,43.65178980451868,0.0964254271735788,0.8926082026283139,10.984922299078233,1.5588632336210035,11.563640610916634,-0.6753047172485922
2018-10-19,42.50188981930905,0.0959100030021709,0.8928231374703602,11.099353880351092,1.543030250181908,11.485569578773388,-0.6060707934704931
2018-10-26,40.54308285694268,0.09508368173777346,0.8930351300412713,11.187854687031633,1.4765064178126401,11.331567529005248,-0.48789984074676396
2018-11-02,40.51728546196418,0.09482222098520092,0.8930514770985906,11.387637573304072,1.4196450175537751,11.435237343871279,-0.46351958711214764
2018-11-09,40.51266684437168,0.09498604832885797,0.8929457826805561,11.525554836310576,1.4873155820191328,11.434448706090198,-0.46105635977869014
2018-11-16,40.417688651325705,0.09369755888390399,0.8935110716417399,11.549728761426723,1.4330966059630845,11.615924494957202,-0.4238867042160702
2018-11-23,36.797013692756074,0.09310479411181682,0.8936115102583453,11.601210648917373,1.4259217511219164,11.164657325615577,-0.2363651900594218
2018-11-30,36.76173742935711,0.09266968426332943,0.8935824416401632,11.57743482817556,1.3447543278992358,11.284026545999584,-0.2091744647923122
2018-12-07,34.25420651095787,0.09223620319892611,0.8934142282284224,11.658531574975738,1.3614152511451014,11.033432379256372,-0.06574828697812818
2018-12-14,37.06859218174456,0.09304871591012254,0.8934272704804813,11.652916891872195,1.3630045468109897,11.348197695857374,-0.21745220517067337
2018-12-21,37.014936681462785,0.0920684310789994,0.8940115138270078,11.630637474393712,1.3085796301164456,11.429583059552137,-0.2024781346047335
2018-12-28,37.01371301917223,0.0929750347117672,0.8935353182153408,11.68936487921471,1.3192466463601509,11.427865979450116,-0.1994972913347087
2019-01-04,37.01382481258226,0.09217338679814807,0.8942415671126965,11.586810229395843,1.250015804183719,11.408018026883653,-0.2082512295393515
2019-01-11,37.04756890491811,0.09237305941079973,0.8947710075556831,11.503623141976538,1.3938011848355374,11.230871126494405,-0.2503078843900777
2019-01-18,34.048478303834436,0.09152851703760935,0.8950973044564539,11.519826461944163,1.3778063604280035,10.931806630607134,-0.08217576764075339
2019-01-25,34.032706629821355,0.09410754058090952,0.8918261793934205,11.475179196473341,1.3632647073412136,11.155206366339947,-0.014502979679276762
2019-02-01,33.996731873414994,0.0936951113171909,0.8916025920624213,11.479648004136614,1.3390084290165616,11.302847675963795,0.020226061980994248
2019-02-08,33.98029587941617,0.09323662510021123,0.8923490800895866,11.561979560104158,1.3253555267449761,11.363933824021037,0.02534508006503182
2019-02-15,33.91108793402397,0.09204412131928226,0.8932619226739803,11.45288879855797,1.2442742960858082,11.457524145442292,0.04035928182726977
2019-02-22,31.786745621797024,0.09264684749407383,0.8929474488323111,11.571192708930472,1.2351328185317423,11.171463493911771,0.1433105741267293
2019-03-01,31.665319229191166,0.09483285280977886,0.8891747330037887,11.480211962040975,1.2080834419887172,11.646302325169234,0.27647609375486326
2019-03-08,31.648995381456302,0.09473549637630965,0.8894953975589959,11.52425823315996,1.2977305790387823,11.663932824581554,0.27796167510258885
2019-03-15,31.52933022945249,0.09445873272638593,0.8897981647193401,11.61339432583324,1.2135213826802072,11.832270781174282,0.31058856601271806
2019-03-22,28.28905971191755,0.0951280141277946,0.8886992718909983,11.663073496464442,1.183797774966722,11.58311125650463,0.514325415554335
2019-03-29,28.23595620361099,0.09587153247474209,0.8873435264233981,11.846229184777922,1.1282777271391558,11.838833561122444,0.5780595806393192
2019-04-05,28.12531718473689,0.09439456272635387,0.8874022081723927,11.910642738425816,1.104567567841326,12.211092808707045,0.6630527809627218
2019-04-12,28.06630792884587,0.09354134493070015,0.8880744130515736,12.11530907022689,1.1367649584593233,12.295911068860068,0.6784744206300674
2019-04-19,28.002469758111,0.09222958245220868,0.8886953806105746,12.100517081664282,1.0984701272343205,12.501201908182118,0.7208936578499341
2019-04-26,24.850313560925713,0.09111625384052591,0.8886792259495023,12.287696335681908,1.0730806020823629,12.367825413828468,0.9376356188655041
2019-05-03,24.793496286992983,0.09128924420732222,0.8873364813976204,12.411739391140612,0.9983036304448688,12.755868647395546,1.0301421621753015
2019-05-10,24.68629572602536,0.0897381347178718,0.8873337836464087,12.51359126813821,0.9502416600481876,13.185425770788719,1.1272629860043426
2019-05-17,24.81153932132735,0.08965272939754651,0.8891563585110662,12.507072680658403,0.9459255619135309,12.778187293011397,1.0242045136101183
2019-05-24,24.75757940649984,0.08833428671962001,0.8889205729346175,12.639536927525025,0.9351014456487793,13.246961720833252,1.1258593436569033
2019-05-31,24.726735242334783,0.08850803655216262,0.8881029558429206,12.83121587570197,0.8716615181851898,13.48601889302266,1.182351828068237
2019-06-07,24.70461363244175,0.0875166108595254,0.8881574725574732,13.038845823613334,0.8017595772605977,13.770000836683826,1.2427868162762354
2019-06-14,24.62520734434661,0.08653068915119562,0.8879973688080587,13.115218190223356,0.7968351142372805,14.068131676420558,1.312435158228432
2019-06-21,24.500326295447827,0.08581071937096958,0.8875524493834875,13.182654701708207,0.731004456399416,14.378172910473303,1.3887481505793677
2019-06-28,21.27455620336834,0.08593342383363288,0.88736532986871,12.934322031898079,0.8359680776641037,13.848745517636747,1.5343120548127338
2019-07-05,18.097530760981027,0.08534378909128555,0.8875155889863867,12.894327994078253,0.9287370662905726,13.517839824681312,1.7105378335341692
2019-07-12,18.09263247150962,0.0866482049335148,0.8859446055244632,13.011569111265779,0.990094598912453,13.647573697170978,1.7518385610086817
2019-07-19,17.937550484740104,0.08672085737205999,0.8840188982648017,12.887008555358115,0.8720359700445444,14.24746878047304,1.8993325544156952
2019-07-26,14.004555207751414,0.08550085084189786,0.8856085424867309,13.14540344844126,0.7411752540722228,13.542127220401465,2.0498068971586094
2019-08-02,13.714825873222692,0.08787501458553415,0.8798387292146298,13.077367078119384,0.7823549881901316,14.624768144243873,2.3383476634701377
2019-08-09,13.931153250816214,0.08557936194679898,0.8853564436148622,13.126818058702712,0.7167564106120861,13.715454010145763,2.1074885318432197
2019-08-16,13.93117680770181,0.08528129469167586,0.8857624376617851,13.126817085677498,0.7168478932877393,13.715430048514877,2.10781038794986
2019-08-23,13.991400226599392,0.08417175631750505,0.8876684427899711,13.01192142789257,0.8086845634014689,13.467114368942664,2.038202945113813
2019-08-30,13.7647112752714,0.0852686387298976,0.8839883834316522,12.990163562173521,0.8205442778893642,14.323624741172035,2.260994984263979
2019-09-06,4.797751133904772,0.08445350222536,0.8816374815795769,13.219569128844348,0.8012316017171094,13.941114675951985,2.90631145091701
2019-09-13,4.611100343723793,0.08299769162196649,0.881281606839048,13.534047729496057,0.8072340320827068,14.600101430912364,3.055727151806988
2019-09-20,4.579111724721035,0.08247636423273377,0.8823095323138787,13.558625180073909,0.8346161886975498,14.722469174189973,3.0719893893162262
2019-09-27,4.415398750046723,0.08009694955200955,0.883003686922422,13.799905476225335,0.7706782503545319,15.238704975474853,3.186570972358074
2019-10-04,0.09995013329270908,0.07881678744621191,0.8820873140925408,14.050773254852617,0.683638688958558,15.25207212315663,3.5413431249287877
2019-10-11,0.0753597898984911,0.07799095083871917,0.8820962195835126,14.331614613229812,0.6449589164491027,15.578478197478848,3.612198765481538
2019-10-18,0.10619555862412014,0.07878382677355195,0.8817816673393916,14.487570296335518,0.7517295493222824,15.582801807296013,3.6122754192028057
2019-10-25,0.134864440114385,0.07774245808986092,0.882025977820054,14.593164318445075,0.8070829285851162,15.814463885822002,3.661597228388201
2019-11-01,0.14064440866754221,0.07671352293886348,0.8827906082388093,14.510412249509997,0.899741452556547,15.882695741753768,3.6709547998020486
2019-11-08,0.11270350036500923,0.07589613031347826,0.8829083744783687,14.644542740761436,0.9343374162134963,16.132733461564538,3.723117907520376
2019-11-15,0.11068835385392191,0.0765961549795235,0.8819606124421394,14.716226795973743,0.9207867670929177,16.28432932239887,3.7653431907282484
2019-11-22,0.0710083306284231,0.07580957778844293,0.8821846622669509,14.61943702155731,0.9734231094933644,16.469929886666137,3.8058416441210667
2019-11-29,1.0000000024188267e-12,0.07510426839189786,0.8817798286818463,14.607199257649949,1.05054023447465,16.86329845656252,3.8932619229350234
2019-12-06,1e-12,0.07499242214296928,0.8779496805939419,14.764507201017503,0.9541633964138477,18.22860593095149,4.204966543937827
2019-12-13,1e-12,0.07384994804314066,0.8774035446721636,14.681153310342426,0.8777740378418946,18.849957103510608,4.33209124598586
2019-12-20,1e-12,0.07370946637922637,0.8776589155358875,14.681157817382548,0.877736090378828,18.849951475371615,4.332177628836759
2019-12-27,1.000000681820146e-12,0.07472964376005584,0.8736886722054772,14.911622665497498,0.8664171676047752,19.868001073966603,4.58180903351937
2020-01-03,1.0000008552690669e-12,0.0742126820853326,0.8713649967469037,14.974255267737359,0.7583862903593055,20.816227311340104,4.804048884893792
2020-01-10,1e-12,0.07368721389228355,0.8711673778712493,15.02655696162775,0.8128735399987184,21.095664782082682,4.858497324016163
2020-01-17,1.0000001849706732e-12,0.07400999319813903,0.8664549471917447,15.095421367663038,0.7292266718720313,22.63883160426893,5.215387496867064
2020-01-24,1.0000000991367343e-12,0.07334365553041869,0.8653903253526405,15.27735030516947,0.6115853003076607,23.226972497774103,5.353659370806105
2020-01-31,1e-12,0.07199754222997548,0.8665842655230321,15.625859079257713,0.5384197761299864,23.147148739621706,5.358778649695833
2020-02-07,1.0000006441517181e-12,0.07069687016329172,0.8656153836023424,15.964186748977989,0.4547714065528373,23.872565812426107,5.53147703831884
2020-02-14,1e-12,0.06721529389453075,0.8840621864930772,13.959282279440203,0.6898615535784703,18.354337105882824,4.376067990645036
2020-02-21,1.000003807204163e-12,0.0645224497215293,0.8853636349335842,13.945693669963934,0.6211684215298321,18.904660847473707,4.475556195416495
2020-02-28,1.0000000479678026e-12,0.06400963319712424,0.8847344259055809,14.224884434393681,0.5373782839231132,19.297769232056268,4.573290820735025
2020-03-06,5.972139341640081,0.07626988770359473,0.8801178888508331,10.954187969083964,0.554980894746768,18.017650695963177,3.9828566249771002
2020-03-13,5.931119150947356,0.08376635355792118,0.8709237837216852,11.024503916369603,0.5179153369570269,18.728547221306872,4.249064808992743
2020-03-20,5.721864623126285,0.10271967278345286,0.8498015746563918,10.043711977172315,0.550158668663286,20.756408615854458,4.892813652497178
2020-03-27,5.825264090920027,0.10038506587254979,0.849739436266048,10.116918108080293,0.5379161085266225,21.446410747638993,5.054180258186332
2020-04-03,6.040080337196514,0.09875217450888371,0.8489158196270876,10.198349638557282,0.5121456645847907,22.191883999332624,5.226338436825361
2020-04-10,6.2640197002376246,0.10134173481768877,0.8441210117792534,10.299765027027004,0.41775632733438645,23.12810623743585,5.464315244474178
2020-04-17,24.6148636039123,0.10169473390167208,0.8428778810123314,10.443089638976923,0.4218469077041515,26.363877208098135,4.709567122542961
2020-04-24,24.612751022815782,0.10149037331911571,0.8413781515654277,10.394981457689855,0.28451942811405,26.93714239001526,4.859862624212763
2020-05-01,34.72951686023751,0.10122787250715076,0.8369305602363244,10.447994427142222,0.31399157893528973,30.275559958865625,4.815397422420123
2020-05-08,34.746472981354735,0.1017293921090654,0.8354462005688159,10.546491769346627,0.29124188536721735,30.25631510310556,4.88237111226757
2020-05-15,35.08367503751414,0.10091744568505824,0.8330414253236509,10.589266880724074,0.29380324489047605,31.127358113128466,5.108235740691626
2020-05-22,50.65768400335393,0.10073112933294612,0.8314506695551961,10.575764286196305,0.18106903150495904,34.25816299735095,4.560221850305188
2020-05-29,51.192533953659044,0.1001657611741123,0.8319796542444334,10.53504500813505,0.07814800769824456,33.99715343122175,4.512304989414906
2020-06-05,52.966116805347454,0.10089213153497782,0.8326416594196643,10.653708298851907,0.10105143915445501,33.5782818343443,4.318742612036475
2020-06-12,53.43533653263205,0.10098835185437141,0.8405823113599086,10.572558568512129,0.18501733968569536,31.53009504293888,3.7073919420369674
2020-06-19,53.45103721316549,0.10101773324318658,0.8402378714856369,10.629881995343476,0.0790481011465509,31.523386715968776,3.736026040756913
2020-06-26,65.17027628769928,0.10013514877394175,0.8389984412548649,10.638639826017446,0.10604704014552466,33.787846049795064,3.356800533363179
2020-07-03,65.27787314342827,0.09966642939604772,0.837097574196657,10.601285471720628,0.17442502575527455,34.30280209004547,3.528234530579156
2020-07-10,78.93435141408865,0.1000722716633721,0.8335514438449791,10.695260089670807,0.1659068762677389,37.284780112046214,3.17278068812202
2020-07-17,78.81278873542398,0.10040235308113776,0.8287114266351827,10.758928810534224,0.16055723638863048,38.47727826139774,3.540484774243748
2020-07-24,78.92864210851658,0.10106904560571091,0.8235696322067041,10.750871541446063,0.06109038040581945,39.818519217820814,3.9118843589402013
2020-07-31,79.13233805208435,0.10175219703158424,0.8200616609970116,10.644003529557969,0.16930745752688392,40.76087692642364,4.149636105857055
2020-08-07,79.78533218812665,0.09835677688483281,0.8348804909238412,10.64160734079558,0.26041711672079915,37.22728467376963,3.134451212560746
2020-08-14,79.85538112382419,0.0992219896158861,0.8308450670273371,10.55987720014228,0.36623330351192707,38.27736538302479,3.4184793290439823
2020-08-21,91.71727788299751,0.09979513198348829,0.8267723015041114,10.505624344964808,0.31222689571640766,41.36787849591216,3.2098681294812286
2020-08-28,91.73422860704501,0.10144933689077652,0.8207709285489941,10.632431357101492,0.2707197971745795,42.688699422443996,3.606591630020771
2020-09-04,91.98368019654652,0.10171198315590967,0.8169053570645255,10.694998381508837,0.22776987142865254,43.91572502210199,3.925385167770681
2020-09-11,92.6333126066197,0.10219516192287673,0.8102957480708143,10.803327742332144,0.18199507082919475,45.87823587969016,4.425653524010773
2020-09-18,127.78763896302937,0.10325935883607068,0.8031111933760164,10.885446467752365,0.13446003349122032,53.404934904676324,3.3936425779266073
2020-09-25,128.2446700681061,0.10244109412803169,0.8043129531681253,10.977511885701224,0.041814541446092285,53.078260206079555,3.318365677586202
2020-10-02,128.5811860282444,0.09869117213858704,0.8200168459552833,10.885655283193376,-0.05560404453422351,49.40168721662826,2.2945520373495953
2020-10-09,128.58145098522365,0.09819786574462748,0.8194376294078487,10.886612216309665,0.01559832644640516,49.39053617272624,2.3556236592535105
2020-10-16,128.5788094073274,0.09844266968792989,0.8194629842062586,10.97412177736112,-0.006388644991330794,49.35403010788013,2.3568804264243406
2020-10-23,128.5652543777129,0.09816377246998516,0.8196674599473084,11.073603791541288,-0.010963372966670376,49.04340496895541,2.3342748521704832
2020-10-30,128.56183753210476,0.09787969686027964,0.8196971546287267,10.970745850673937,-0.1135016194066147,49.05365992390831,2.34766020081036
2020-11-06,128.55293106256414,0.09852486973502528,0.8192558957197638,11.040346622389903,-0.2689163100681085,49.031005015115724,2.379432194379313
2020-11-13,128.54915295550936,0.09981452525976581,0.8174411184913498,11.204098166440602,-0.2305558322929086,48.999644090381764,2.445891529118676
2020-11-20,127.34200650273056,0.10357098776628952,0.8221009849060015,10.525194645505712,-0.09801596335239542,46.89259392741287,2.0093401164503866
2020-11-27,96.71642218245961,0.10092168368007394,0.8244754618729438,10.545196118614466,-0.18076174025399216,41.761020087356634,3.325642135544979
2020-12-04,96.72136274405182,0.10074206761812225,0.8241009542306368,10.648831152545934,-0.14092982242559518,41.7554736414795,3.355935555496252
2020-12-11,97.0471509619781,0.09968701443268659,0.8276336382969244,10.4976818960195,0.04461974099815934,41.16689889624177,3.1112209395591477
2020-12-18,97.0533350070917,0.09971241264677527,0.8267089475894929,10.556159440876241,-0.05381639832425723,41.16669529762052,3.1850239805136273
2020-12-25,96.98019695503854,0.09846305085644355,0.8270683053991006,10.376067791537084,-0.19158372441474741,41.696981070701206,3.2529312058818305
2021-01-01,96.87852341128837,0.09929105812595851,0.8199561873513431,10.44060511681693,-0.17997162308974413,43.3316553469707,3.8071527145085695
2021-01-08,96.87852324495714,0.09920758535187546,0.8195895416947151,10.440606738483725,-0.1799571363205732,43.33166040295984,3.8071383634883453
2021-01-15,96.99524048304738,0.09969536591300349,0.8173277929784915,10.399794363624837,-0.2683162906980296,44.36921365637981,4.008686630015278
2021-01-22,97.00645468404899,0.10214820616497669,0.8070687841075871,10.51929521993706,-0.2923414170741631,46.51780058122519,4.725840017122879
2021-01-29,97.48688781605489,0.10366876561382893,0.8004452945176292,10.611476010126188,-0.3227711271980806,48.336686420648974,5.170998519615378
2021-02-05,98.43982096141337,0.10159428609430099,0.8102076240363573,10.532368989788976,-0.2299163210963349,45.89533088084137,4.419167218343672
2021-02-12,98.98096610439129,0.09778627885267328,0.82888988033773,10.482468877913766,-0.05612234389773886,41.102196504591916,3.0721303820621486
2021-02-19,98.62737163888241,0.09754448658515238,0.828756132610277,10.363648408869384,-0.19700321130167808,41.302035242294885,3.115689314390642
2021-02-26,98.57190200938052,0.09808309971574655,0.8288588497064341,10.35914174055392,-0.21030989350408297,40.861753492003466,3.072697405214999
2021-03-05,98.0946642341244,0.10073353796966764,0.8188382258853113,10.392252129310025,-0.28935785193950453,42.99785688270206,3.7870521595662563
2021-03-12,98.09342332312497,0.10044156623267234,0.8180056248998663,10.462174924977978,-0.3136464175448358,42.99133966295906,3.866330202994848
2021-03-19,98.00378086754317,0.10026028174826507,0.8154841941858966,10.525985958606302,-0.3216366549315199,43.514435813788495,4.088294779212398
2021-03-26,98.01523319283037,0.1006819339377202,0.8111383300184726,10.575882537370454,-0.29199691490975166,44.43354778848635,4.4166205779353644
2021-04-02,98.32263495020227,0.10200368500598586,0.8040453003607194,10.58308086413062,-0.3598631260318181,46.21640215757898,4.926901606095073
2021-04-09,119.955164842599,0.10429021370126042,0.7956408692418226,10.553449775249081,-0.4162260537435165,51.82724958445399,4.55933450258575
2021-04-16,119.94872431576533,0.10670738742395884,0.7862151841665594,10.651413362161446,-0.4297749714749326,53.898212622017034,5.201497852937619
2021-04-23,120.14019612475006,0.10906412002289675,0.7783286914789422,10.573661658689247,-0.5351790034463526,56.18783666852165,5.736769242627735
2021-04-30,120.51196258375343,0.10961391784490694,0.7727399901379698,10.737831266689636,-0.650891500365199,57.42975975770419,6.176425926595213
2021-05-07,121.1808280028682,0.10207317768124041,0.8028654513228886,10.435115351190104,-0.3615641492874543,49.826937761905775,4.066749001349384
2021-05-14,120.93920563098543,0.09892393014768194,0.8137340142342266,10.35014924754134,-0.4710511823541468,47.635820736984506,3.3206666270366445
2021-05-21,107.03066874844669,0.10099453705377393,0.8069207889677407,10.583075223694282,-0.4345021611651746,46.31452302604245,4.379911580412119
2021-05-28,107.02419133487784,0.10040028881399982,0.8087540538386429,10.415878314174583,-0.5467912267472438,46.352997307488394,4.255124031877559
2021-06-04,107.0312853629179,0.0996875276675307,0.8099486042296397,10.336453739447908,-0.6020192434601201,46.3568541389501,4.202004744440847
2021-06-11,107.46457850281863,0.0988483963895975,0.8129514604603967,10.207058932454613,-0.685297637085387,45.798864385507756,3.968922854583487
2021-06-18,121.23086832533608,0.10032601107997503,0.8091279291824707,10.088832124339223,-0.5947079879168672,49.178484176247665,3.627637069417444
2021-06-25,121.3899559809571,0.10049137119613234,0.8089155041998333,10.237244037044732,-0.6903968951298205,48.44906133627023,3.6161108728937594
2021-07-02,121.26980525228439,0.10090804127781819,0.8054675368518897,10.211971377454962,-0.7316924627234259,49.31735979671768,3.9062533394306707
2021-07-09,121.2834661722198,0.1008409020350175,0.8045742690568057,10.32562272329129,-0.8260891330696,49.281081156202504,3.978559174985256
2021-07-16,121.67217359293804,0.10023725310611303,0.8058371242127742,10.375392256129022,-0.8500471317964459,48.757717920397205,3.862559073426934
2021-07-23,121.68267296263505,0.09989783378040604,0.8049843467648229,10.525945568455436,-0.9147299729286147,48.736701791992026,3.946337275577301
2021-07-30,121.69126874154716,0.09990456877462311,0.8047745821674467,10.50929680446306,-0.7637776644770709,48.73385646200446,3.9642155297725217
2021-08-06,121.70021207300653,0.09974430456685054,0.8049683990071479,10.430227753429493,-0.8353740481275596,48.737222233453615,3.95834090549685
2021-08-13,121.52228748747054,0.10143484447937418,0.79575100174255,10.626918409174813,-0.7567853735030363,50.32289826264272,4.68859136816897
2021-08-20,121.52385348090802,0.10079871448790365,0.7968107750975011,10.646267033243506,-0.7687027004242579,50.328682342389826,4.629545696757854
2021-08-27,121.37914024798675,0.10159679363979823,0.7931433909709297,10.777945639371328,-0.8094703840600262,50.89510046091019,4.91177672323458
2021-09-03,121.50105254131267,0.09980500508347948,0.8026940384267294,10.62537850273399,-0.6111380797165776,48.90139570758992,4.1782077512438915
2021-09-10,120.84128583509263,0.1022122960098394,0.7893335064156977,10.740511942329022,-0.6580463018130679,52.25227102715719,5.250642767796236
2021-09-17,121.35027164001562,0.10053664562631993,0.8002994367777302,10.643193955892684,-0.5789944909724538,49.572556477069035,4.326521130380145
2021-09-24,121.99121122245016,0.09899789586551454,0.8092888759070896,10.446737017103521,-0.41439671577673365,47.61105978921798,3.595483219536164
2021-10-01,122.04725884843035,0.10012348450353789,0.8052552784709421,10.516010974656304,-0.2979076690211431,48.64981019641051,3.8814218770478157
2021-10-08,122.52349019213113,0.10021336908026039,0.8079386550613686,10.414840644468216,-0.34328699261419654,47.96808812261729,3.5975085645884883
2021-10-15,122.57950871842154,0.09976025912855653,0.8066913027904418,10.437849061297598,-0.34901089668834495,48.48215721980091,3.763978386161938
2021-10-22,123.15724709659479,0.09874721524083026,0.81139797640656,10.451717028286199,-0.3322207339397994,47.51042674676979,3.3733010656504474
2021-10-29,140.5214662571499,0.09883620823160849,0.8161816568003769,10.255310869024646,-0.19274730206729684,49.050021166112806,2.175398505021434
2021-11-05,140.84190513186988,0.0974944239113815,0.8228165732646296,10.212409975093859,-0.15187960954719398,47.63333481263141,1.6605340690969257
2021-11-12,140.81137146409114,0.09925607838223932,0.8191220427516199,10.08869643259404,-0.2305923944591826,48.34326563114602,1.8689151742822394
2021-11-19,141.20219862674637,0.09914673537605097,0.8247604325259428,10.104083812823603,-0.23909690493983837,46.79630039191211,1.3506883508375254
2021-11-26,140.76865030500437,0.10073443354444335,0.8117786718141253,10.279873517688388,-0.39916800695686955,49.92810223103396,2.450907901188712
2021-12-03,140.30655689236988,0.10112022439415984,0.8038436104270171,10.303787372443493,-0.5794358288148063,51.94661929086537,3.2297923644899686
2021-12-10,140.36061517503208,0.0993076001361218,0.810798625065278,10.348305803713696,-0.5623710857351335,50.254486148560304,2.7239447245449004
2021-12-17,140.20070379677986,0.0992763343683197,0.8091300406656416,10.332610687786618,-0.5891581336650085,50.5573674412173,2.8756456023968
2021-12-24,140.4377413910006,0.09709110076181748,0.8161300928547265,10.275524250383533,-0.5387022008110257,48.959711306643946,2.380910707218532
2021-12-31,140.4387652938854,0.09650257956718632,0.816151218494912,10.291337015387194,-0.5287181303436754,48.95315143958268,2.435234168871067
2022-01-07,140.5834310615348,0.09592752523309458,0.8183567701725946,10.322522273059526,-0.5206142440497933,48.27511886333626,2.256826649829778
2022-01-14,140.04040117579504,0.0967605453486434,0.8084529626079194,10.456805466575334,-0.5188237010721242,50.8898035465296,3.180725287416187
2022-01-21,140.1786865162942,0.09496266720362832,0.8129917576958996,10.384079613225875,-0.5574135080647104,49.88166718365327,2.891361053118744
2022-01-28,140.17667861689725,0.09494634388791207,0.8122221210520978,10.434497623870342,-0.7153099820772589,49.88158306875575,2.970959023034728
2022-02-04,140.18104913903593,0.09490033521109459,0.8112813194481502,10.422216409885763,-0.660189146271628,49.85978350740707,3.048324377548024
2022-02-11,140.18255729035928,0.09495781708238867,0.8091173043093995,10.561534923703906,-0.6111724767158425,49.837222859674476,3.2212860604123876
2022-02-18,140.174833393587,0.09478636602070072,0.8075271650639716,10.690508621264748,-0.5374397300010403,49.831737741383954,3.365520244643508
2022-02-25,139.73087482090912,0.09545695449549117,0.8014082839620565,10.823731586049416,-0.690033486253096,51.151768354553916,3.9082610635099675
2022-03-04,138.33478496861386,0.09965212783483146,0.7818888151667518,11.060328799775586,-0.8363327187645043,55.36412673515019,5.509398453724924
2022-03-11,77.56890580686836,0.12878598368223823,0.0015292224844759862,12.13077271653735,-1.7752304098854488,281.9858839796883,80.8781569435339
2022-03-18,77.40417746122597,0.12425861034239029,0.00855927333722949,11.985174744175836,-1.677063373466803,282.0654308956404,80.47032581924728
2022-03-25,6.499578504576025,0.13362027971069682,0.08312225918303744,12.136048857087651,-1.6060218902648722,237.45474409678116,75.3786651065598
2022-04-01,6.309924397858312,0.13153467192179497,0.08825528592737217,12.023173658176947,-1.6999447531989513,237.60506690280062,75.05748648709886
2022-04-08,6.250655281984919,0.13238593246236155,0.07578823275874574,12.091382372507512,-1.6652489845633573,237.42900332262687,76.04500606113157
2022-04-15,1.000013544647397e-12,0.12980878294815967,0.05453767412373529,12.16219944207046,-1.779347369972628,240.95523652817067,78.4520429538336
2022-04-22,1e-12,0.12936495993035338,0.051844517511694416,12.087678475165102,-1.8475849499985404,240.89226852547063,78.67257111296487
2022-04-29,1.0000005333796454e-12,0.12948399571731486,0.04798138552591457,12.079651945442142,-1.8753131898975195,240.63655316523847,78.98939194624658
2022-05-06,0.0012465537410165997,0.12835468932122124,0.04302845557106441,12.203551963156638,-1.937982901244933,240.39343223917146,79.53094027486861
2022-05-13,1.00000024047742e-12,0.12660363345510942,0.03191893355893614,12.308522733907456,-1.983555109610245,240.09104108844744,80.57344616548646
2022-05-20,1e-12,0.12596369731480775,0.03256153313767485,12.281023729951533,-2.026278907557613,240.07869625063648,80.57830995521213
2022-05-27,1.0000000136307811e-12,0.1253706718337183,0.02671516798589739,12.287139100871977,-2.0369579361421923,239.7203258259201,81.1364285882305
2022-06-03,1e-12,0.12340541551663531,0.018487239169298453,12.44782081878657,-1.9747270249357136,239.24836011173414,82.05661713311821
2022-06-10,1.000002986665327e-12,0.12031124343669748,3.325801643029035e-19,12.506393316401741,-1.9976413183453465,238.91085745048596,83.75665060331754
2022-06-17,1.0000002725238501e-12,0.13027482502141677,0.05907946232979586,12.792746318681354,-1.870810800869577,240.34064856984637,77.73499456992923
2022-06-24,0.0015653892519881382,0.12360461716340958,0.011595915755244858,12.76217862266965,-1.9625993834651534,256.8632168914388,82.79861925484154
2022-07-01,1e-12,0.12444477181482923,0.009996893437422048,12.614055454505788,-1.887052847716949,256.8564994851418,82.77578494021252
2022-07-08,0.0016498125638450484,0.1236597314037028,0.028367876527023245,12.491064316546666,-2.0169665424877388,256.9495871255955,81.19228339764383
2022-07-15,1.181258909689807,0.14264710090655647,0.18220813968246058,12.40840387976501,-1.8485508505880242,195.8248400078289,64.47734510469311
2022-07-22,1.0908292776449968,0.1407568281337618,0.17785575647783608,12.555349604528558,-1.9472063401962185,195.8395273721489,65.06261050140486
2022-07-29,1.0000458175951914e-12,0.13934002606278123,0.1777573483301458,12.573273116366535,-1.9704657770424805,196.37269034612834,65.23812697956214
2022-08-05,0.0005634571504283013,0.14031242200475463,0.17929882721666546,12.499318619419245,-2.025275480861086,196.67331504583538,64.9697891013771
2022-08-12,0.0007011387076638855,0.14159099338983624,0.1752168335149777,12.575925026433817,-1.985783561868144,196.62753762809393,65.29135005010377
2022-08-19,1.0000003758799843e-12,0.14035672764367474,0.16583289516953217,12.619396099476475,-1.982088466841634,196.51827731226646,66.1559929330738
2022-08-26,1.0000009115155096e-12,0.1389688712879434,0.1603577035267297,12.749912210757229,-2.048531378521457,196.48819572136878,66.76587075840828
2022-09-02,1.0000002243547802e-12,0.13759597298700227,0.1533818410611968,12.861187656646292,-2.1197143141714925,196.44521011959637,67.47719534695871
2022-09-09,1.0000005629021991e-12,0.136899789670121,0.1515287968330299,12.832006617033114,-2.0339305612612,196.49264856971135,67.70058669836823
2022-09-16,1e-12,0.1314956544327623,0.08111901092751456,13.023817274508596,-2.0776982351845814,217.41946065728845,74.83774868647377
2022-09-23,1e-12,0.13269408677898084,0.09136413458148904,12.855353809892643,-1.9409759903425756,217.6104073917462,73.82460413402485
2022-09-30,1.00000002935438e-12,0.1326170800242971,0.09583399957857246,12.806958710741075,-2.0408451380409693,217.51655865808357,73.44380240742146
2022-10-07,1.0000381579385006e-12,0.13898321622191698,0.17059198161050165,12.830280578759963,-1.9683047798238458,190.3650929587722,65.73300901226601
2022-10-14,1.0000000000262078e-12,0.13800511881464464,0.16262085111802554,12.841186136405089,-1.933316463836424,190.05692092932327,66.475084112497
2022-10-21,1.0000000324954242e-12,0.137290018274303,0.15415265392356792,12.853616564019713,-1.9443429853049177,189.82951491004707,67.2306068595231
2022-10-28,1e-12,0.13638251199573015,0.14619139883624055,12.977156483088486,-1.9095473689246492,189.57354965180332,67.99754435167459
2022-11-04,1.000000783311137e-12,0.13553448103226298,0.13246664411908882,13.028445150579095,-1.856750648535362,189.471549083732,69.18091548889248
2022-11-11,8.166153955939004e-05,0.1360908378486673,0.1463706258650741,12.89839038251413,-1.7324144648273327,189.72907675386125,67.97123539154474
2022-11-18,1e-12,0.13678059195491504,0.1392368852225639,12.915063395739983,-1.7176365126263549,189.40246394918555,68.51473861963325
2022-11-25,1.0000000491499298e-12,0.13649548787670637,0.13599109430991377,12.929762661097774,-1.6548155504931346,189.23038569346886,68.81308864108324
2022-12-02,1.0000005794057561e-12,0.13609467309257292,0.131819810958206,12.98196556552313,-1.62500701386963,189.03396860902586,69.18652868174962
2022-12-09,1e-12,0.13556138248178864,0.1297425376804509,12.993124761869096,-1.6530239940647486,188.97555243336208,69.38342709732738
2022-12-16,1e-12,0.13540309586401303,0.12038093310705146,13.02498948791346,-1.667173774128329,188.94702040913793,70.16165071566573
2022-12-23,1.000000000023556e-12,0.13606726837988672,0.1267798383937434,12.899488987205963,-1.621784320262258,189.06544920589022,69.56989916245658
2022-12-30,1.000000132637499e-12,0.13651111043749675,0.1225889485789981,13.031410077083521,-1.568335290616204,189.03961141844468,69.93364345303893
2023-01-06,1e-12,0.13561156371683625,0.1229286133845823,12.943921943275376,-1.6034684221852886,189.05048062068226,69.93473555680052
2023-01-13,1e-12,0.12027499327617548,0.00815498255421745,13.163420267186916,-1.629868952974939,230.80312023613328,82.60197093801257
2023-01-20,1.000000424861156e-12,0.11848242180973023,0.020814496235258755,12.945471111756405,-1.6920900303716613,230.8138709825463,81.54411095046575
2023-01-27,1.0000007109323247e-12,0.12018234217694483,0.010971085790374516,12.980592664443655,-1.6897943986499815,230.5677165466801,82.21722507745096
2023-02-03,1.0000017472514694e-12,0.1201491789450336,0.01449639541266424,12.985694537990826,-1.58284154363292,230.41851248371734,81.97128565377979
2023-02-10,1e-12,0.11977743073336315,0.014789047292505334,13.039004673780806,-1.5272098630571533,230.39993401668437,81.99495700929891
2023-02-17,1.000000544540619e-12,0.11867382071839881,0.0013045378026789861,13.074776403662725,-1.493577182255684,230.19546710770192,83.14766362574598
2023-02-24,1.0000015643079546e-12,0.1201079140367327,0.01088728000177832,12.947451505305345,-1.3758542227765755,230.18283260887435,82.2140365911303
2023-03-03,1.0000003945637171e-12,0.12118617055758134,0.014780500554645554,12.97965413039508,-1.4186495653976132,229.998355724769,81.82495103631838
2023-03-10,1.0000001095981008e-12,0.12050415564990262,0.007363467012134009,13.103531840305955,-1.3588668800976584,229.8340282010639,82.50513846293343
2023-03-17,1e-12,0.12099087906537125,0.014038933720909731,13.121324398567506,-1.467618360723224,229.89336269974257,81.97188991810062
2023-03-24,1.0000002237550812e-12,0.1300992529211037,0.03451094775622025,12.490686836503546,-1.5160442081536818,230.16535553374212,80.63453142865633
2023-03-31,1.0000005122721516e-12,0.12332566563716171,0.03638875252302885,12.379815120847436,-1.5098273074873139,230.21796044403666,80.88569749209285
2023-04-07,1.0000000837325526e-12,0.12324792646917075,0.04957051902150456,12.52647890710745,-1.4321266336957894,230.42651636320718,79.94588790810334
2023-04-14,1.000000532679428e-12,0.12103592544364619,0.04628010422383614,12.534200722788672,-1.417239650599695,230.4562324649252,80.34726960081909
2023-04-21,1.0000001726672851e-12,0.12079133759525289,0.04760661379781232,12.577218759488908,-1.3298191746590535,230.49321785236614,80.30636104440134
2023-04-28,1e-12,0.1133122781062774,7.952201376085859e-24,12.577992871862604,-1.3661517120645463,248.56330373849318,85.61556219147509
2023-05-05,1.0000006811210099e-12,0.11495334944482642,0.005554935558318096,12.517036433674479,-1.3490082426331789,248.4931916826339,84.90846739395407
2023-05-12,0.13036222136982273,0.12236568481513749,0.04685098554333936,12.446146894920014,-1.2792095710862785,230.16142757860317,80.09668734824963
2023-05-19,1.0000214088967754e-12,0.12269171008249675,0.03980851945462632,12.467593606860182,-1.290455958268983,230.15396707435838,80.60064071163745
2023-05-26,1.000000232720002e-12,0.12383700159831339,0.04459644812532648,12.298621845179856,-1.2228827634427293,230.14342770151765,80.0733328590303
2023-06-02,1e-12,0.1316237157256061,0.08807741782042496,12.317847493171932,-1.1803049923013558,213.76190608109408,75.16865032367959
2023-06-09,1.0000000085842883e-12,0.1316158118537294,0.08789603612871968,12.31784808936586,-1.1803073104105841,213.76190789499134,75.16864608703338
2023-06-16,1e-12,0.1318966240298577,0.08736471997220621,12.317756607274646,-1.1912168080003849,213.76375201120038,75.16662406404035
2023-06-23,1.0000001481769847e-12,0.13269612138477982,0.09062804214402301,12.241095245463558,-1.115862531615475,213.88733625779358,74.83089704599787
2023-06-30,1.0000003116669449e-12,0.1331410461737775,0.09433575174122728,12.343799014915563,-1.1698889269520716,214.08286749866488,74.5236492431808
2023-07-07,1.0000000000663525e-12,0.12455412607534427,0.037524424803160275,12.547637376326733,-1.1618412737844093,238.8078646269996,81.14108217160633
2023-07-14,1.0000005458197387e-12,0.1224883285269647,0.03817507019619424,12.480198103367043,-1.2071338095458994,238.8147859716125,81.16349143965222
2023-07-21,2.7813970018380126e-08,0.12244692020104973,0.041140772193989116,12.482938650496305,-1.18193535252362,238.8270387277669,80.9728317612724
2023-07-28,1e-12,0.12276134599274179,0.04088409545550528,12.523793252949758,-1.1215707915113444,238.84788813620642,80.95879935273423
2023-08-04,1e-12,0.12297002102434779,0.0440333929662103,12.439745937404062,-1.1225836573875854,238.90111450876844,80.65247650304579
2023-08-11,1.0000000863827969e-12,0.12427784308514683,0.045796233887467654,12.46417312363201,-1.1317449397464707,239.07355349942736,80.3993761571943
2023-08-18,1e-12,0.12474075890162406,0.04834071373710429,12.394076791296142,-1.1784408540182056,239.1729004984941,80.12427074454749
2023-08-25,1.0000000542315202e-12,0.12564603260571539,0.052144156445927695,12.34987848226635,-1.172439218486892,239.24847240887553,79.74546144412741
2023-09-01,1.0000001607622334e-12,0.12653149463360686,0.05098671365029993,12.369510430096307,-1.1695069605224215,239.2499893838158,79.74509307234544
2023-09-08,1e-12,0.12815202513414214,0.05358525031322218,12.19743784621548,-1.095936941972418,239.11506399155755,79.35522966044833
2023-09-15,1.0000001166935909e-12,0.12942392560087604,0.047481826712788104,12.350383180721701,-1.1510639900727089,238.98489356757526,79.77968544009126
2023-09-22,1e-12,0.13061682209895448,0.05015042536227556,12.258770060378943,-1.0365155520991236,238.83909260416473,79.43528859789255
2023-09-29,0.04349032900433943,0.13440123865622408,0.0648478752965587,12.161477959748893,-1.0037371464726137,234.73757582083897,77.73914913177029
2023-10-06,1e-12,0.13470572661197208,0.05824312779257015,12.155099819484052,-0.9377617114526358,234.35156222702932,78.21328482298449
2023-10-13,1.0000004828804395e-12,0.1363077155858709,0.06480995225218909,12.08135151237526,-0.9123188900303791,234.15644379338204,77.52157211330176
2023-10-20,0.0018019436847509752,0.14693536337341465,0.13805429538154204,12.016441174846461,-0.7995089737871881,202.69276623668915,69.20192197537364
2023-10-27,1e-12,0.14773344586739454,0.13710600633485875,11.995792980376674,-0.7965585157319282,202.6924811242648,69.20934235379289
2023-11-03,1.0000001796244387e-12,0.1480082439235635,0.14274047373166382,11.808917741496764,-0.8484589465066535,202.3861487577425,68.62975837956597
2023-11-10,1.0000002277996624e-12,0.15031107148068282,0.14880309702458144,11.875160040288055,-0.8188756640948057,201.94290899370105,68.01116026992814
2023-11-17,1.0000161589548053e-12,0.15494659650127132,0.20298471687274425,11.820407049196996,-0.7215843746816815,179.63858414972222,62.14145975494661
2023-11-24,1.000000114465089e-12,0.15418728194578452,0.20583514080714313,11.856959873733748,-0.6944660543222612,179.6778118809966,62.00663164291804
2023-12-01,1.0000002027924782e-12,0.1536819989125622,0.20616044258961863,11.821533006223316,-0.6680947776735507,179.68896645951722,61.98293948364193
2023-12-08,1.0000005281193216e-12,0.1544743006746104,0.2052779632060894,11.756708597744078,-0.5911949538401632,179.7006803922494,61.97506616765599
2023-12-15,1e-12,0.1551864255946085,0.20784993428005344,11.764392036248752,-0.567160039663246,179.820554726171,61.719848978949656
2023-12-22,1.0000000062021669e-12,0.15558836602799914,0.20979037189775065,11.69963410543945,-0.5487245337171286,179.88001319840214,61.50628987237135
2023-12-29,1e-12,0.15660680745027877,0.21184929563914615,11.656489259917281,-0.5571918754666262,179.93856393677189,61.2486394850797
2024-01-05,1e-12,0.15774354449950712,0.21070565424365076,11.674121794170018,-0.5674411076695484,179.95158128801953,61.23512327949741
2024-01-12,1e-12,0.1539538388550032,0.163088458897585,11.73054494910198,-0.5273893045994267,197.33321606568197,66.27728163479067
2024-01-19,1e-12,0.13109579039758773,0.0,11.976792418487793,-0.7919313526032082,259.75879987870303,84.18961439997663
2024-01-26,1.000000169870022e-12,0.1745997875733474,0.4046449951283331,14.043981456294695,-0.18781566851482667,99.21096925600297,39.648958513846765
2024-02-02,1.0000001143790018e-12,0.18018238901065453,0.2964571004101747,14.061430177014588,-0.2744345937673994,131.8969373896344,49.65223970990534
2024-02-09,1.0000011025155178e-12,0.18082563767232834,0.4000234047072335,13.977454754405727,-0.1077281268949053,97.34160281903705,39.476391573741445
2024-02-16,1.0000005550011854e-12,0.18179034340889313,0.4010329662343617,14.004633150501077,-0.16129697532597928,97.39330809167319,39.30290622560805
2024-02-23,1e-12,0.18117443543211334,0.42920605499046777,14.150505841620358,-0.08403083214344881,87.73641985683952,36.52260519067018
2024-03-01,1e-12,0.18429551870258337,0.41244283281356164,14.120506456239273,0.027152878098775562,87.45078072211297,37.624510620388776
2024-03-08,1.0000000087328476e-12,0.17919860751396718,0.4142624105108027,13.790721114707601,0.05816992474424416,87.40679722042294,37.676708996359004
2024-03-15,1.0000015601692335e-12,0.1773234923173169,0.42052420380874855,13.70662753778752,0.09872697721553148,87.15091430698158,37.2847638656998
2024-03-22,1e-12,0.1806528643842877,0.41559530949636264,13.811179083914501,0.18011811360552035,86.92108464409463,37.52661787517491
2024-03-29,1.0000000002501458e-12,0.18026000174328483,0.42195663283445767,13.816323456159726,0.2312584752163287,86.87655559767273,37.05596152233089
2024-04-05,1e-12,0.17540623391633403,0.48380284241766264,13.919207819572389,0.37036921795675515,70.3166632478061,31.64115816890686
2024-04-12,1.0000020230587454e-12,0.16804214104121057,0.5393348602633219,13.820272146408069,0.4880398753582726,56.5596922825225,26.9849218480181
2024-04-19,1.0000005407677515e-12,0.16502221252516774,0.5578145892273982,13.835882068983794,0.4449665035470039,51.41133363564093,25.434702135753685
2024-04-26,1.0000015115459223e-12,0.1641184528229731,0.5664686801161037,13.9496624201259,0.5121131636894677,47.83634795570515,24.572062465848237
2024-05-03,1.0000001052863583e-12,0.1683496568022074,0.5450653629863237,13.959214014226529,0.5917145053838385,49.78042148638691,26.069235714132343
2024-05-10,1.0000000007022319e-12,0.16689052941897128,0.5405457657045936,13.770441936377583,0.5703032027213883,49.77678202113592,26.4749494238418
2024-05-17,1.000000256004397e-12,0.16319011064891487,0.5419858672212742,13.55687723415314,0.5795718065795986,49.82251342151584,26.56599557660993
2024-05-24,1.0000006752589344e-12,0.1613014552128016,0.5428529648893035,13.700667691710745,0.6349577360971069,49.827050673040816,26.551015822915268
2024-05-31,1.0000010698236901e-12,0.16231268207802943,0.5338857918253032,13.904983849911366,0.6146697515659901,49.51458324977965,27.065695616664943
2024-06-07,1.000000397584226e-12,0.16625303874064845,0.5131723997015909,13.774019852524944,0.6405225277538977,49.370120879722904,28.34607350781113
2024-06-14,1.0000007575101123e-12,0.1667480274309087,0.47991980751410246,14.057623023785329,0.5483233394217926,57.47510007222706,31.174873282281958
2024-06-21,4.370448473967076e-07,0.16439600940181573,0.3898363810880913,13.187382138069811,0.3752700033578269,74.07711684029145,39.48923425625411
2024-06-28,1.0000006895567042e-12,0.15513944328330384,0.3916672698642156,12.877411107837851,0.33566490048533754,74.08087914558013,39.8329432377242
2024-07-05,1e-12,0.1539892663672896,0.3855153140882893,12.719838305554864,0.31485207859298264,74.37921824510856,40.35557844918956
2024-07-12,1e-12,0.15462559975597437,0.37842693653860754,12.735449742759334,0.35002063223513535,74.64954962016303,40.89822235661539
2024-07-19,1e-12,0.1537315593450342,0.3395369033723436,12.594595176609506,0.2947580919760497,85.14273336980783,44.41532636042604
2024-07-26,1.000000064810172e-12,0.15524849175794447,0.3285895246709971,12.542136629241629,0.286731873104637,85.35324582137721,45.12993356504272
2024-08-02,1.0000000677466839e-12,0.15495743620799227,0.26038726881614066,12.346231878816853,0.22832496371188854,103.00239921508569,51.257475925059914
2024-08-09,1.0000018840696463e-12,0.13787743060613372,0.10079507603762368,11.98820096223584,-0.07445628800647353,148.83673690470738,67.58689163527194
2024-08-16,1e-12,0.13169922220168356,0.13828120003867175,11.796180950999137,-0.1140914503236554,148.92886044046367,64.96515933091878
2024-08-23,1.000000310416333e-12,0.1388073369528018,0.2179041022381199,11.766734687554836,0.012932354033078566,117.22912317000657,56.66728018387448
2024-08-30,1.0000000449118806e-12,0.13820409165445569,0.1923896421871746,11.6646307868021,0.07254826435875127,117.00273548297325,58.621688747720306
2024-09-06,1e-12,0.13866051417546923,0.16238657211702856,11.627649536897339,0.07950549009080553,117.4981542948027,60.953544210392415
2024-09-13,1.000000000212195e-12,0.12688394938163647,0.059922354308896156,11.686870011535044,-0.13154596494951087,158.21936386870607,71.69276601041351
2024-09-20,1.0000005364175624e-12,0.1266689310846898,0.06849367942263597,11.720892839550409,-0.12069443531890589,158.42770070949052,71.04435878657692
2024-09-27,1.0000001967775268e-12,0.1273442627675966,0.0875588032234296,11.70583607817784,-0.08930694648865437,158.5035499013248,69.53592955136737
2024-10-04,1e-12,0.1270664091365219,0.07345870300034635,11.614897772898031,-0.03406044992675407,158.19252772395717,70.57997055593538
2024-10-11,1.000000767266122e-12,0.12785303853673377,0.08158084969539181,11.7113852032992,-0.07463440873587154,158.35280791182603,69.95002240271519
2024-10-18,1e-12,0.12788815020962388,0.10053962600846361,11.703778238191333,-0.05913054238061685,158.5314779246174,68.47350442245741
2024-10-25,1.000002224406917e-12,0.14358455827035566,0.3768797107412738,11.747695407599945,0.25284841081107035,81.35859162373166,42.05232884679162
2024-11-01,1.0000000101446458e-12,0.14442860330116963,0.36555479864291107,11.571851190548234,0.20007673511040294,81.22676523156292,42.82296641191686
2024-11-08,1.0000018590326849e-12,0.14596744415930102,0.37166860590209366,11.557376607111019,0.2165909538949869,81.32799842543952,42.25606268371639
2024-11-15,1.0000000065589144e-12,0.14657323243085418,0.36769405684537143,11.617559950212806,0.13449331834560346,81.27544622844432,42.50999045507019
2024-11-22,1.0000007280949675e-12,0.14715055269396604,0.36022863133793837,11.502748016214118,0.11475315346397523,81.31702923206942,43.03890245135537
2024-11-29,1.0000000297061562e-12,0.14722015720759993,0.3692919897718085,11.6563139908237,0.039926491347288,81.61324215340719,42.38498234216125
2024-12-06,1.0000019968883367e-12,0.14591613939129885,0.37327126329069943,11.579228482337427,-0.0015803723982304443,81.8437897825532,42.132615305206556
2024-12-13,1.0000007705977202e-12,0.14446065015185566,0.34636174885413207,11.647069425412411,0.003286640167384813,89.93645552354036,44.77492359166687
2024-12-20,1.000000226657598e-12,0.14322419312358875,0.35107278162066,11.574255175929459,0.042594912211300046,90.09677906294641,44.483423049863056
2024-12-27,1.0000006028987776e-12,0.14246531843660507,0.3548445407786796,11.684859428148252,-0.02099784676623358,90.27718578237044,44.266969699698436
2025-01-03,1.0000000090239189e-12,0.14163019604981758,0.3554486265430409,11.621110049388014,-0.03186980656332571,90.30225442216624,44.25645140021031
2025-01-10,1.0000016808745246e-12,0.14195462594272515,0.361064648608643,11.621049722517157,-0.018881009175439847,90.51980169116722,43.77829363426103
2025-01-17,1.0000002487705821e-12,0.14182753789083824,0.36142887285278813,11.643781144552282,0.07590479584028469,90.522586208223,43.776097676892356
2025-01-24,1e-12,0.14157765566002198,0.36220335136296283,11.64372061410769,0.09325249836108168,90.52450640305331,43.77527521249252
2025-01-31,1e-12,0.14206345137942622,0.36195248321262175,11.706001367282495,0.11308882973635619,90.5400276117298,43.76945052246541
2025-02-07,1.0000002805178463e-12,0.13927937447169858,0.27176895984676464,11.738066983529071,0.046796099209305775,114.52101649399283,52.073680174388464
2025-02-14,1.000000002126102e-12,0.14001250687184302,0.2801109287164266,11.653900430052273,0.1826482358201647,113.86509967805573,51.362595769043395
2025-02-21,1.0000013465020624e-12,0.1435653048284053,0.365588406452947,11.74701202193936,0.3209585889179798,89.92999637154409,43.365298107351656
2025-02-28,1e-12,0.14337383900643857,0.3654405609861432,11.693980969787605,0.3236073522891022,89.93429538884337,43.36770715280895
2025-03-07,1.0000010079790887e-12,0.1431257883998558,0.3666169083039299,11.731039039179745,0.4168745650922362,89.94788488668253,43.35628176602749
2025-03-14,1e-12,0.14416061005222067,0.36635781762388225,11.888786180803038,0.4911709652614786,89.97043657584348,43.37557811437751
2025-03-21,1.0000003915476518e-12,0.14238548131419518,0.3692630466467163,11.83711631791132,0.45520158650486303,90.31570775596619,43.239907637771736
2025-03-28,1e-12,0.14230350749774795,0.3744774556291304,11.641927476312352,0.5276565837384706,90.3292725036841,42.816417845688164
2025-04-04,1.000000229441126e-12,0.14458421538390917,0.37241388593349933,11.716816257365437,0.5280509293158148,90.32519589502658,42.82777565511739
2025-04-11,1.0000000023386417e-12,0.12310899259213813,0.16033741798782372,10.558075990862863,0.1468804786481453,160.91773298317779,65.14286784546995
2025-04-18,1.0000006154329364e-12,0.11459565914978773,0.13568056249630284,10.553186626387808,0.14725454543517735,160.52000150924502,67.61164487660334
2025-04-25,1.0000000000888389e-12,0.11554414880282805,0.13910990782357535,10.51604905813227,0.12145555454667677,161.48425540539347,67.28883680227854
2025-05-02,1.0000025264540878e-12,0.11460255668258681,0.11923605558506825,10.517390526818838,0.20152350708599853,161.48589690238362,68.89686120670159
2025-05-09,1.0000007935648832e-12,0.11281574622204105,0.11911087563862059,10.367598873365012,0.28728522585270894,161.50059565578616,68.89468240156866
2025-05-16,1.0000008355114542e-12,0.09968090778201644,0.0072864266145628385,10.36258477126847,0.2525383276333587,196.46785820332153,80.29991575828714
2025-05-23,1e-12,0.11715897610703524,0.1502080005587643,10.328114300401259,0.5169699717914866,150.84039136152333,65.40898193373523
2025-05-30,1.0000000581470321e-12,0.11915632071525434,0.13895706935202415,10.323231572721753,0.47617416229665926,150.79444792412448,66.19603995000402
2025-06-06,1.0000008541965864e-12,0.11981180771026814,0.13781320050010068,10.229998821670668,0.45717008262124303,150.7986604603602,66.1895976945421
2025-06-13,1.0000000000142997e-12,0.12113820405694357,0.1419422782750393,10.203326493641557,0.5092893630854631,150.8873470030365,65.73810742884075
2025-06-20,1.0000024645832178e-12,0.12131462027376888,0.12909678468953947,10.170315316634536,0.3950294881387483,150.5802895522961,66.57194740123632
2025-06-27,1e-12,0.13381220330647606,0.2640519211736181,10.120856567007559,0.49927131869690466,115.62034173871525,53.53085859132001
