Date,Omega,Alpha,Beta,Eta,d,Mu,FSI,VSTOXX
2015-04-24,70.6237861796409,7.553868796512363e-19,0.876365663634998,0.20903194866111105,10.639551519325224,1.1404309224199058,9.452201004789707,-2.0472181587287057
2015-05-01,70.58580982305376,0.0,0.8754266870055136,0.20980370026873763,10.750774535280726,1.183167284082778,9.604307275477524,-2.0157407194193038
2015-05-08,70.61288526420128,1.4303641200567926e-11,0.8749826412035226,0.21095626240476054,10.530046923641999,1.2353836506855296,9.525740801206897,-2.032319887546681
2015-05-15,70.56390719286415,1.1512780694077019e-11,0.8733469641423661,0.21233169346923592,10.476708003079569,1.306945954756237,9.784666340691476,-1.9782261653742157
2015-05-22,70.86992366320213,1.6175748280567366e-11,0.8712084926822511,0.21623949437211912,10.453835862029417,1.3118864419988332,9.829768732861861,-1.9716193627564649
2015-05-29,72.2870316649315,1.5767606708069062e-11,0.8704801905636388,0.21750485947555578,10.428743115765377,1.296216961430649,10.027195478041559,-2.0297869950752214
2015-06-05,72.2715309789804,0.0,0.8711957268724382,0.21636841459733663,10.52223890153264,1.215065196949074,10.026018894920723,-2.0231064227116624
2015-06-12,72.23638721024082,8.482276480371525e-17,0.8710478378900072,0.21571156497777313,10.545557360398588,1.174810781135904,10.105535189898184,-2.0005315708404408
2015-06-19,72.20581015657135,0.0,0.8706800635455398,0.2154284026104663,10.547823116506326,1.1449075395874697,10.202454794192732,-1.9764989393528978
2015-06-26,72.17596505627677,0.0,0.8704956059960192,0.21510634318120003,10.598083991607488,1.1364150966114956,10.263107707309155,-1.961726771627881
2015-07-03,67.62352748877308,1.8236149503705863e-11,0.8722585620825534,0.212701991362126,10.566765464071691,1.1785718303535555,9.4429726895335,-1.7853050449184071
2015-07-10,61.06801726373961,1.5346543792875418e-11,0.8753797187015246,0.20909776522375081,10.556025012305456,1.1279193478890104,8.10586939145874,-1.5536388340424088
2015-07-17,61.06937417125136,2.518299163397171e-12,0.8763148305524839,0.20681319705315881,10.452928531112246,1.2090057150444622,8.154330167145421,-1.569804799048685
2015-07-24,61.041193147730496,0.0,0.8751197043310303,0.20828123443792745,10.426628548039153,1.1684511980007948,8.335508530033072,-1.5158272242801436
2015-07-31,61.066773297889696,3.194097208769305e-12,0.8757960128023703,0.20719716822121031,10.45677164098399,1.1558398403751466,8.249921238427943,-1.540084507751964
2015-08-07,61.07959089007893,0.0,0.8760778097158453,0.20568859617223814,10.37710686447184,1.1982673120929006,8.369109209885336,-1.5336638286202076
2015-08-14,62.71443279570554,0.0,0.8741376833863085,0.2072249171041566,10.422967163837738,1.1623078132697309,8.956564535451072,-1.5263719782177974
2015-08-21,62.73616423122966,0.0,0.8744419489517162,0.20761532059184085,10.551905376470586,1.0752958573185847,8.812908052639782,-1.5404720584857128
2015-08-28,59.32322549398716,0.0,0.873059817459528,0.2111713923716323,10.61054773731456,0.9869905750221761,8.19958526366512,-1.3574193985278702
2015-09-04,59.319415435605244,0.0,0.874315701932969,0.20824417779916032,10.646563789806391,1.0024868862911784,8.22666223228186,-1.3712187026002323
2015-09-11,59.33726162476343,1.858561610871884e-11,0.8736124288233654,0.21019744599895948,10.650644148882508,1.0324629837003616,8.177076967887137,-1.376907599903426
2015-09-18,60.75603102936595,0.0,0.8757322020729904,0.2062559136305706,10.636549357336145,0.9459344431897828,8.41270071502668,-1.4534653516721654
2015-09-25,60.753057611980154,0.0,0.8757892690861433,0.2053464012196095,10.695437339100511,0.8988727179364626,8.470532782827824,-1.4358008710402514
2015-10-02,61.87095415824852,0.0,0.8758664640311948,0.20401412381497883,10.796036808198705,0.8764500788829446,8.805316324316523,-1.4589216270496939
2015-10-09,62.56699103978086,3.1309056827229516e-15,0.8766969320632866,0.20189188797064528,10.635858291196518,0.9429259912671472,8.95991602204421,-1.4999252759668134
2015-10-16,62.536734930304846,1.009301967431732e-11,0.8739354732106984,0.20583299092171636,10.658332952361889,0.9637131022811848,9.30573707652997,-1.4147280027970546
2015-10-23,64.79527737109127,1.7458836069249817e-14,0.8737058389697829,0.20594468125003815,10.636772781888917,0.8860580642818646,9.70190096329386,-1.4948193882169336
2015-10-30,66.70365043647939,1.7126311508109734e-12,0.8733355046006902,0.20514398752014187,10.69989636299477,0.9034598940998796,10.193884048849565,-1.547029394935302
2015-11-06,66.72413439256819,1.079544828544249e-12,0.8726695677415092,0.20547826616872203,10.80305391376793,0.8336688900297754,10.328311385923495,-1.5082882981716386
2015-11-13,69.4606313204117,0.0,0.8723191576355259,0.20515599342081736,10.901064951919404,0.8597473960223121,10.907691509889592,-1.6059114811645092
2015-11-20,69.4446583452472,0.0,0.8720429955519344,0.20562346266145504,11.082731108100576,0.7748322755169035,10.968026230695017,-1.5783073586808467
2015-11-27,69.45839312813203,1.5148895497501508e-13,0.8724899078384505,0.20548878469102208,10.920240701561802,0.6947377700730742,10.866871407936333,-1.589221582786461
2015-12-04,69.45896884600307,3.740233370986471e-12,0.8720959658071883,0.20511998030804604,10.939444609782337,0.6597061596207874,10.981196197536994,-1.560134258174553
2015-12-11,69.54163942253099,1.0420215989917647e-13,0.8712288122689821,0.20568099504353754,11.072859143582852,0.6048114449569747,11.157517700523305,-1.5194557855054773
2015-12-18,71.83552297941796,0.0,0.8696469440595485,0.20833188104668304,11.210736727036704,0.5735983358737802,11.730312887720235,-1.5580839556991624
2015-12-25,71.83527382204983,0.0,0.869918001307509,0.20756105983135836,11.277342331056358,0.5651097050354841,11.730740163740002,-1.560034101270657
2016-01-01,71.81746892720516,2.4719538986031117e-13,0.8720576801916239,0.2048513177712911,11.227071278840825,0.6240088430495989,11.46071892137649,-1.6392035114438717
2016-01-08,67.54882506072606,4.481675698189607e-13,0.8747059216624535,0.20180740438649894,10.92439933287036,0.7199234299613726,10.39661333445868,-1.5601312089482124
2016-01-15,67.47152380099513,3.1588529568708435e-15,0.8737505432206939,0.20416549076995222,10.425568664119993,0.6054537527490313,10.729577336491925,-1.4684140594099129
2016-01-22,61.810439359766214,0.0,0.8774645229409288,0.20139518529452105,10.888617440016384,0.6189554739926192,8.913933933947536,-1.4179760678997362
2016-01-29,61.82251892515858,3.752077666118046e-12,0.8789789243610421,0.1991253397578472,11.071825719628356,0.7050766843569783,8.710698477451858,-1.4833420178793024
2016-02-05,65.34203221120131,5.3255379869377256e-12,0.8755195362969334,0.20020178275107875,11.155900491920749,0.5956567982464119,10.411887817783494,-1.4024014638687083
2016-02-12,61.65323921238089,4.518323106393129e-12,0.8744113750684561,0.20740827188037336,11.150544500092206,0.6232654414698263,8.77863254743094,-1.392082770094762
2016-02-19,61.656159636876296,0.0,0.874323583670288,0.20796270239629325,11.098916976593319,0.5566669009648918,8.787174874005762,-1.3808480143803783
2016-02-26,61.650415992111505,3.2599070985564437e-12,0.8762243362310081,0.20391281031125896,11.047265595856517,0.5925863746362221,8.804876000293277,-1.4049964047297117
2016-03-04,61.64738632644852,1.2231411113581653e-11,0.8769552687441275,0.202333492193718,11.147140557960789,0.611729102476394,8.840194964292323,-1.4129172145230509
2016-03-11,61.6391246071016,0.0,0.8761620757957629,0.20446365131960112,11.076130726193233,0.6943929178029196,8.870456258410702,-1.4154656560591594
2016-03-18,61.642001502322906,7.540783503717226e-12,0.8756490207594393,0.2055935420693688,11.170602678928649,0.7507557299340076,8.986096727210379,-1.4070717659349876
2016-03-25,61.64778440658431,0.0,0.8746423935341148,0.20772173424036208,11.242074097994706,0.7005069717963839,8.992440827872151,-1.3878295339518105
2016-04-01,61.64979000517603,0.0,0.8747822795949823,0.207505528799033,11.291490349171953,0.6993005532455302,9.012292649382578,-1.3879014762484987
2016-04-08,61.65956274183695,2.853443805110268e-12,0.8748577188432038,0.20668488647883487,11.36560625392055,0.7000175924440859,9.126372801167696,-1.3727031020417355
2016-04-15,61.66796666685268,1.3244639564963008e-11,0.8747912227625959,0.20668550507144715,11.344470070577476,0.6435079018469981,9.136063888905358,-1.360869041116081
2016-04-22,61.674994990293115,0.0,0.8746692434638901,0.20799451741402872,11.406626813960296,0.6468687920146913,9.139914386493162,-1.3678257504679439
2016-04-29,61.680602874289484,7.62305033772115e-12,0.8749691637873921,0.2075019143063766,11.517550090928763,0.6462059554111632,9.182318316690694,-1.3682497717595041
2016-05-06,61.71453638120651,2.0965220443443363e-13,0.8748065034205008,0.20706403223832182,11.644646693108132,0.6137893072426801,9.287817328530316,-1.3472899163505576
2016-05-13,61.76520179370545,0.0,0.8751369513754903,0.2075553078376043,11.844933510676585,0.5676730256987913,9.247303269351663,-1.360707015791611
2016-05-20,63.7419064222566,3.0656807660672317e-12,0.8753201865307243,0.2062087028970768,11.80013114151639,0.5845959741190263,9.669650881869785,-1.4317523916221304
2016-05-27,63.73337758656401,0.0,0.8753864729583473,0.20524111388736552,11.872562020891685,0.5958038700058246,9.728002201735313,-1.4227005292676818
2016-06-03,63.72791760334695,1.0248877608954025e-11,0.8757236762206487,0.2052920786267448,11.98796333835746,0.6496980982622229,9.603965275196794,-1.4564272590972958
2016-06-10,63.72586912392034,0.0,0.8764955239197726,0.20556361986191735,11.922679105548855,0.7015871978610209,9.437005272319906,-1.5058174634090906
2016-06-17,63.69591147659476,1.2325585287613389e-11,0.8762238829782751,0.20588064834334271,11.885491586240152,0.6681927434557124,9.64806377882462,-1.4679758366635218
2016-06-24,61.154174232433405,0.0,0.8763917077791757,0.2056129653936978,12.094504329891468,0.6567460470364558,8.924328544032301,-1.397206048952119
2016-07-01,61.161434953128136,1.2007340461287043e-11,0.8756613414245301,0.2094052490362122,11.985090430173942,0.6952444494979777,8.807469780323585,-1.4234279006357804
2016-07-08,61.181193069246916,0.0,0.8766821748272462,0.20951530564376356,11.897514284303677,0.7427877216870572,8.69608319209668,-1.4729541163719786
2016-07-15,61.156882186895174,4.314766078393121e-12,0.8738631024155661,0.21345580064318892,11.62248455004197,0.6929765099608626,8.855237798013187,-1.3948204548334575
2016-07-22,61.13080630509669,8.205040217506228e-13,0.8732941330041537,0.2140712357680031,11.697691492183043,0.7217660100750343,8.960253003545587,-1.3757077404515279
2016-07-29,61.1131497783027,0.0,0.8746483220844098,0.21064778298665665,11.65630884111541,0.7125767489766498,9.047066598836503,-1.3740302978010093
2016-08-05,61.08647704901918,1.655945396255344e-12,0.8756155751162588,0.20755529785480517,11.70666995025023,0.7046146314941044,9.167054660493774,-1.3617295807317789
2016-08-12,61.06325864316273,4.975186301704309e-12,0.8760276103866083,0.20566674974684976,11.72351407739566,0.6715403939705032,9.286221029688333,-1.3388479788614915
2016-08-19,61.074488468412895,0.0,0.8767862232469507,0.20359121486523596,11.786145639506314,0.70402380337087,9.367622299487673,-1.3415732146861503
2016-08-26,62.75372819349531,0.0,0.8770965679608391,0.20311350631437475,11.907313077947723,0.6527214001178853,9.723082437015188,-1.402021279157301
2016-09-02,62.761371924659564,0.0,0.8782155092594626,0.20150419964589622,12.049235924294177,0.6755224340581045,9.689912374009978,-1.4293126303544497
2016-09-09,62.77825795892453,2.9229832797832503e-12,0.8794273474037348,0.1998029281362766,12.147477372841765,0.7281577930677615,9.646704835431759,-1.4635638925881729
2016-09-16,62.77566235016745,1.5220308018958248e-12,0.8779680272026771,0.20072150620551624,12.151754232765873,0.7355399322794083,9.844258725153939,-1.4098710591797914
2016-09-23,62.882401499757414,5.8161232129255e-12,0.881469480000147,0.1976397890281352,12.3053221581177,0.6994064599810924,9.545235313060163,-1.5150320936378456
2016-09-30,62.88954971743556,8.709994145335732e-12,0.8818388763346199,0.1962914452818363,12.197790209967636,0.7592341316815537,9.572531464204548,-1.5207556378930618
2016-10-07,65.89230800115443,9.16725574231721e-13,0.8795027506183674,0.19816051489646888,12.29059193145457,0.7181709182108493,10.492682676084364,-1.5478407747158913
2016-10-14,65.87714657407233,1.0207644291490658e-12,0.8807919820802141,0.196195249533479,12.354118355368035,0.762860896737947,10.295831129889734,-1.5971626770274254
2016-10-21,63.85272659059037,2.3218324645843027e-12,0.8802032482880066,0.1965661234782138,12.130554357099088,0.8295345693718225,9.955166821837963,-1.5075005432852095
2016-10-28,66.3178400470558,0.0,0.8777897068532721,0.19964691855730918,12.214116920282345,0.8567110914802745,10.815023282001423,-1.5231449667932213
2016-11-04,62.47174493091517,3.3644581346305037e-12,0.882595507384188,0.1937544940998447,12.209976453416033,0.9548139745918641,9.462793470114944,-1.5393622796714483
2016-11-11,62.48915901646244,1.3648947427527404e-11,0.8839400682648216,0.19244882928565102,12.375415883649701,0.9246021457537035,9.356662609210915,-1.5739186863788024
2016-11-18,60.8443051928064,7.438617938173758e-15,0.8858347203071912,0.1911324677004436,12.48569190359936,0.9390987225622508,8.6998182360252,-1.5886711291549716
2016-11-25,60.84203192426372,7.544808894523282e-12,0.8850746113567826,0.19214419384798073,12.392298688210547,0.9706594292526576,8.678504354471398,-1.5834624501317385
2016-12-02,60.79764194701581,0.0,0.8836226469181845,0.19306114347313225,12.295757287782774,0.9380745947071938,8.89603571082119,-1.5197734135303802
2016-12-09,58.235917186754946,4.8540051338352525e-12,0.8843651737193421,0.19251171985174098,12.358657936814865,0.9168949190831519,8.094633819310895,-1.4673515175051153
2016-12-16,54.46449282995659,5.215483798345738e-12,0.8916301033821104,0.18627845092557535,11.800824887329638,1.0740216213760367,6.640062954130575,-1.549535692768927
2016-12-23,54.465485464797226,1.941346890278286e-12,0.8914923797496016,0.1865897578413962,11.719790337349291,1.154569020622282,6.54511184906248,-1.5707476119822468
2016-12-30,52.02567935883846,0.0,0.8977965453886251,0.17437433809089772,12.261889464152906,1.199652705565549,5.96014803314535,-1.570378002627378
2017-01-06,50.5439209565844,1.9532434036628797e-11,0.9019058914140701,0.16966706247534064,12.249317696619777,1.2331295970936273,5.469332063474924,-1.6104134664838612
2017-01-13,50.57833006150987,7.050638406890991e-13,0.8952590083417084,0.18381169675811512,11.998877109108191,1.2171536286876192,5.386934649202326,-1.5517388543912853
2017-01-20,53.83130792237341,6.770182580412311e-14,0.8830676862506412,0.2019594292511364,11.673361106251242,1.1416826963046092,6.584308352113124,-1.4229445814779849
2017-01-27,53.825672054670335,2.7165064157599217e-12,0.8847404538783047,0.19900765956638589,11.758545017458864,1.1161721755710656,6.55275616204941,-1.448929350155967
2017-02-03,51.57081441686407,6.325649090283341e-12,0.8873078926208108,0.194804992768634,11.822894509700662,1.1646043473669234,6.020698929296983,-1.4148578426935632
2017-02-10,51.557984602720566,2.9767372698817038e-12,0.8885602957910145,0.19282311888892573,11.855053636077615,1.1334565397868426,5.998146377138685,-1.4337065588082039
2017-02-17,51.21262529136509,0.0,0.8954154409505144,0.18323573510786292,11.939224040685266,1.1050133394836454,5.5878857561819295,-1.5474992230068365
2017-02-24,48.93963749436276,1.1283026298158096e-11,0.8978027015398953,0.17905378572578712,11.940562843140547,1.1183855737603836,5.115564861700882,-1.4950004550016411
2017-03-03,48.934199178018346,6.75569667252187e-12,0.8993380804299835,0.17650880149121925,12.031998693911024,1.0771318943087966,5.095513453758384,-1.512965371162309
2017-03-10,48.96611105428039,0.0,0.9017712120528443,0.17405985763023873,12.127233087983743,1.152318516923263,4.908057235244387,-1.5845667948068818
2017-03-17,48.95444622659547,0.0,0.903655586111579,0.1707453541212878,12.232026149111418,1.2057016469909807,4.893234637067619,-1.6167903881896422
2017-03-24,48.92033925342185,0.0,0.9044437374905149,0.16909774573224054,12.233838908242571,1.1979521551701946,4.952326692831136,-1.6179536487832646
2017-03-31,47.53889344513613,2.312997635208268e-12,0.9044654626537344,0.16864090243699834,12.051332551696142,1.2206280882882459,4.732010837284778,-1.5590929237566624
2017-04-07,47.51754183267298,7.790101883378617e-13,0.9042750928959482,0.16918777240633948,12.1464737873695,1.230049056900443,4.821794899122757,-1.5518844443317281
2017-04-14,47.51072510595824,2.5007291722277147e-11,0.9028801772600608,0.17131117549311672,12.082732552660955,1.1952951905880842,4.81986795742049,-1.529402397309011
2017-04-21,47.54003941866929,5.362508687256453e-12,0.9059808095007836,0.16699991617828266,12.311364366862083,1.138974031536821,4.674040500716403,-1.5812810950728335
2017-04-28,47.54149905811789,3.4234601607387957e-12,0.9071696602179683,0.16487034234115,12.45146572048652,1.194175501892634,4.676489863649448,-1.6024908783413112
2017-05-05,47.56799602994971,0.0,0.9085072206535706,0.16325542892448308,12.643512211332116,1.2547334427654813,4.621062587011005,-1.6357789733835217
2017-05-12,47.59974528185088,1.6453265777038678e-11,0.9099391693957287,0.1614095281532651,12.783711447447068,1.305715040994724,4.533772341183372,-1.671575820729038
2017-05-19,48.07159432957976,2.579309180741324e-16,0.9102391050495297,0.16064943658581385,12.965040793379368,1.2688463514880237,4.673288540553963,-1.6834317836721473
2017-05-26,48.07066095094558,6.315528759981171e-12,0.9101185937543724,0.1605430962150422,12.782930093718374,1.2873407818797409,4.7269822308001,-1.6774052323952506
2017-06-02,50.29511196362559,4.5520304755723975e-12,0.907506895610207,0.16411099780487054,12.91146464877161,1.2460829416121704,5.527924985075335,-1.6849797955799088
2017-06-09,48.37969011299887,2.4925776864609365e-11,0.9088206130358125,0.163285032073899,12.794266187426196,1.2389128987051385,4.761027907722974,-1.6759616490803835
2017-06-16,48.364359950970254,2.6577428786399005e-13,0.9085349596054583,0.16355425597687803,12.709875761956148,1.2307739552237165,4.867000731926333,-1.6578067550473112
2017-06-23,48.3806087709905,3.331582175814036e-11,0.9093138103019803,0.16254064986312008,12.782805794953303,1.1715826315522155,4.797886292514953,-1.6708315679254762
2017-06-30,48.35941756229007,0.0,0.9095492671772258,0.16150461953954914,12.862689604021067,1.142068886694896,4.890239818493769,-1.6567700630533788
2017-07-07,48.35724676761215,0.0,0.9097858943882087,0.16068916588257665,12.971733043828513,1.15636723020282,4.944722892766675,-1.653583939094926
2017-07-14,48.38460344910019,0.0,0.9103519846404381,0.15978590289957298,13.131258164607276,1.1956237112871861,4.927677604937248,-1.6677717081444747
2017-07-21,48.37414326523491,0.0,0.909698301978345,0.1603188993226233,13.127604979812672,1.1997833070341428,5.0297165334447005,-1.6479072487155408
2017-07-28,49.383626667381264,1.4570848537063104e-12,0.9094939880759187,0.1606362766604898,13.331779635200519,1.1496734427174473,5.255097388918747,-1.675670661165319
2017-08-04,49.411518992603554,5.39646424262292e-13,0.9095125080107332,0.16095642826019643,13.240458280620121,1.1451194463756134,5.199699574954285,-1.6843678648892983
2017-08-11,49.38681498806184,0.0,0.9090616071799743,0.16123678068074943,13.159507144219713,1.1971637577435277,5.2730798135046175,-1.6746334342255842
2017-08-18,49.423977499702566,2.698841995601759e-11,0.9090696818324618,0.16194929564491167,13.378195318435386,1.108217849814831,5.222196284864057,-1.6700910823119586
2017-08-25,49.433123496435215,0.0,0.9102417769239187,0.1596724675997542,13.390595563673191,1.1582525690879988,5.150018987397295,-1.7011161699762885
2017-09-01,49.411782948943475,3.637373529652284e-11,0.9096108461348609,0.1606682723078498,13.43261727428708,1.0951238024519983,5.188988754410949,-1.681742123001513
2017-09-08,48.6370492674038,0.0,0.9095459060981369,0.16063726204904863,13.286233692798225,1.1393196386608544,5.03236208154858,-1.6583977638084328
2017-09-15,48.605450996533285,1.4751772761220874e-11,0.9087752278395786,0.16196391216638933,13.383810147062476,1.0749275663870232,5.071618637269796,-1.6344370786812754
2017-09-22,47.32136963209838,6.5642253530253104e-12,0.9106610430037438,0.159350036527573,13.330243226467143,1.2260760263691026,4.55046953040417,-1.6575281294973558
2017-09-29,45.683364280555075,1.7619255406949344e-11,0.909877550363762,0.16002292861224485,12.941643656593898,1.2766109032884774,4.426994976892881,-1.5616035423072572
2017-10-06,45.6368953077891,2.421633448840901e-12,0.9117586733025766,0.15546748085139256,13.019545517884845,1.309960345144098,4.524099904473961,-1.5676743686343104
2017-10-13,45.735094970844116,4.468906339728898e-11,0.9141166089667634,0.1516370242332732,13.403373552240312,1.3152771290431151,4.219583225065336,-1.6436840967179578
2017-10-20,47.089695741047365,8.942193416399067e-12,0.913443062955321,0.1528817940093367,13.552010744732213,1.2731805089894783,4.472027001947084,-1.6878147760962752
2017-10-27,47.08792782670321,3.505420296249578e-11,0.9125908929698016,0.15420156384667305,13.44546534253832,1.3403071192476605,4.486566112048174,-1.6861250859556087
2017-11-03,42.4722384533025,2.0270555322331523e-11,0.9088144883751281,0.1604606729034488,13.307918131973524,1.3179447239536821,4.034716972416709,-1.405133695148223
2017-11-10,45.87424942317452,3.75606683312496e-18,0.9134254106636746,0.1515416115759334,13.195397501508104,1.368162119089748,4.433590472343329,-1.627243435189649
2017-11-17,45.88625502242057,1.2981014263706045e-12,0.913303144561498,0.15151708423225121,13.22322631319431,1.34045607988821,4.417384231778946,-1.626830692677853
2017-11-24,47.74876397105935,0.0,0.912392505761939,0.15290500149901973,13.042383365287417,1.2966830584346292,4.751331134146731,-1.6901943780062982
2017-12-01,47.657309887329326,0.0,0.9117719295738262,0.15345258421615324,13.096450282058905,1.2983236521383597,4.8679326695907275,-1.6664024627514553
2017-12-08,46.45384890590312,0.0,0.9110148606566624,0.1548377679747887,13.046536702748629,1.23938501766792,4.699800138818284,-1.5991433561858217
2017-12-15,46.4877100629471,1.4500250207943768e-11,0.9120329760992028,0.15331996591922153,13.166458484888969,1.3325282979209978,4.582041860322758,-1.632302466259326
2017-12-22,46.48880156353067,5.285122903392071e-12,0.9119556516063418,0.15370829431352548,13.164944945786065,1.3037666739922866,4.580721363021976,-1.628234228945934
2017-12-29,45.35743957974432,0.0,0.9116926432949921,0.15375078479276466,13.137495872833014,1.3038939002363619,4.511304576080355,-1.5652229683193877
2018-01-05,46.97106711081165,1.0466453804340887e-12,0.9117023043483182,0.15356956624229212,13.013361038864758,1.312371009423361,4.726114514392826,-1.641813213417791
2018-01-12,42.800537801244744,0.0,0.9122289055709091,0.15272486826633255,13.177774117266472,1.3785695386375412,4.175587415992029,-1.4563248556746757
2018-01-19,49.2601478793933,1.9492586324641162e-13,0.9130934436402336,0.15171698826821003,12.909483872695706,1.524711313803165,4.826959446367762,-1.7993152666040488
2018-01-26,43.08294297312663,4.735781843278874e-16,0.9127821902550505,0.15217330155857756,13.069474316566396,1.482348027451402,4.116883820296463,-1.4933087969365961
2018-02-02,50.05693022005783,1.4354969477399196e-12,0.908719013574022,0.16044969287820504,12.495782231576747,1.5065332204652453,4.929308333296876,-1.7989994646009349
2018-02-09,50.11495970806529,0.0,0.911678082596867,0.1558198773702941,12.721855376705209,1.453719938852191,4.741600164716398,-1.8439401374858415
2018-02-16,50.174583842211405,9.449676734858163e-12,0.913179104339682,0.1541085401623855,12.95807143905775,1.3976693149265218,4.585069343499012,-1.8693155716417693
2018-02-23,50.170822564138305,1.3971379564012782e-12,0.9141872496849708,0.15186624426336381,13.016059258690657,1.4127676401141986,4.641332207895707,-1.8764793916847136
2018-03-02,50.12082895015178,1.228640278689614e-11,0.915188766121578,0.1495020514819245,13.055275138710874,1.396282875553702,4.771390794491642,-1.8685741776615352
2018-03-09,50.06865847449749,0.0,0.9154074537829696,0.14922423481159533,13.124635529580674,1.3288452072222545,4.79959651191904,-1.8562600190600047
2018-03-16,48.57971927898651,1.2078856671667655e-11,0.9163314138950535,0.14721535658596452,13.148860257148312,1.3233229239154418,4.610094932807228,-1.7962486077772415
2018-03-23,48.53090596749068,0.0,0.9167660728948216,0.145958617176947,13.037801353613721,1.3382592165803018,4.71644286764898,-1.7873213190149566
2018-03-30,45.051065853956665,8.795306002935373e-12,0.9159181677961001,0.14798341396037157,13.21601900199962,1.2916438942959905,4.175694366376387,-1.6091732524812985
2018-04-06,46.918442863027934,8.620254405696268e-12,0.9166112458603125,0.14688884892520668,13.156104008566295,1.3028040307616489,4.3679583357473,-1.717959305963929
2018-04-13,48.431910510647256,3.037403429480175e-11,0.9171799818946805,0.14575430757918617,13.066436115964288,1.323518637902494,4.567792048042564,-1.801348777820936
2018-04-20,47.16758932913371,2.460761787552886e-12,0.9174916990783376,0.1447445067362174,12.999735976533684,1.3089426236827215,4.475837535610856,-1.7329000911891825
2018-04-27,47.1729900597369,0.0,0.9177769300549246,0.1440910153418291,13.068928423101552,1.3384331077077987,4.453708016544809,-1.7435566575745698
2018-05-04,47.143930589196216,0.0,0.9177348634743038,0.14370904897613873,13.026869784156313,1.347944792587306,4.547789052278231,-1.7307438196529605
2018-05-11,44.3848134803179,3.5168716277076468e-12,0.917579021138162,0.1432697525982354,12.875039228891358,1.373021933931822,4.267200123409095,-1.5869544213343003
2018-05-18,40.99630304268629,3.2805844539590656e-12,0.9168499141125616,0.14326273943420106,12.949199800143255,1.3812171460279,4.022783049552757,-1.3863838403912212
2018-05-25,48.96625217561984,3.5860995112364775e-12,0.9176688211435414,0.14463494005329172,12.871849087952757,1.3420443472088568,4.650355785294457,-1.8372405335817972
2018-06-01,48.90731667964766,0.0,0.917253094629842,0.14535788683925369,13.071129186702336,1.2727631237933714,4.735801345587915,-1.8074597110686623
2018-06-08,48.959629440711076,0.0,0.9163474355879685,0.14802970179566935,13.237481316837824,1.2283617081808318,4.561649733942439,-1.8203971307905376
2018-06-15,48.93893683583511,0.0,0.9167463472344906,0.1467579824998292,13.286668711302887,1.2258052959660177,4.652881408562363,-1.8099095516414765
2018-06-22,48.89069628343346,2.2200719643060827e-15,0.9171670935479241,0.14534950429066598,13.085292323281452,1.2727692956308203,4.75603663275713,-1.7999058301395296
2018-06-29,40.185857210804905,1.104535917034294e-11,0.9184524114632072,0.1397463805294643,13.205749248733317,1.26054867991555,4.012028315633695,-1.3198963979430836
2018-07-06,50.97045070656174,3.047419965452342e-11,0.9176090922753836,0.1455511870146233,12.649219742657793,1.18512157260905,4.82930609175282,-1.9299733624290873
2018-07-13,49.95320263132962,7.383973958891165e-15,0.9182198486032752,0.14387694771912485,12.533936049087417,1.2472161444357055,4.764153844747902,-1.8830325201963458
2018-07-20,42.488250033425544,0.0,0.9176011308927142,0.1425578440816235,12.718787909978484,1.201818544061597,4.153779185925142,-1.44493861063519
2018-07-27,49.063882999983136,4.920560646898097e-20,0.9170649603781237,0.1466616770474195,12.379188926662044,1.163544770324728,4.522282869526117,-1.8426888972382134
2018-08-03,48.99431285813184,6.699822862693981e-12,0.9177261511367942,0.1451060239768354,12.518239670797474,1.1878801025257353,4.624943850342528,-1.8315148426088816
2018-08-10,46.19582390308582,3.71171341818719e-13,0.9182554075764464,0.14342076645952867,12.597525525461174,1.1699696247511513,4.284187473378996,-1.694301320367736
2018-08-17,46.17067964391781,0.0,0.918624778398226,0.14264611008514094,12.803570024825778,1.1105326306450927,4.354715487025268,-1.6785394020116553
2018-08-24,46.13994114675006,2.6523231025134187e-11,0.9186557681583369,0.14242572918044516,13.042746196538484,1.0736839063340182,4.421549828865544,-1.6624193258201547
2018-08-31,44.31548359444962,1.071959987426462e-11,0.9189511230002498,0.141284459490481,13.04337453292674,1.0511273144698117,4.222253138800217,-1.5669214547982204
2018-09-07,44.2753600265539,1.7637029856928506e-11,0.9189254706939122,0.14085728053284394,12.941271365640945,1.077535667408457,4.306022753871303,-1.5529497402170804
2018-09-14,37.703260850165854,4.896548743056998e-12,0.9179204285521806,0.13939925517736976,13.035251978133838,1.034002942116812,3.899813443641539,-1.1342143263305757
2018-09-21,44.12979353763634,7.019254787763644e-15,0.9189239437388871,0.14144452341752276,12.642505405634733,1.018381852849645,4.156035847456217,-1.5629918185017613
2018-09-28,44.110978235024184,8.707609464588929e-12,0.91929156640195,0.14065093527674413,12.805049225410345,1.048081922033729,4.219881261848461,-1.5579145478148908
2018-10-05,44.12638893680917,1.3701203758320117e-11,0.919647843991862,0.14048379744926692,12.948476765673346,0.9688485726897507,4.217821013055749,-1.5520178617839935
2018-10-12,44.08148237888795,2.6532854914181127e-12,0.9198015628623232,0.13928475018918607,12.948218953438472,0.9742817035711613,4.38192794595264,-1.5253626328577423
2018-10-19,41.16337946302813,2.2552135226731227e-11,0.9192154505414327,0.1390920965559835,13.099050865431682,0.9628652149632172,4.161202418146329,-1.344508543090747
2018-10-26,42.24366678323108,1.1580022799294948e-15,0.9195500254722194,0.13905122776704976,13.099649805844912,0.9053229678364719,4.227682559428973,-1.410656077708965
2018-11-02,43.020220308152695,0.0,0.9195411702812664,0.13972711734254736,13.262791124596363,0.8644104165267399,4.24638244768089,-1.459198261047823
2018-11-09,43.01694073490166,2.1304596376894676e-12,0.9192154978735397,0.14012684925748622,13.421083095316972,0.9172992931439594,4.279706917419599,-1.4551706533602198
2018-11-16,42.989179372816864,1.0623051953710807e-11,0.9189657272535746,0.13992298744934115,13.395404039058715,0.8591118372260037,4.402492069975794,-1.4243217950448661
2018-11-23,42.99027904062378,0.0,0.9189821486521838,0.1399778456881924,13.365682036277967,0.8831187691399672,4.355119815561926,-1.4352263852462284
2018-11-30,40.73435688885518,5.880831438234233e-12,0.9184915839320364,0.13979645013998737,13.291705007628753,0.7823554552752936,4.212611361164217,-1.2790174975802742
2018-12-07,43.82284615886691,2.2436852627341864e-15,0.9195466690304249,0.13939082790870813,13.269644675302324,0.8320759910944007,4.346464635775236,-1.498366743651077
2018-12-14,43.901328105601834,1.0056335463354784e-11,0.919451422952724,0.14041341508887994,13.351017660952836,0.8489490062593513,4.271534067120534,-1.5158539218463476
2018-12-21,43.87034024629029,9.87866324190046e-12,0.9197795015294813,0.13904598230806747,13.259797822246663,0.7758167987532314,4.423085673529364,-1.4846664398028022
2018-12-28,48.931921870691156,0.0,0.9201001003355797,0.14143260163148264,13.270688492622693,0.8106625595413698,4.708416291889974,-1.8101277403190665
2019-01-04,48.88004578742676,3.4437362607308375e-12,0.9206038950938675,0.13978093700995872,13.147679880974396,0.731857188781921,4.85785336596443,-1.7783337249954396
2019-01-11,51.36502838281482,9.200289892290415e-12,0.9210667527974754,0.14045696986218276,13.065023948623024,0.8756310315379937,4.8822655674653745,-1.973040878647807
2019-01-18,36.800351469491346,0.0,0.918792660926506,0.1361613080655695,13.358012080103894,0.8416899563979677,4.2932191962120045,-0.9912857451572953
2019-01-25,54.64064291877216,4.5562291600715e-12,0.9197334367110673,0.14514276739475457,12.810183636430642,0.832787453326099,4.8960360618579495,-2.186001521610676
2019-02-01,53.44965837388872,2.968090587954445e-15,0.9199986530220929,0.1436853218099671,12.854573750552246,0.8147782555068428,4.866933776043245,-2.1074098814364755
2019-02-08,53.441638976737494,0.0,0.9203391544979785,0.1434995861154299,12.919149228462693,0.8170887550041948,4.893055673830155,-2.107900814229672
2019-02-15,50.96789002337427,0.0,0.9209798752146505,0.1406575191396142,12.904137274182037,0.7452204549216683,4.8558614638728725,-1.9344956934730975
2019-02-22,51.897488082221834,2.7129949034355656e-12,0.9201153638196762,0.14370001819910957,12.767102566261729,0.7215918015742719,4.714462999541356,-2.0131854964284432
2019-03-01,50.475115759295626,2.2322577399324057e-12,0.9206309283855832,0.1414815418221117,12.816964612479923,0.7221712195489335,4.689693006963188,-1.9203977660356304
2019-03-08,50.46399527817421,8.831935349142982e-12,0.9210097236592559,0.14060131726665173,12.847746481309729,0.8202535731729776,4.751783346195622,-1.9237340760457025
2019-03-15,50.400745814071726,1.059983154882595e-13,0.9208891410387716,0.14058980133279939,12.974813083836272,0.7270609978852528,4.974034588434564,-1.8714247468538248
2019-03-22,50.42927738309348,0.0,0.9200096135963982,0.1434213065407565,12.840639941646625,0.6926239999966328,4.762403134342954,-1.8968635563416663
2019-03-29,50.39751839091272,6.630191375222303e-12,0.9201514045659425,0.14242002935609677,13.057022364845363,0.6583030361144316,4.948703507006333,-1.8623029605326125
2019-04-05,48.64577596164367,0.0,0.9205238761821128,0.13998252888008797,13.129953624679404,0.6369573558101098,4.994187011947367,-1.7306432708985293
2019-04-12,48.635358656349915,3.355665264509052e-13,0.920558738581854,0.13954069598298546,13.338879669681727,0.6625167956401833,5.072670027285696,-1.7194796775914598
2019-04-19,48.60541466788752,1.4021019077911483e-12,0.9205024468847973,0.13893101225370202,13.251673156008286,0.6041553026204186,5.246878765593656,-1.681300828308348
2019-04-26,48.5046040851466,3.265918584785957e-12,0.9203265835497704,0.13772737361691348,13.413383459706534,0.5919776502051468,5.525701192566386,-1.6241961451073004
2019-05-03,46.926617792674165,0.0,0.9202457806800144,0.13707425981774807,13.586468413681143,0.5037850784106026,5.4703023269842985,-1.5092192318463813
2019-05-10,46.84248673275276,1.4261976531386687e-13,0.919894988565403,0.13613255689800316,13.634021001617617,0.45011070303034095,5.769256076668814,-1.4431171984254278
2019-05-17,47.474197160248366,0.0,0.9206794859783083,0.13637076499313588,13.633460773844654,0.4861343590613426,5.59102023263929,-1.5275096644292785
2019-05-24,47.350413256082646,6.25713467849174e-13,0.9199188956295921,0.13497197589717866,13.761217511221641,0.4685383137702387,6.169162716423917,-1.409576629404183
2019-05-31,47.39587505746773,0.0,0.9194150068833394,0.13718357651927307,13.790340811631458,0.4272474950585852,5.913102499703962,-1.4493282517825545
2019-06-07,47.35402245330235,0.0,0.9193452091369817,0.13634441793699248,13.957137281967164,0.36615989611804783,6.115332089933804,-1.404889965123789
2019-06-14,47.252910137074466,6.682432095754078e-12,0.9195362483292924,0.13475324185288223,14.016076095453695,0.37910595626830396,6.3067505231350145,-1.3684770145453178
2019-06-21,45.11902681027019,7.387557382618742e-16,0.9196399840909191,0.13344674098105835,14.07404570256063,0.3136638306282381,6.176657629928391,-1.231209444923923
2019-06-28,45.090335880067386,1.026153241193231e-16,0.9197067101336891,0.1329535815039429,13.7461539228889,0.43954148534047954,6.162037126208073,-1.2431491457795365
2019-07-05,38.28439570084063,3.3662458419336955e-15,0.9199581309582459,0.12991942618555224,13.822001922764489,0.5189762236397643,5.598902720195232,-0.8530711642682914
2019-07-12,42.064656370317984,2.2222992064488276e-12,0.9167155768875904,0.1369167585212646,13.694019165992977,0.5583129335517226,5.952316897202141,-1.0334693376589725
2019-07-19,37.9644206763405,0.0,0.9135311052374886,0.13924306296422967,13.499026641932604,0.4379743440482247,6.031580454752716,-0.6681481373337022
2019-07-26,37.843011081445034,7.723914407275894e-13,0.9139669614460905,0.13710625975065907,13.704718209859614,0.3519460288593357,6.299933396854486,-0.6080613721014888
2019-08-02,33.261337051602794,2.1803926868102077e-14,0.9139764248192772,0.134750543920948,13.792725892786313,0.3756568917928257,5.9645625866855,-0.3304204902630883
2019-08-09,35.56491058337506,1.2216680534093748e-12,0.9164784364157577,0.13318004696386945,13.958267906440023,0.32049340227356615,5.881548334810387,-0.5359695141795957
2019-08-16,35.548166718475734,9.429410823295273e-13,0.9161207456058512,0.13327213089365042,13.829900838261409,0.3665570089967829,5.979197767515056,-0.5143442578176959
2019-08-23,32.994842271046615,3.0093735566873693e-12,0.9173767100153157,0.13150550991999962,13.811583289968526,0.4578512461984559,5.470946512331027,-0.4390654019198554
2019-08-30,29.610874662889287,0.0,0.9123545061822915,0.1368365576669739,13.657212976653287,0.45558584357957266,5.678913737806363,-0.08663328650146876
2019-09-06,23.443450289964954,2.6234065679812983e-12,0.909405576203324,0.13718594115674065,13.813992608207048,0.42673507384619874,5.701264340238476,0.41384996129015045
2019-09-13,20.13823546224842,1.5532944269493526e-12,0.9086947909239274,0.13538763656556702,14.093085130394254,0.41807580196064204,5.82612287512893,0.6898135286658804
2019-09-20,20.203413947533544,4.456305312496495e-12,0.910477814343377,0.1338874338986782,14.134250165720106,0.4505311101465833,5.676580655856709,0.6319786910119463
2019-09-27,20.086588553168284,1.2480993522737476e-12,0.9103155424916779,0.1314737702927492,14.363773659794335,0.40023594792746775,6.2210018890576295,0.7427510262186665
2019-10-04,17.286904182207987,0.0,0.9103737665116194,0.12951543255695638,14.615580614456144,0.32194180971965125,6.157547705852616,0.9484243240476614
2019-10-11,17.280213535028572,0.0,0.9110512142253522,0.12781905778861025,14.879075621871138,0.29580728370618575,6.323760037405521,0.972199372194702
2019-10-18,19.30659933265441,3.077853423322197e-12,0.9119617734656169,0.12752985322289567,15.029409255608492,0.4096139699914585,6.457779323322223,0.8238981326771929
2019-10-25,19.25899769961222,4.095321233403315e-12,0.9115862418673913,0.12681782557621935,15.12536263209475,0.4687543872811539,6.708082842494867,0.8723883495908579
2019-11-01,18.332881218589556,7.769250078410978e-13,0.9110915480484042,0.12612933791183448,15.012117756558027,0.5589773748266542,6.844527820113366,0.9644322830706585
2019-11-08,18.33288877621233,7.750293069321741e-13,0.9112953718334795,0.12582158169584468,15.012134235554486,0.5590862290917699,6.8445134787218445,0.9646288648911308
2019-11-15,18.30218697398633,0.0,0.9099389692282652,0.12750384930370617,15.211646011189487,0.580442160662578,7.039220314496288,1.0208458355887224
2019-11-22,16.588272551502545,1.43170857245311e-18,0.9084931682112328,0.1275304170175534,15.126252608007286,0.5968806633050391,7.281514874565376,1.2105090063571264
2019-11-29,13.525594142770633,1.2440875207024272e-16,0.9093895969241608,0.12586429223905904,15.17963547815586,0.7190650839304541,6.793480750906276,1.3246868953783029
2019-12-06,8.852168526987214,2.4583895132359017e-12,0.9042674005982422,0.1294200916136044,15.248353315489828,0.5781228827390323,7.22840971286334,1.835746950737032
2019-12-13,5.663346885550752,5.96153407041696e-12,0.9028484645557994,0.1289272679840196,15.180927803110068,0.4943841829632578,7.376052091231645,2.127152777217218
2019-12-20,5.617511007695678,6.374058481976595e-12,0.9036779106892537,0.1267857850030501,15.266082029890423,0.48180920677635175,7.504437609322354,2.147250904626817
2019-12-27,5.516336062444807,3.692502703935837e-12,0.9045811050045655,0.12421060177309522,15.50433791562588,0.5424773817176264,7.660756501032558,2.169287538875176
2020-01-03,5.439402411842765,5.2300009876222364e-12,0.9043628639081133,0.12352504747799721,15.517023114356252,0.4455874218489459,7.88848355259807,2.231403538722245
2020-01-10,0.7142285726843632,0.0,0.9032971941163007,0.12267342525613087,15.593843490597923,0.49730954870969696,7.640613491567976,2.552663022393777
2020-01-17,0.5869572074013116,1.7618921159655856e-11,0.9022554988204758,0.12304580503827414,15.613977940843114,0.4415058813277627,7.956054706411553,2.6375087235129557
2020-01-24,2.3630455203922624e-10,1.4601139668224637e-11,0.900140184502532,0.12371977088120921,15.768892749599228,0.3032410975876511,8.500358745261575,2.831552850291759
2020-01-31,1e-12,0.0,0.9012572087688688,0.12159101232255598,16.056603354329884,0.2564041156651316,8.446996622224338,2.8297607544657284
2020-02-07,1e-12,3.6720669172490825e-11,0.9008667120042263,0.12037259276480351,16.38131495225179,0.19059261689983972,8.83990831287983,2.918144322605972
2020-02-14,6.121056559997115,4.368195994834308e-12,0.9074196504381031,0.11828980059605701,14.760624195299727,0.36304217313766995,7.637748952650778,2.218420863073487
2020-02-21,5.992072534314458,4.972328574175341e-12,0.9064605746032909,0.11741659410940468,14.756314533460449,0.2949691568478931,8.205019591558472,2.3524443236777195
2020-02-28,5.947263061134544,1.8876848148829044e-12,0.9063190693761558,0.11576952149026215,15.093957351278394,0.19733636286235684,8.566084470686082,2.4485042519980413
2020-03-06,23.71270020187375,1.1487689414001767e-12,0.9134830023855178,0.1186659622558739,10.775165149959495,0.2788989918248711,8.266454750398166,1.0879222153366623
2020-03-13,23.84648492472085,3.1443891736465115e-13,0.9075439957497139,0.12840938992234316,10.851766188111386,0.17805835016105867,8.456331665907433,1.24115608967656
2020-03-20,33.59150671933891,0.0,0.8930135802322706,0.1555053812002677,10.296815419759424,0.04974659328136967,10.36390761751297,1.1369321009489046
2020-03-27,33.581725838382404,0.0,0.8935070524831874,0.15168087074470596,10.361633782120624,0.05493665441405173,10.835871594284601,1.2291736919499923
2020-04-03,33.64515765622725,4.774422024381207e-13,0.8936918032632367,0.1488125435041736,10.428084615572502,0.030113628174109022,11.259335142085146,1.3158937564031177
2020-04-10,42.956412233960336,2.715493278845725e-13,0.8912114050098789,0.1521772323653865,10.504759003491817,-0.09286363293308482,13.06611791775999,1.013770666309738
2020-04-17,43.109835023524084,1.5825681637631042e-13,0.890572344330064,0.15153597367749352,10.622668082986864,-0.10932807625433394,13.373217713389764,1.0832980586781187
2020-04-24,52.245469651277034,1.7786312455730211e-13,0.8901053227204925,0.15143923773764348,10.609691850626097,-0.23912089001773298,15.023730503527682,0.7384833029700739
2020-05-01,57.24575859256013,0.0,0.8899539769867326,0.14852974526909898,10.609885370210689,-0.2064712510657497,16.31288303224336,0.6190366584664583
2020-05-08,57.384514460089534,0.0,0.8892098848067036,0.14799610167494207,10.734308340569585,-0.20523524197743112,16.573731407273723,0.688445308083343
2020-05-15,68.24034531172248,5.248113083934446e-13,0.8876429581942653,0.1471257856592564,10.785568006268283,-0.1974066167540069,18.912635237932992,0.3516710891060407
2020-05-22,68.24806357721108,0.0,0.8876263870809888,0.14673909687365472,10.74402073485087,-0.3174127904833874,18.91668249017621,0.38501504295285444
2020-05-29,74.92224479087268,0.0,0.8862537105347599,0.14672581605787482,10.696918072032927,-0.427756469854422,20.363037641066807,0.2161601387542331
2020-06-05,81.18933871634584,9.705835415075578e-15,0.8858559297895097,0.14685488707753855,10.829521221162915,-0.4123737808717396,21.295231113071345,-0.04771056715018737
2020-06-12,81.37322350753406,1.7022667072043027e-13,0.8900584607630865,0.1475469815774036,10.860131502241405,-0.3774583014688624,19.906340613684602,-0.40468871933374073
2020-06-19,81.40910682739039,8.553379781025577e-15,0.8908522195096845,0.147976018506749,10.901798184379295,-0.5089276374870251,19.53792667526401,-0.45881618573118105
2020-06-26,81.4273612832782,5.430048856221006e-13,0.8899254959524162,0.14672412891617187,10.894721301190895,-0.4598720313923014,19.82649606304452,-0.3629998171811099
2020-07-03,90.42572639048483,2.46385188330007e-13,0.8879020363705922,0.14696006441462622,10.885434323701942,-0.39558069267030543,21.69874195386777,-0.6267236970522023
2020-07-10,90.46357580206582,0.0,0.8861673273038257,0.1476055777506827,10.999002531020272,-0.4069438014187711,21.961568981764234,-0.5182464858716616
2020-07-17,90.59872749503279,2.2594449222499927e-12,0.8830240102515914,0.14855030352679835,11.027702058928778,-0.40956792887936083,22.68393608881685,-0.31060288981062195
2020-07-24,106.93126586892012,1.2130832009421888e-12,0.8788751747371993,0.15122651564144807,11.062530227878804,-0.5062215999602957,26.07697809839712,-0.7804091632513936
2020-07-31,106.9320023881389,4.9015840055323636e-14,0.876668371864156,0.15170633119983964,10.93732106858522,-0.3948470313018012,26.589335437105774,-0.6404446675463424
2020-08-07,107.19300091200328,0.0,0.8833659845848354,0.14878803537020724,11.026192835234815,-0.3206358930953077,25.017667391714788,-1.0957508224015668
2020-08-14,107.0954865994652,1.4658599269445994e-12,0.879371219497306,0.15079500965581769,10.894652314935744,-0.24128261763090952,25.95756046924463,-0.836978917634301
2020-08-21,115.04606373453733,4.044104303814499e-12,0.876243298443542,0.15294692238659566,10.852264076734837,-0.28781800558555454,27.86612200151407,-0.9875788783174225
2020-08-28,123.17864188602513,0.0,0.872196799400921,0.15491141157071356,10.873900689160608,-0.3648385373448939,30.13343401026098,-1.0605812493239117
2020-09-04,123.18684294417656,4.171764694239741e-13,0.8723384643654297,0.15365583195859678,11.012316205656015,-0.3605880135592656,30.14301881888813,-1.0363887782411354
2020-09-11,136.24285525073236,1.1560596291910192e-13,0.8681895977896813,0.15482018212451412,11.115767895541728,-0.39748643939838024,33.318696326524694,-1.3031166910335557
2020-09-18,136.31432159030965,2.2787351167708264e-15,0.8662096365995988,0.15498582266033195,11.197228183500723,-0.45182111917415635,33.6874483266065,-1.1550319719044928
2020-09-25,148.8921518778943,3.095023448269468e-14,0.8649399995051907,0.15581429888340992,11.304377405518466,-0.5435023435356995,35.88055324119675,-1.6187699421492558
2020-10-02,138.69179045492078,0.0,0.8727738549612747,0.15257619739040845,11.320602527225413,-0.6535133027506077,32.301183796016325,-1.663792334279401
2020-10-09,138.69977399476852,0.0,0.8729193715288633,0.15071674031144341,11.303158803791366,-0.5822202646455145,32.3171114336769,-1.6397095245960411
2020-10-16,138.81517458738114,0.0,0.873311836993047,0.15097986384208226,11.389638852714933,-0.604179514422316,32.018611141866174,-1.6835635737246968
2020-10-23,144.2191364315023,7.800914919562157e-13,0.8720232838674062,0.1513952505737141,11.485052866149909,-0.6194713395416123,33.14255596991625,-1.833509716979522
2020-10-30,144.23129785102086,4.646003199330001e-12,0.8715985877803427,0.15146320733105126,11.416918034045862,-0.7113662912730863,33.14262881813935,-1.7908211645153465
2020-11-06,144.36884615014958,1.9743887210969407e-12,0.872787722397275,0.15201734658446198,11.452215273096286,-0.8606974582729036,32.64392098874456,-1.8774986853196258
2020-11-13,144.4591797949388,4.1745854236774705e-13,0.872930127318973,0.15206690718994761,11.608677957052347,-0.8270010765844837,32.367682038947336,-1.9079591060862047
2020-11-20,126.91094773482475,0.0,0.8804014720722382,0.15257802507485782,10.89988541408207,-0.7124808308543423,27.48725591706803,-1.694504771144719
2020-11-27,126.90998263369497,0.0,0.8796757636228985,0.15293389917151892,10.977506077489668,-0.7661690514624967,27.494893741277927,-1.6472263643256928
2020-12-04,126.86003439201113,4.5046499549928e-12,0.8807543009039657,0.1521589907595778,11.112039214266598,-0.7038124559819551,27.29659938345314,-1.7168546868551318
2020-12-11,126.84754066723995,1.7309460016560638e-12,0.881463548700787,0.1511889073235204,10.998502505332931,-0.5047735984460793,27.299786936638352,-1.770316592046197
2020-12-18,117.31007717243062,1.2770588516209276e-13,0.8835721136333717,0.14892084189336852,11.06749362912347,-0.6026813887756253,25.101060486243743,-1.4272516536121373
2020-12-25,117.30308618291059,0.0,0.8837640438722272,0.14979109367092455,10.889279363926686,-0.7565719359111598,25.417145658807396,-1.4437223794285163
2021-01-01,124.67860263988058,2.230572126359281e-12,0.8815262455135848,0.15054405468016394,10.949660099404626,-0.7327380853407508,26.978661366151517,-1.6232950888136208
2021-01-08,124.69466541419123,5.281968147197529e-13,0.8797347364885074,0.15100213495974815,10.983010468873903,-0.711507973322375,27.32915658182366,-1.5069776729807092
2021-01-15,124.74865411347409,0.0,0.8812483802194431,0.15064868430356426,10.938417148583401,-0.7959687805300162,27.00916533273195,-1.594841800665037
2021-01-22,124.75976836257493,0.0,0.8799039326922525,0.1512257521070053,10.996463810953221,-0.7926104621804012,27.1446277337978,-1.516248474348952
2021-01-29,124.81027469181615,6.120945970519314e-13,0.8786386526640161,0.1517987014473834,11.111816678768513,-0.8172870021551663,27.31420776514904,-1.4364316922901323
2021-02-05,124.87383152993544,8.817547524724475e-13,0.8807398797029324,0.15044742375387601,11.0540854119748,-0.722458510867909,26.93604567141589,-1.574483465959141
2021-02-12,109.82190165341912,3.678153959772284e-13,0.884262689006129,0.14805013763877092,11.014693710816724,-0.5445727432153115,23.50377453606586,-1.1226506563978742
2021-02-19,109.82261087401446,1.5836201698134896e-13,0.8845322855618768,0.14977610297188773,10.909478595881682,-0.7528448819684228,23.52602100876526,-1.1706822219102868
2021-02-26,109.82947566249626,9.07416294684875e-13,0.8842697782725233,0.14968870675379947,10.887137296660285,-0.8039610597420559,23.518390529080627,-1.1304579295514785
2021-03-05,109.90845764378349,0.0,0.8824053058420557,0.1503328364747378,10.947679846910134,-0.8136032815219486,23.717140167189328,-1.011274895683899
2021-03-12,110.03540818468771,0.0,0.8824887159402602,0.1498366991693456,11.038897612988654,-0.8200950634410824,23.49760211382123,-1.0110874707907012
2021-03-19,119.33647661467978,8.415874152254255e-13,0.8805692227994459,0.15144618500500062,11.133880930411177,-0.8279885956431379,25.071615581842295,-1.3230026148692422
2021-03-26,119.46595282863956,7.049173103177681e-14,0.8783638380894897,0.1528451279189266,11.171409185133086,-0.7804097515354685,25.351022067615162,-1.2162430861996893
2021-04-02,119.89088596135069,4.667720790439438e-12,0.8756736642981939,0.15531248428668373,11.148400588278003,-0.8644560386188941,25.83451615212679,-1.0827551560454696
2021-04-09,144.2041622340261,2.0221229305421844e-12,0.8728974052257485,0.15981306610147286,11.121205574280207,-0.9447490488086523,29.918124634087537,-2.0574279875301418
2021-04-16,144.2759551197585,1.2820587421095055e-12,0.8710422247930051,0.16161865931146513,11.186772285967722,-0.9476950159213455,30.189734873636233,-1.979723097582622
2021-04-23,158.5605780645354,1.1387354497596074e-12,0.8686181853434305,0.16544368712988158,11.101407415584346,-1.0322164900137805,32.97327406800421,-2.5025515821461553
2021-04-30,158.55565911338374,0.0,0.8681328471466233,0.1657181092040235,11.236756651981832,-1.1547619136032803,32.95249499032703,-2.442916806588666
2021-05-07,129.13023415359285,0.0,0.8729215326767272,0.15905689990795438,10.953843735733447,-0.891681126554051,27.218645982378057,-1.3442326008291605
2021-05-14,129.1319746723362,9.187386891313858e-13,0.8752157909935023,0.15572679315043816,11.04308584118415,-0.991758841412579,27.064383314424234,-1.4170682820206832
2021-05-21,128.98499043537228,1.768990199543358e-12,0.8778392972533435,0.15362007527798083,11.137227038535388,-0.9703642607367942,26.597997605300723,-1.5637698135759583
2021-05-28,128.96371054175907,0.0,0.8780567435243782,0.15486011051668275,11.044313218600726,-1.0580766723187627,26.627738519354928,-1.6130560226612372
2021-06-04,128.960404880132,2.902430288427206e-12,0.8788334854748097,0.1555562618346409,10.93688803067244,-1.1372306259341716,26.62392768918906,-1.686441588516985
2021-06-11,129.06111342549394,1.996128563366027e-12,0.879963655034989,0.15673896886818062,10.791242420935497,-1.259183496359874,26.401970104674408,-1.8089351598971934
2021-06-18,138.4612676774739,0.0,0.8797373639187517,0.15795662896970486,10.624082700804227,-1.1146361882331717,27.920874318351178,-2.266558558020715
2021-06-25,130.5632025249056,5.512266714955849e-12,0.8776181102702587,0.1584188418919774,10.857761220977121,-1.2498859920187362,26.46397231084827,-1.7214834831655963
2021-07-02,130.5370102921758,4.2221751334182604e-12,0.876129085951791,0.1600908475145236,10.742723983099802,-1.3246437136352869,26.73148791401176,-1.6287056881576336
2021-07-09,130.65805328057525,5.352570867526315e-13,0.8759340966965541,0.16001801322929557,10.874786544444108,-1.4237525096225507,26.531326944255174,-1.6084705477215915
2021-07-16,137.35398652859024,1.7311266499916945e-15,0.8757776584089823,0.1601057480387284,10.97431151418181,-1.4563886601873004,27.41340435718578,-1.8968946621048197
2021-07-23,137.3635222775536,6.888477782465295e-13,0.8749378033812463,0.16057008670637757,11.124532063015547,-1.5324566458723152,27.391581084278254,-1.8329950886369217
2021-07-30,137.36752351007854,3.6814319105467046e-13,0.8751286528684136,0.15966335605409177,11.0870679266892,-1.3697244015292303,27.387948596663666,-1.851743366108106
2021-08-06,137.37682130779726,0.0,0.8750345162536609,0.16001581301438592,11.007198856099699,-1.4556785599926423,27.378382716108273,-1.8359005279585292
2021-08-13,137.38082154507273,1.8791188816303764e-12,0.8727320007154968,0.16092549006042037,11.15693904898713,-1.3378049638780771,27.369029909891537,-1.6894760699299913
2021-08-20,137.37797069639308,0.0,0.8731120763996325,0.16070616598287063,11.185348416055852,-1.3560585229778561,27.370638664600392,-1.7164913352267466
2021-08-27,137.2528179405417,3.0728234038118146e-13,0.8714047259315584,0.16130637542593204,11.326332219262182,-1.401601630831014,27.471221639589313,-1.5648335246473895
2021-09-03,137.01539995444782,3.905279302378756e-13,0.8736869779526727,0.15894106135062405,11.203303709000402,-1.2025729564018155,27.227645489592078,-1.7078033892651392
2021-09-10,136.76148008550945,2.023194367808732e-12,0.8702120010917381,0.16092994137564803,11.309761664204398,-1.240111645543466,28.127313974576314,-1.433566551909605
2021-09-17,136.82350360325742,0.0,0.8732690108232861,0.16018316798447899,11.165022918001466,-1.176623141207425,27.442218983053163,-1.7220373217984846
2021-09-24,136.81830633496486,0.0,0.8752767748494859,0.15806069693137031,10.997963995785671,-1.028433946863291,27.380552391163352,-1.8445009675391395
2021-10-01,136.8032543424011,1.8454238369430504e-12,0.8758453393223788,0.15729280254616726,11.079151152572152,-0.8916598897791621,27.396063110543572,-1.8843484623718307
2021-10-08,136.78034098133296,8.613472579641901e-13,0.8722296195696381,0.16233205748417526,10.931994490879942,-0.976424346314405,27.78303400888325,-1.7366405293425637
2021-10-15,136.69572821524832,1.760212504848968e-14,0.8711107945262061,0.16181366367218827,10.96399122397879,-0.9624020660705634,28.05230440310464,-1.6055852235435812
2021-10-22,136.75297665025235,4.629391539683626e-12,0.8732420759098766,0.16029074177977903,10.993840533635792,-0.943083839448872,27.792558234359863,-1.753587089275811
2021-10-29,136.87756701856986,6.545811402825638e-12,0.8758568850928533,0.15883209646418972,10.810549469966825,-0.8441414692916616,27.456840711695214,-1.9537101728003488
2021-11-05,137.0836053196954,1.003196502615856e-11,0.8796998018150818,0.15729552378004152,10.824825005501795,-0.7672959493686892,26.743826016059256,-2.2557524885486755
2021-11-12,137.09585927050293,0.0,0.8732110632072941,0.16431418584053972,10.644069826248106,-0.8897766447295092,27.65177929306392,-1.9045886515165749
2021-11-19,137.29984278831589,2.2580671482806104e-12,0.8756066042065302,0.16274861756174183,10.666157571986572,-0.9168092822788043,27.32223757149838,-2.069858909065475
2021-11-26,137.3060571381144,1.3565449886512632e-12,0.8739195751612068,0.16019835230662974,10.874049264216115,-1.0356745056365282,27.804757864021454,-1.7898798263077733
2021-12-03,137.28282140702083,0.0,0.8698303200356062,0.16334920134838649,10.893240120693639,-1.2208258168770558,28.19637490664522,-1.470204900166162
2021-12-10,137.30939598143726,0.0,0.8721316286187759,0.1594857209736984,10.937435588690347,-1.2040873374874126,28.036657349183834,-1.5486984970368456
2021-12-17,137.34966980210658,0.0,0.8740068680205751,0.15684361775738564,10.96233563767723,-1.2187810243372559,27.792224889170022,-1.625239332982365
2021-12-24,137.42133600127858,2.571270511026541e-12,0.8765696926838267,0.15355913030315296,10.926181423306605,-1.1599643139254912,27.450582112293482,-1.7580245719195966
2021-12-31,137.43123426167244,2.5214047111293703e-13,0.8763050695814015,0.15346377249425494,10.9553946699774,-1.149011848795103,27.42336873418829,-1.7255937902207805
2022-01-07,137.56746754702877,0.0,0.8765104189962822,0.15283335250996652,10.96939348152734,-1.1612398882012656,27.289282125209347,-1.74013431327039
2022-01-14,137.4280732566954,0.0,0.8729910517296077,0.15375027308560799,11.078440546968876,-1.1309838500700282,27.954958540788237,-1.4222444748787806
2022-01-21,137.4682613390783,0.0,0.8739039826713638,0.15303707857543628,11.02115063372836,-1.1819768480423882,27.671240904897356,-1.4740808453003154
2022-01-28,137.46856317313024,4.123870466732637e-12,0.8728998526198002,0.1534402170126523,11.08378567805427,-1.3664467393140922,27.668967007652945,-1.3564106326276513
2022-02-04,137.52818179513253,5.443127446171892e-12,0.8738325837158757,0.15165968368483382,11.068027588338687,-1.2876343552535296,27.40516620796209,-1.4062330512325367
2022-02-11,137.5336986052042,0.0,0.8720065938728183,0.15211417603706898,11.24049684150065,-1.228138885006646,27.394665948105096,-1.2785795541106404
2022-02-18,137.48244497049228,1.1789326674813148e-11,0.8699944850976906,0.15213156204248518,11.392191033256772,-1.1451405496831903,27.627628025678053,-1.113579248110865
2022-02-25,137.29251280791325,9.758331284501064e-13,0.8668503597511676,0.1534148479847355,11.530445447635522,-1.328690057449122,28.087086512703266,-0.8139456763933689
2022-03-04,136.92165657502716,6.056256241595832e-12,0.8582710593861457,0.16004746962943653,11.639178808175018,-1.4611707765233208,29.322630148116453,-0.18590693680399872
2022-03-11,119.89825079887828,0.0,0.8394578108322358,0.18415795567823706,10.847146691296,-1.5486720497763602,28.73477149115825,1.5944453941717827
2022-03-18,119.9063163588765,0.0,0.8435983216027853,0.17798840800944193,10.640145454407385,-1.343895347691643,28.5266566509432,1.3961832213403544
2022-03-25,119.96310597715927,8.666342963267712e-13,0.8419038517037978,0.17971792074909082,10.720403635581919,-1.313101752392651,28.282101010047402,1.4743275532508937
2022-04-01,119.92790785425908,2.8837523741848925e-12,0.8421700822804318,0.17848144838207974,10.56674254824776,-1.4966533969109423,28.52105627752796,1.5390768108298036
2022-04-08,120.03518777163313,4.569222869108876e-14,0.8431630240223611,0.17506375823129824,10.581409617575996,-1.436128227533491,28.176635883360362,1.524495781057254
2022-04-15,120.06771255001328,0.0,0.8432225021068733,0.17370535254271224,10.590270389024036,-1.49260157825926,27.861709923687464,1.5553479912416168
2022-04-22,120.07847549074258,0.0,0.8425792139790932,0.17236147535086574,10.529282976576441,-1.573739645300323,27.83911860644888,1.6599319746374266
2022-04-29,120.0928855537382,9.388758114605734e-13,0.8406684220768105,0.17211972336581385,10.507451766666259,-1.632136505278974,27.810151517246396,1.8299735516733677
2022-05-06,120.11123507855008,1.5730366584439413e-12,0.8374678156868034,0.17351146342196191,10.602982383547419,-1.6858994599961428,27.785634247644722,2.055523567256561
2022-05-13,120.06430372197288,3.4241577955261585e-13,0.8338258557446625,0.17498085036606806,10.693975951149513,-1.721097422573078,27.992786428321743,2.3192801553658096
2022-05-20,120.07483125866717,0.0,0.8320169546486171,0.1763631325490696,10.622955388279694,-1.8225965482292015,27.977703301259755,2.4466253037325427
2022-05-27,120.13370468007835,6.836283352540096e-13,0.826710781526966,0.1791184833626734,10.630512965312164,-1.8757910096173205,28.425767422846747,2.8142545394083505
2022-06-03,120.13801201926063,1.6585786323060671e-12,0.8262537522326108,0.1795838591501059,10.638438086900415,-1.7960934064024014,28.423494681422092,2.8295173538015814
2022-06-10,120.25932672246333,0.0,0.8249655032346378,0.181060842107363,10.541942129369557,-1.839275573434752,28.90254679850404,2.8936651109690255
2022-06-17,120.15689858704346,7.889693353153932e-16,0.8368391333262502,0.17330114801843402,11.083603772971209,-1.637100817155044,29.87405681161965,2.100042538646362
2022-06-24,119.75122806936076,0.0,0.8234318272463464,0.18037574125862818,11.018548737280705,-1.7508880344506654,31.03039641118466,3.126940562783324
2022-07-01,120.0856403919337,2.2845470845211846e-13,0.8349550286275842,0.17183586244859064,10.882222334560387,-1.6118202869242007,30.243579676537948,2.27838160043621
2022-07-08,120.4084824991683,0.0,0.8405644825383264,0.16927555030038546,10.79265264247579,-1.7123215199191397,29.162964004748254,1.8856707012675358
2022-07-15,120.42285708949476,0.0,0.8338373107390763,0.1727361767016505,10.808923005736853,-1.7337283697952959,29.99781536281462,2.346819104680618
2022-07-22,120.47017192701486,1.4062222851679132e-13,0.8359624715976818,0.17148105393138852,10.905692564479258,-1.820779540497777,29.834365483795978,2.248756980682099
2022-07-29,120.54818423679112,7.75268148446507e-14,0.8375689591197286,0.1696231307423755,10.928647779768427,-1.8320519760914735,29.288787779690967,2.148944635858844
2022-08-05,120.62778506433156,3.144575654951885e-14,0.8390114923317656,0.16860289904573575,10.829297640828717,-1.8924790265543208,28.874309151383223,2.068018851660197
2022-08-12,120.59320120098064,1.4861090629526677e-14,0.8395851184214811,0.16709588860980246,10.889306498964473,-1.849948737595773,28.407605017771253,2.0428389524345647
2022-08-19,120.475552671019,9.478833394476901e-14,0.8395548647637726,0.16657941173605678,10.9262153434893,-1.8581688557815617,27.881945515019922,2.0479876741866643
2022-08-26,108.60642907823492,3.5386576406860326e-17,0.8387872180477155,0.1660573472280076,11.037173949718998,-1.9451952295571082,26.03862289450037,2.665509934108758
2022-09-02,108.59316843449365,1.0688192015258855e-13,0.8387161143413346,0.1661890283657409,11.13808293824285,-2.036333350080223,25.62179248575195,2.671931452695301
2022-09-09,108.59066597138853,2.600819821310251e-13,0.8385637168103625,0.16523739596880826,11.108910225489923,-1.9268836467299002,25.60202193979821,2.6911338843760286
2022-09-16,108.54891175154289,2.450210795464574e-13,0.8392994826922011,0.16502656886422332,11.23929028934636,-1.9421247566812632,25.09106252926224,2.6250421327141438
2022-09-23,108.5351399383811,6.786013835449842e-13,0.8394021200335032,0.16456229169337327,11.073858156252976,-1.7569378769009492,25.105909038113015,2.5906140934176785
2022-09-30,108.53492078368235,2.385244279090624e-14,0.8407493595298546,0.16577560605682143,11.0719730639232,-1.9309568229048244,24.43758050663485,2.468423811600375
2022-10-07,108.53492600795973,2.569659827665289e-14,0.840447902481635,0.16677260608927305,11.071973809022234,-1.9308416973925373,24.437571242308238,2.4685772916742703
2022-10-14,108.5176262087848,0.0,0.8360968895466271,0.1682798525987683,11.13563788782433,-1.8436476809767814,24.390916339329486,2.7698566701208827
2022-10-21,107.94526677968416,2.36478767883751e-13,0.8357459731004278,0.1684899617557725,11.132617234813619,-1.858149790493481,23.69741035982904,2.79570354159414
2022-10-28,93.88383825585163,8.237697436499196e-15,0.8347064214881168,0.16723613425753225,11.257758960380428,-1.825931063180144,21.892803492205072,3.544284676449286
2022-11-04,93.90335026434964,2.3323494352983652e-17,0.8350387136803583,0.16656348411500588,11.287827532688928,-1.7528296713471287,21.599964081834482,3.5054743462202245
2022-11-11,93.89389387692597,6.312648954937921e-13,0.8371029779538336,0.16420003915394907,11.171823533172095,-1.5838021818470003,21.600750147404604,3.3827593167313226
2022-11-18,93.94817104719142,4.768016980748667e-13,0.8338990161634731,0.169811201739653,11.255701149884818,-1.6003263554387495,20.946316179088505,3.4513951888229286
2022-11-25,93.6866544572255,1.2580692208139267e-16,0.8282056700354733,0.17264976894867426,11.254426147427598,-1.4886610460467018,21.56783904994012,3.845523332175222
2022-12-02,79.03113520602224,3.7498410166812464e-15,0.8254820435337603,0.17373737480297394,11.329817157289757,-1.4676551285723742,19.433739587786743,4.6808813659403254
2022-12-09,78.80080606548937,0.0,0.8213897194737856,0.17629043413872708,11.409772745622915,-1.527187210438095,19.800679040402684,4.969923706288316
2022-12-16,61.88264742015654,4.434740817906639e-13,0.8184664252340713,0.17782085422497135,11.457094100834166,-1.5695952102454673,17.234499896108254,5.911097178630298
2022-12-23,62.00616641195204,0.0,0.819550328242691,0.17841000701403817,11.311370360316038,-1.4695917812560166,16.5134315049406,5.742611823577604
2022-12-30,61.706106211793035,3.8761841607181255e-13,0.811971915430528,0.1802680733197026,11.549067413630802,-1.3949877179907029,18.382302264650395,6.39644866452522
2023-01-06,61.833527086040284,4.668717069347505e-13,0.8163125925440162,0.18190522431329656,11.36963690664847,-1.4861842976840478,16.532803132325178,5.913018549372348
2023-01-13,61.48701033627266,4.3770740315016244e-13,0.8120164620284089,0.17518500640711607,11.435279090764448,-1.3803855708291792,20.18555702155626,6.685400909277236
2023-01-20,61.71424600871935,3.2624513035959926e-13,0.8152940855381096,0.17618365649251103,11.261754365116877,-1.475413010866802,18.94419542813594,6.339100293053586
2023-01-27,61.8088979831259,1.5287650458643616e-12,0.8147881004554068,0.1778228985011623,11.275206917407115,-1.4609662772082943,18.516043932396137,6.292439383909139
2023-02-03,61.76271771564386,1.4632597974579416e-12,0.8139641699900009,0.17573313309197522,11.27065508283125,-1.3040556388057545,19.278571153379623,6.440370614575881
2023-02-10,61.787021966883714,3.9954106715964197e-13,0.8101117356552783,0.17784624373528346,11.377824194263527,-1.2408328210497601,19.889315139183594,6.701573399003248
2023-02-17,61.90062356216745,5.268090744679227e-13,0.8132843986098275,0.17818789925409143,11.346992769563442,-1.162220953082839,18.668519201851204,6.335575297464449
2023-02-24,62.02487861540315,5.218053154873404e-13,0.8163279021142713,0.17592263443037734,11.227562852626459,-0.9706506205489999,18.286578371734905,6.094965915485717
2023-03-03,61.87946823114602,7.79280222205186e-13,0.8101786852113206,0.1812459827492638,11.385948257785566,-1.0679056727678975,19.36951000626407,6.5203085836061145
2023-03-10,61.88485298253891,0.0,0.8090613965735907,0.18133614444441162,11.443845872129792,-0.9662959254171204,19.36390289168719,6.582724324047683
2023-03-17,61.908740182830726,3.6261589296584317e-14,0.8046388866773658,0.18136695693897495,11.495395816166551,-1.1516482076130174,21.163236594443852,7.092255264708324
2023-03-24,61.731077447931575,7.262169439743743e-15,0.7800675564702644,0.19376302114644528,11.128547925058147,-1.2868190705049793,27.502675446645892,9.24042106649614
2023-03-31,96.33372520773311,3.793149037088545e-14,0.7914163045605781,0.1856173752627158,10.993421110576415,-1.196271454952126,31.590861010636146,6.923842369985873
2023-04-07,96.28622145314179,0.0,0.7872221488371425,0.18690367169569885,11.117797419656585,-1.1580916773452177,32.79734878143329,7.277503937738734
2023-04-14,96.49324277259902,1.9832918182735922e-14,0.7867727726465671,0.18454311543527394,11.139849667044036,-1.1597242687072185,33.32756955385107,7.381609272791296
2023-04-21,96.49744339385585,1.4546670591976554e-14,0.7866990183605073,0.18372308584985475,11.094301237250543,-1.064712996429435,33.32430094694944,7.38674807629807
2023-04-28,96.42279166135063,0.0,0.7835984140300799,0.1825789967848157,11.06863491400659,-1.05501153830836,34.171354368924355,7.700806294783925
2023-05-05,96.66973556756568,6.804779210422907e-14,0.7949621032063424,0.17872889233806596,10.959480754393093,-0.9679055755437944,30.98163716593139,6.691974867433494
2023-05-12,96.30944113974435,1.6697411661578186e-15,0.791223662152662,0.18046245528875612,11.00170453976614,-0.9531510663508093,32.08273175363102,7.011770667235874
2023-05-19,95.49378062498643,0.0,0.7765162564354596,0.18753144164728053,11.088591374129244,-0.9815348848909473,34.28244233616139,8.128962722444122
2023-05-26,94.2082783039861,8.196784185515994e-07,0.7691841199113957,0.18945358469148127,10.969959182156153,-0.9129310265051674,35.649709542927646,8.779550121397204
2023-06-02,0.00019576801395403476,0.04205333637280015,0.4395224267234417,0.2407406575533261,13.546568575291808,-1.2635371832360551,85.44767568325625,38.5213463279483
2023-06-09,1.000000750824897e-12,0.046133534299807294,0.3502871596727854,0.24668347408732236,13.902867796278588,-1.3131466810146422,114.85634434586729,46.808879574776704
2023-06-16,1e-12,0.04635359230804503,0.3525918965195813,0.24646611986246872,13.883976639648463,-1.323407874374018,114.93133242620173,46.5854035189338
2023-06-23,1e-12,0.04672180364117161,0.3525351117887366,0.2459092512943372,13.788615213770889,-1.239863007907003,114.9231433981303,46.54709549824881
2023-06-30,0.00018811844621576744,0.04638815157474917,0.35555617501645825,0.24906485683095184,13.962923256993223,-1.2977973015930178,114.99075487492253,46.269409591104726
2023-07-07,1.0000000556324663e-12,0.04602050742864611,0.3272915509587843,0.25103929566177474,14.252847030680794,-1.235995397191055,125.22988187850119,49.141020941484804
2023-07-14,1.0000001594903852e-12,0.044460440859930554,0.3285738908971252,0.2522834503579382,14.185823671430787,-1.2924797138048314,125.2362105976149,49.092324544831435
2023-07-21,1.0000002704738577e-12,0.04431899276352357,0.33185414593965856,0.25119085916849904,14.207906561221895,-1.2705445700269524,125.24931725083054,48.86751260547477
2023-07-28,1.0000004404019e-12,0.04436456665355771,0.33352918425938405,0.250124852426177,14.20188315848302,-1.1977412699328875,125.25693795416247,48.73585120435764
2023-08-04,1.0000007337435345e-12,0.04385840811924079,0.33335412890495947,0.25124039267776793,14.201811586183611,-1.1977732394402176,125.25693730991259,48.735787692079526
2023-08-11,1.0000004021787542e-12,0.04481567115292211,0.3371534540725025,0.2504220231385025,14.11840959698638,-1.2132730248663086,125.36304357825513,48.360856643520926
2023-08-18,1.0000000718607749e-12,0.045083664201201995,0.33954728849653143,0.2506553593426075,14.03877070825275,-1.2696785376199022,125.38989271660004,48.120657242619856
2023-08-25,1.0000001211142422e-12,0.045665845555226355,0.33883860546603034,0.25073350371340136,14.038629692266378,-1.269502608436297,125.38989580792368,48.12053081041736
2023-09-01,1.000001034350028e-12,0.04627466172483672,0.33861158317252715,0.25188033534779697,14.033064584805931,-1.269803562856387,125.4294940657527,48.03625750413484
2023-09-08,1.0000006896095494e-12,0.046759176306840726,0.3666956077277007,0.25043249589787875,13.68295295657534,-1.1628478165084852,115.2249376815947,45.16661288509589
2023-09-15,0.010945825272033501,0.0479016387223709,0.32573572210780605,0.2562274589203071,14.039542104312702,-1.2648138285352941,128.4738341166042,48.97364705928781
2023-09-22,1e-12,0.04788012822759042,0.35911639891306174,0.2539766414137641,13.772020503040554,-1.1168651998461283,115.85177544864538,45.61221332281705
2023-09-29,1e-12,0.047852601763706856,0.3570377206131738,0.26022043034189285,13.857495212529852,-1.1230152198857715,115.87080082514015,45.60412634265859
2023-10-06,1.0000004912668255e-12,0.04869014325058399,0.3553125090771836,0.26042296679979143,13.686978315358415,-1.0431015989270294,115.86467842645209,45.62246970476486
2023-10-13,1e-12,0.049127394730466685,0.35711920272394276,0.2626084905215608,13.635219784884237,-1.026778529609323,115.86298516073369,45.35948184843583
2023-10-20,1.000000547500502e-12,0.04906952286426196,0.37640039742927955,0.2623071599207001,13.500079902206092,-0.9994942778940443,109.39473453615997,43.45189692136363
2023-10-27,1e-12,0.04937521653022255,0.37670574330726514,0.2629929373731932,13.522137555589985,-1.0131496920573309,109.38958790504651,43.36731524108196
2023-11-03,1e-12,0.04849155891114737,0.41402522046805706,0.2580926898296651,13.106001058115313,-1.0422907402506845,97.67379981634477,39.925807231857064
2023-11-10,1e-12,0.05042520988654263,0.415328671836828,0.2550446215144969,13.180299112274382,-1.0108965492007662,97.81579397869197,39.791613472402545
2023-11-17,1e-12,0.050120518103611046,0.4166725458514532,0.25514206940457396,13.125335516826233,-0.9845141161929287,97.89264324775768,39.66947852339776
2023-11-24,1.0000001816568168e-12,0.04927582326261996,0.41903208857789465,0.25388468200104297,13.212893235207197,-0.9590907594268178,97.94589498345206,39.597904060079664
2023-12-01,1.0000002550599225e-12,0.04905851743078224,0.41830584225915907,0.255356228046109,13.212822119141311,-0.958694197735979,97.94592182299313,39.59785746715747
2023-12-08,1.000000905633905e-12,0.04897674124558403,0.42074359965086133,0.2548978909187082,13.056156390992166,-0.8440963333940819,98.06760076197368,39.376688490698186
2023-12-15,1.0000004634817881e-12,0.048966007646845125,0.42113657230335394,0.25684162228030905,13.092164948708056,-0.8210102255329976,98.15300185075026,39.28798131446034
2023-12-22,1e-12,0.049321704826626164,0.4204410747471157,0.2576862113927558,12.997572075230437,-0.799784395171286,98.17575996881804,39.271016985741554
2023-12-29,1e-12,0.04979154708651808,0.42114714805575515,0.25991504484379324,12.955862521802658,-0.8119974958552898,98.29683357519083,39.103424904803134
2024-01-05,1.0000005129132182e-12,0.05079019008160011,0.41962569566130165,0.2608348692477381,12.958300254547824,-0.8247489219599767,98.30217373857724,39.10465801990755
2024-01-12,1.0000000000759114e-12,0.05336872593736855,0.3593528261951528,0.2658412271428017,13.16760567890725,-0.7503284978283545,116.58106605073715,44.6015118739776
2024-01-19,1.0000000001298057e-12,0.0565233810590583,0.2514048009532743,0.27180693623080254,13.278505191902001,-0.8849446057064771,150.2731686563339,54.79031075876512
2024-01-26,1.00199697892127e-12,0.0041485368784605434,0.7832579374788606,0.20669031010547778,14.031746681502764,-0.4475494861322754,4.317883476135586,9.562528587574494
2024-02-02,1.0000064950127115e-12,0.05738171369142172,0.43677403741056703,0.28072284415759113,17.403214911934406,-0.747431507705947,76.30942511306314,35.036684306609516
2024-02-09,1e-12,0.005169326542078902,0.7829564175624295,0.2090025170962743,13.944246268987921,-0.3924464678802035,3.4657462257677047,9.370175368077081
2024-02-16,1.0000008681459955e-12,0.0053178737177832685,0.7832623380966001,0.21009862057703402,14.042569716170926,-0.45920173532346287,3.4352841142831125,9.307982603048465
2024-02-23,1e-12,0.006124622610533336,0.7829811749737081,0.2088813144785251,14.081733162302394,-0.402502774459159,2.788004329904864,9.242287340443731
2024-03-01,1.0000012732692489e-12,0.006814279940098973,0.7787285723938682,0.2091642618919533,14.09292912530143,-0.29224500104470236,3.2665863624860556,9.53153388116492
2024-03-08,1e-12,0.00567631769999973,0.7841288245391482,0.208316689577625,13.770779371668874,-0.2473800401920638,2.779635843381714,9.167527457925365
2024-03-15,1.0000004342168994e-12,0.006103482774938703,0.7806339448524082,0.2113781377393792,13.83249933834583,-0.19784414130192896,3.5120965549222616,9.370846654933805
2024-03-22,1e-12,0.007392450880153305,0.7796924361187793,0.20590248439367245,13.889462531885448,-0.06742894607563726,2.9072635580314636,9.45914370931227
2024-03-29,1.0000009055175733e-12,0.007026980959245273,0.7813655479572376,0.2043664886884401,13.991288054366297,0.009038758911765792,2.8731520190295825,9.379084664822654
2024-04-05,1.0000001865938074e-12,0.006939373447549927,0.7830433288303158,0.20151679993224603,14.080924376955801,0.1050377220007984,2.4065083094131388,9.284756505162877
2024-04-12,1e-12,0.005706320771949759,0.7861522529288258,0.2015681497146452,14.068914167922143,0.1630062675754546,1.8408539959584542,9.059310210426938
2024-04-19,1e-12,0.00655017938903759,0.7832817343571242,0.2021112849445384,14.26572058181472,0.06359780069740804,1.8540417462819054,9.233205833813793
2024-04-26,1.0000027592820428e-12,0.0067053109925424475,0.7828815052053345,0.20184047658834425,14.34625989872117,0.1148299679542967,1.8260896051451536,9.223457717925168
2024-05-03,1.0000003525229414e-12,0.00838483454186431,0.7767781277144216,0.20258604549277898,14.436132091830581,0.21636012600341514,1.8920071900815618,9.556275877505673
2024-05-10,1.0000000512403697e-12,0.008643525969874057,0.7768941319050732,0.20222235950695305,14.321298338738872,0.17394648667425233,2.442890382073452,9.577401742179587
2024-05-17,1e-12,0.008489673676193127,0.7791644298610214,0.19782423325860823,14.174908254258245,0.23768760470511338,2.445563782128316,9.52128512875587
2024-05-24,1.000000624669948e-12,0.008989354054609442,0.7739474027774046,0.1982423935826993,14.33851199261432,0.3056347277629543,2.3601249649422575,9.824769821322338
2024-05-31,1.0000032988502511e-12,0.010003144162518409,0.7699637391584206,0.20003431183084328,14.486650530304281,0.2564087866519178,2.3386780653015373,10.007011097559229
2024-06-07,1e-12,0.010503881952782854,0.7689985019436486,0.2000099856859717,14.205905542097446,0.2862128340176512,2.352828911501752,10.022911407212552
2024-06-14,1e-12,0.008523125892245348,0.7809195865434381,0.19611493796025462,14.169199076304077,0.27693261247526757,1.8689066061587154,9.316311855150007
2024-06-21,1.0000844695551481e-12,0.012166072462829162,0.7503583443026314,0.20097925380618245,13.462495304410561,0.13741358161053766,4.2124705776271405,11.604904496682405
2024-06-28,1.0000007244923343e-12,0.0075392364032776035,0.7774977889725969,0.18947411559613775,13.005540332947284,0.20419692211737217,2.6075790291292535,10.06364305625488
2024-07-05,1.0000009320973649e-12,0.014763849307375903,0.747325726758085,0.19577137692821514,13.00093447841702,0.13339566842204256,4.723713693483486,11.820755178821173
2024-07-12,1e-12,0.015310112734405272,0.7468235192486377,0.195517324319964,13.047346609407821,0.16345009514896003,4.71801212327402,11.822809152290626
2024-07-19,1.0000002413132848e-12,0.015417223905879286,0.7474422183118209,0.19373386507029108,12.904949079742124,0.16282953213330736,4.720946324607657,11.799844365654735
2024-07-26,1.0000024252888734e-12,0.016255384194772692,0.7466733255026079,0.19221818514440792,12.819422634713623,0.16277512235998878,4.746483041355744,11.827694566424704
2024-08-02,1.000000117797497e-12,0.01744571219490978,0.7434051808274061,0.1915843272387795,12.706213961991324,0.1643173984052081,5.50712403866116,12.03445874755651
2024-08-09,1.000000196147066e-12,0.00911815332378882,0.7716034839148785,0.187556929715637,12.065410876871896,0.07344083440038152,2.7783678853363925,10.591526347298991
2024-08-16,1.0000024388962178e-12,0.007667032514437351,0.7796860280827097,0.18197109718838994,11.906023023407572,0.08183186640565542,2.439654392312899,10.189678635557005
2024-08-23,1.0000024163949618e-12,0.0076307923770936245,0.780399207313781,0.18005613818469196,11.90594961084989,0.0819060526605882,2.4396565863402206,10.189644297956514
2024-08-30,1.0000005280440746e-12,0.00765698174989359,0.7856574802391275,0.17583210116042094,11.622812685351288,0.15406829981145134,2.36032170886393,9.881395710285942
2024-09-06,1e-12,0.005821928999634706,0.7929800280283793,0.17507940218238313,11.496875382996482,0.18274191461675734,1.9311985772559728,9.441451986804
2024-09-13,1e-12,0.007855633319481779,0.7880166886299406,0.17550420159655508,11.599857477253105,0.11436763508258711,1.9102086281608595,9.680095573217754
2024-09-20,1e-12,0.007176892395572728,0.7915726491385606,0.17322144238440615,11.602275597792346,0.13982066047182773,1.939471434971958,9.497382991710268
2024-09-27,1.000000950167451e-12,0.006787070471026024,0.7938258571680383,0.17172504014815715,11.618363906894013,0.16890698021592412,1.937848610033615,9.375681665605635
2024-10-04,1e-12,0.00699405155211139,0.7943121280045217,0.17060084239917064,11.536345992013983,0.2103650360406254,1.8982733274556984,9.331733065535483
2024-10-11,1.0000007647457304e-12,0.005984811387587319,0.7974415399898496,0.17045581172713076,11.63642219888281,0.16642010843459265,1.8883890623184232,9.170736091655908
2024-10-18,1e-12,0.007169388949203342,0.7933718215781747,0.17142493220585997,11.705424074090889,0.17340920802903842,1.848297180098925,9.351601501705149
2024-10-25,1.0000006140039894e-12,0.007849205984913982,0.7918603620773011,0.17134203791679622,11.683916528805502,0.22560924787762737,1.8283947788541015,9.401097555519494
2024-11-01,1.000000670902254e-12,0.007676209257512849,0.7937729845610882,0.1706995278034157,11.545853041296157,0.15441728000191118,1.8190865123601925,9.300836085073282
2024-11-08,1.0000000142897258e-12,0.011231520819540809,0.7900420543035788,0.16869874466279466,11.516506394885969,0.1537055899361991,1.809991349385263,9.409753720352406
2024-11-15,1.0000001940765603e-12,0.01114843232371109,0.7915545050246369,0.16776509142305632,11.597902152466323,0.06972400753117483,1.8400503132966062,9.34630773570827
2024-11-22,1.0000009505765258e-12,0.01098057301930597,0.7950810761508115,0.16546447138217957,11.41531496730288,0.06460212327531445,1.8889140325204479,9.155990711212846
2024-11-29,1.0000001950689042e-12,0.012011462906568486,0.7936422588828417,0.16405704773496274,11.604953680119808,-0.015912684847640236,2.463580715136331,9.289486018582739
2024-12-06,1.0000005589108794e-12,0.011502044018677061,0.7983456165773627,0.16120625383378506,11.515932013509136,-0.05155075709888888,2.504563973058743,9.040373717618682
2024-12-13,1.0000011917361814e-12,0.01050165365317893,0.7988500822584702,0.16121780277830225,11.535889937587662,-0.022974368331480807,2.9800035640220366,9.106783295482566
2024-12-20,1.0000014333012405e-12,0.010624279486751891,0.8005639201380995,0.15935796669244368,11.452909333985925,0.0323442659490222,3.0069405627432366,9.004094944472035
2024-12-27,1.0000003523454056e-12,0.010421833865307381,0.7979944155488852,0.16080701512202747,11.636797769724893,-0.04177015185872304,3.8106034197433183,9.223314201695642
2025-01-03,1e-12,0.010529595851298298,0.7982969473054516,0.16036163164517767,11.558279638772229,-0.06228391874586771,3.807456911489109,9.197831612014978
2025-01-10,1.0000032969723316e-12,0.011083063376400096,0.7980209085177018,0.15979981111398675,11.586132161127013,-0.04782117884186211,3.812099988311351,9.176908124744172
2025-01-17,1.0000008164171922e-12,0.010869232143356243,0.7986372627474726,0.15900868095748505,11.559069766541175,0.0728313650502609,3.8266231840353218,9.15383579391486
2025-01-24,1.0000004691646306e-12,0.010757826354640404,0.797624625598592,0.15784805600480728,11.53584040777527,0.07729523709535482,4.580603105728886,9.33534940991642
2025-01-31,1e-12,0.011171876592865766,0.7973340614309522,0.15767323696294233,11.614758768145455,0.10984079787192454,4.572195418088931,9.31501089289021
2025-02-07,1e-12,0.01070215131636766,0.7979808789862693,0.15903783702757388,11.669309920339252,0.1476689653777898,4.1031207634451246,9.204630116613806
2025-02-14,1.0000021356468826e-12,0.011280959191431471,0.7992966472846548,0.15584987680974008,11.553255623341823,0.3229215223704331,4.092654629798913,9.157431207738119
2025-02-21,1e-12,0.012990377043226281,0.7870172673420216,0.1606811686954231,11.891725229556627,0.31785498450470484,5.861094615548725,9.936000607055155
2025-02-28,1.000000391497942e-12,0.011195968697862648,0.7956907549128265,0.1601939560990012,11.641943040749178,0.3643544471347418,4.165544559555855,9.299221317156551
2025-03-07,1.0000014942621753e-12,0.01259454851680938,0.7929656291371082,0.15723261319826914,11.689312629594388,0.47580492225058807,4.884496484421457,9.544035315156254
2025-03-14,1.0000012354512112e-12,0.01661237526571406,0.7792692590874737,0.1560183980638686,11.972145208770991,0.5385184751515462,7.049093285115871,10.496862286327033
2025-03-21,1.0000006042086567e-12,0.013611805198430043,0.7883224834230823,0.15720443009196503,11.859731929605394,0.5089393069878116,5.5766212703850355,9.875136073858124
2025-03-28,1e-12,0.011532176117989264,0.7959106299474622,0.15743708980879476,11.60730719642139,0.6247648413411767,4.2611602514664675,9.329215742538631
2025-04-04,1.0000026974880033e-12,0.013137008805966592,0.7850880067654366,0.1620863592812907,11.878014404444734,0.5734469721055161,5.726251411356615,9.987575009241763
2025-04-11,1e-12,0.01806073073366867,0.7560724482123738,0.15679776138675589,10.31554998400653,0.4246429659601059,13.023199582906896,12.779395509715421
2025-04-18,1.0000005386402896e-12,0.01631701498374764,0.7686741780265025,0.15025177161547965,10.251217696879662,0.45749496401015854,11.55555636203205,12.002165812243689
2025-04-25,1e-12,0.017639254281505198,0.7654248492060367,0.15173183246865174,10.232159585153784,0.4217576642908971,11.495563309881971,12.124608160575276
2025-05-02,1.000000221856622e-12,0.014727437110719412,0.7724041231280266,0.15293357633566962,10.100426924402447,0.5292714428317421,10.077504270506486,11.645694668150357
2025-05-09,1.0000017677790453e-12,0.013661595310327939,0.780307896325078,0.1486029383600164,9.871854683343457,0.6360330883097121,8.972667392154314,11.156499463302028
2025-05-16,1.0000001224994652e-12,0.012845844242039509,0.7856505107096953,0.14414094504032268,9.766388425676999,0.722539912838958,8.707153911967694,10.892517596312155
2025-05-23,1.0000010917376128e-12,0.013045499142068909,0.7923394595633653,0.1395701433230611,9.632328054953062,0.8436532045656987,7.335681652192389,10.396934190855522
2025-05-30,1.000000673742295e-12,0.013209412837930114,0.7822423429032794,0.14602529414361753,9.749025777806345,0.8068973451298602,8.267255000336908,11.020238102816354
2025-06-06,1e-12,0.015770796577599278,0.775251988030253,0.14568974177158728,9.72887393259224,0.772134235858722,8.231848474392148,11.380496514970332
2025-06-13,1.0000016179560097e-12,0.017388633938187327,0.7686197194276899,0.14588084974639787,9.756968152880015,0.8051079272338918,9.104763986683825,11.798266036056066
2025-06-20,1e-12,0.016874290535779123,0.7698059617020337,0.1464299980058673,9.668625375095694,0.7146806565826389,9.141082521039118,11.755148150019775
2025-06-27,1.0000008283343857e-12,0.021054016293242137,0.7665551234187724,0.14243679394539135,9.712096626091625,0.6973970905076584,9.148005160587546,11.838013248409919
