Date,Omega,Alpha,Beta,d,Mu,FSI
2015-04-24,43.54504205747321,0.13751821573433615,0.8430250629909897,8.637561550421944,2.107942772246194,12.837978151623915
2015-05-01,43.53446509691082,0.1372500522020065,0.8432846361132995,8.71096675296568,2.169555349531295,12.86338384089996
2015-05-08,44.365384753206094,0.1388911043314529,0.8413954023969341,8.564756508894083,2.2223551627147304,13.116043978129639
2015-05-15,44.38183542253591,0.13908935385631402,0.8413926916670268,8.491338995224506,2.308296934062135,13.166027694567212
2015-05-22,47.03243734422686,0.1421221905702213,0.8367883664075809,8.501999641617036,2.3288025232484406,14.015678466874531
2015-05-29,48.537812724672875,0.14317248190051265,0.8345536897017775,8.499176068293965,2.3150569200887565,14.506160001219278
2015-06-05,48.51374450097829,0.14117072654193202,0.8363310447406663,8.57188493050705,2.215998692836555,14.532053883295182
2015-06-12,49.32026975996443,0.14113654451968896,0.8355806121291052,8.59716842205374,2.163614005974577,14.836094854629167
2015-06-19,50.48240686085271,0.14192526128046937,0.8338532283822164,8.590511843006716,2.1245402255896786,15.231182728653089
2015-06-26,50.99393410594055,0.1417285644405955,0.8335423732594383,8.640145436471062,2.104433859525829,15.416168689172425
2015-07-03,49.65675026042108,0.13803589251375778,0.8384492516131614,8.622878682848786,2.165228756779227,14.960141960719039
2015-07-10,50.3481555273216,0.13999469040887816,0.8367408775486178,8.721290933738388,2.1114112020943065,15.105710722752557
2015-07-17,50.32185304902362,0.13924116205258152,0.8373436292619739,8.646017644609092,2.1789168724474566,15.144208771291119
2015-07-24,50.21352612827645,0.1390356524659425,0.8378761935480011,8.595181405551777,2.1576259693495206,15.142593121061074
2015-07-31,51.258670908404476,0.14002039805787164,0.8363785265734556,8.635976130808288,2.1229748421926584,15.50861607345555
2015-08-07,53.1192277412338,0.14151175595466287,0.8336638665661518,8.568623304451432,2.1456906537546083,16.111037565617078
2015-08-14,54.19557435725347,0.14082355182545753,0.8332747324918888,8.616369928974763,2.1183125341299966,16.527889892383385
2015-08-21,54.195584899807514,0.1402909133877741,0.8338431136012087,8.616468795625467,2.1179844622806803,16.52788479903656
2015-08-28,54.2049082357354,0.13994290228070763,0.8347429086974125,8.753915314118107,1.979327684063067,16.512640601278516
2015-09-04,54.197926313447034,0.1382261609541103,0.8358716716688862,8.79244366904001,1.979039461214501,16.53650952984906
2015-09-11,54.207386259454076,0.13938368907078924,0.835172189248584,8.838295389174078,1.9937029000009903,16.5285265486466
2015-09-18,54.161980248712254,0.13757472772775456,0.8366832551421047,8.709930138769971,1.9114768822698678,16.56573805919832
2015-09-25,54.17065365280916,0.1390727478113278,0.83564188836526,8.794008589940724,1.8560869636092816,16.575855367592307
2015-10-02,58.79419686497796,0.14225367613681988,0.8295377828597914,8.830048333563004,1.807395827518132,18.068302902203577
2015-10-09,58.785736970336664,0.14097271646098386,0.8305126463632169,8.771203917191853,1.8289683964366474,18.119360542606515
2015-10-16,60.16651393251823,0.14069702070982182,0.8304818217974449,8.814593580646346,1.8883752968937317,18.709386911481463
2015-10-23,61.41701774219884,0.14017152640040906,0.8299137645913374,8.80740257117425,1.8355621824998294,19.174751300850605
2015-10-30,62.93476993045996,0.13980660194342287,0.8289503659154576,8.84678869508591,1.8381044657297554,19.71397277953983
2015-11-06,64.2286332014314,0.13913438948804804,0.8284757226198676,8.924632300235547,1.7785735813388757,20.190360261417876
2015-11-13,64.70260871246195,0.13852843345428967,0.8284417317917145,8.998849717033938,1.8105432116233253,20.340229870235653
2015-11-20,66.27428105359886,0.13801272148662824,0.8278459629355526,9.14518928007109,1.732588396726126,20.92221933105242
2015-11-27,66.27308567774905,0.13754793540158147,0.8282088467073875,9.021375146874695,1.6678886206241934,20.92624974024526
2015-12-04,69.59184874345036,0.13994418884310794,0.8239210077861927,9.022910421499118,1.6262517719221345,22.039259743025486
2015-12-11,69.5949719231229,0.13909000014667566,0.8244190416242039,9.15860408349934,1.5821322726996383,22.042848653047628
2015-12-18,71.69373744238123,0.138676572543095,0.8239903319248992,9.239415519168642,1.5459864058146724,22.80905076258057
2015-12-25,71.69554565542873,0.13813389000701912,0.8242470469175951,9.311758027908343,1.5534224588383139,22.816020638246403
2016-01-01,71.69490442913956,0.1378123112186342,0.8242593568913537,9.295160249284942,1.5808677280463,22.807645275280873
2016-01-08,69.11600771172999,0.13732001825005247,0.82645836678104,9.126225790918008,1.6415751432758485,21.938037253612247
2016-01-15,69.09088325359981,0.1366754024075733,0.8290121103257513,8.771446769220054,1.5673457410981126,22.095979352534243
2016-01-22,66.94256509110447,0.13628293994066878,0.8303553192199348,8.942365207037495,1.5575599248231897,21.2845532318922
2016-01-29,63.594644833498165,0.13549005893941676,0.8329304254838116,9.011571558033438,1.6251723352055323,20.109162951271248
2016-02-05,65.045849984701,0.13483600085798797,0.8328050634081655,9.030268968807308,1.562297140495609,20.702497472248282
2016-02-12,65.103466393705,0.1380061528792112,0.8300315255580021,9.12298306210828,1.5468967509475515,20.58494592146694
2016-02-19,66.6476150047911,0.13989379381070857,0.8277295010700205,9.073088402852797,1.4765939435384907,21.094519451399307
2016-02-26,66.61493636696626,0.13874687065425736,0.8287829482905401,9.082251978192529,1.4671165102518722,21.143684507832123
2016-03-04,66.64779609281612,0.1397952779140136,0.8278180984396577,9.110127974643543,1.5150736359933408,21.11160329545838
2016-03-11,66.64090322599701,0.14124680437910977,0.8274281258708727,9.059696968548579,1.6187982831077883,21.223387063314124
2016-03-18,66.9959805800237,0.14173320513545387,0.8270371353103555,9.1143641939703,1.6816636296071361,21.38840003232785
2016-03-25,68.60201776946131,0.1425167346757892,0.8253221689291869,9.183890792829652,1.6359232820918972,21.93472048671203
2016-04-01,68.60043518342795,0.14233036472325164,0.825613625593458,9.21301605277544,1.6331543196422194,21.978420245899162
2016-04-08,69.89652962978845,0.14185178841124801,0.825015582298849,9.279909810238339,1.6304761354966038,22.437205233194216
2016-04-15,69.89718961191959,0.14122806971665663,0.8255293295489688,9.26453618803207,1.5678761451522796,22.45069271262289
2016-04-22,69.88212718929361,0.1424236361216747,0.8253122339895981,9.298454316558615,1.577829401935475,22.55816532309703
2016-04-29,71.75873916715835,0.14327436182763947,0.8234413769765855,9.36779080855347,1.5635459617204426,23.199840209818113
2016-05-06,71.7568046654364,0.14216330287695142,0.8241296878752732,9.467429279638363,1.5385868723810263,23.215274571629298
2016-05-13,71.75844537280521,0.14242284295733038,0.8240386054341955,9.60674271225244,1.497357027638747,23.235732881781445
2016-05-20,71.76612889648318,0.1413124071595455,0.8246903786060479,9.585629322015013,1.5176074008859946,23.24114486266725
2016-05-27,74.03113654050487,0.14161513778676743,0.8226263476284992,9.648313144159419,1.5203012951745951,23.978391025349243
2016-06-03,71.96626610477055,0.14173352487988827,0.8238449663565552,9.735437280176791,1.574987705903052,23.24685989397033
2016-06-10,69.05662552360477,0.14230364122196865,0.825673728804114,9.683987882730497,1.6144976760337377,22.255604724763998
2016-06-17,71.79594758720769,0.14288856245299184,0.8236454707829818,9.717570239820438,1.5927055315070318,23.263405355812484
2016-06-24,67.69481682009892,0.14104352899528458,0.8271474184764457,9.823336029983508,1.5638098536422582,21.759771068235395
2016-07-01,63.67907626806372,0.14250007455867425,0.829715906308386,9.697992563367999,1.6397545159105775,20.452883607750746
2016-07-08,60.87232842680263,0.13900339731943404,0.8345968494574821,9.554813457319073,1.6975069014842277,19.603083873575855
2016-07-15,62.46023101248965,0.13966769448687102,0.8327829918915942,9.442513892854075,1.6176032351762226,20.08256624702499
2016-07-22,62.45373396494807,0.14416485161028708,0.8300975274457563,9.53848606351877,1.647829389544987,20.120603836551364
2016-07-29,65.64653467410142,0.14529136132561887,0.8269481043444903,9.436007688764864,1.6321950936131797,21.218461613587884
2016-08-05,65.64699648413936,0.14330248681618754,0.828355115885076,9.479583956998354,1.6040251716838556,21.230748079034715
2016-08-12,67.22501761541018,0.1420472746579268,0.8281356004027506,9.49548232306228,1.565246001074574,21.80493647746417
2016-08-19,67.20578335250605,0.1407127844395462,0.8292394575087771,9.557069641964224,1.5907668661209857,21.86847982244276
2016-08-26,67.1713008943885,0.139294146380666,0.8305648701325717,9.650561229898587,1.5382366310453968,21.933471455895518
2016-09-02,65.8585917574754,0.1379755971209488,0.8327047058925481,9.77256120273322,1.5590909661699337,21.560613449830363
2016-09-09,65.85859753664174,0.13747578688872808,0.8333284690642772,9.772628990810604,1.5592996626605924,21.560619005424524
2016-09-16,65.85339405757708,0.13625686028973946,0.8340238048650099,9.855515841336944,1.6300753779538084,21.62305598847376
2016-09-23,65.00996868515232,0.13577230923175362,0.8354588356437787,9.978394807283133,1.573661336764069,21.415288354154548
2016-09-30,65.01070639280181,0.1351380129668246,0.8358566452479176,9.91247642765422,1.626519158815797,21.41209799996677
2016-10-07,67.95744418494087,0.1356094809072138,0.8333148742255799,9.986662974221208,1.5967904572927165,22.41723367694064
2016-10-14,66.95217684865574,0.1351240255479353,0.8341002723620662,10.046785018430281,1.6354067674843777,22.038943663152217
2016-10-21,66.97104029276255,0.1360636632155465,0.8332122799321123,9.878169133479371,1.705277743031641,22.005993749336643
2016-10-28,68.97324459575827,0.13734047579564154,0.8313389658769699,9.971134156099886,1.7572494469392976,22.74633717436492
2016-11-04,65.15573051438172,0.13569396961518593,0.835051173679434,9.920514165946404,1.8441387292327898,21.43408971016653
2016-11-11,65.15842469578372,0.1361704976209149,0.8347597884428161,10.02948865932747,1.8155125346606877,21.422251870022748
2016-11-18,61.915008909242694,0.13583977373940545,0.837186038217546,10.079711887088433,1.8178906383810627,20.23553842797491
2016-11-25,61.916506577862584,0.13625635787147114,0.8367194161278921,9.975705638851366,1.878142904509738,20.21562862910998
2016-12-02,61.943260391071135,0.13597280884220111,0.83654728323435,9.983713774548086,1.8585904355207494,20.175289263887823
2016-12-09,58.787539593297645,0.13501967268201479,0.8388595933190999,9.942555643199409,1.827913299538828,18.971233537880806
2016-12-16,51.14216345256332,0.13304247239697217,0.8470988495629123,9.521174046724575,1.9644237908746731,16.436718857178377
2016-12-23,47.131045720870965,0.13033408652544642,0.8512152357425243,9.61032229386545,2.0325392355138865,14.925477625347717
2016-12-30,43.49751692249255,0.12148766550362237,0.8596738219020237,10.063891123788487,2.031566196325877,13.720105474242358
2017-01-06,39.03657157583301,0.1126452564262836,0.8697051775070149,10.06380204386598,2.0614776381201714,12.332646117750196
2017-01-13,40.151870990687144,0.1142173272409263,0.8675895343805388,10.089540053151724,2.0488970732786664,12.674299436808589
2017-01-20,41.497944136616276,0.12151574093262804,0.8613133364333085,10.002787868021114,2.0482706290060575,13.082782514609713
2017-01-27,48.74091434699418,0.12838002741179855,0.8505901496549004,9.830879741622926,2.0109888593122824,15.44762085775971
2017-02-03,47.15575044234387,0.12569764327538235,0.8537548970435799,9.890164656161351,2.035377875880116,14.970594763174509
2017-02-10,45.851279263807136,0.12354199278195412,0.8563312914661556,9.891819866965117,2.0159070325799147,14.58683424465469
2017-02-17,41.175589912657436,0.11969973906577527,0.8631419060527963,10.030722480615227,1.9596719106710934,13.053089104829152
2017-02-24,41.160248844981574,0.11839741949456108,0.8641209143865098,10.015410606868373,1.9571998935297439,13.094595990438465
2017-03-03,39.70893082319243,0.11627991865385534,0.8668977284771509,10.093987878543675,1.9065229618393669,12.65071918267657
2017-03-10,36.11430794053945,0.1144206835802335,0.8714842616412296,10.164725557897095,1.9709415480413297,11.442591721989134
2017-03-17,35.44648842506693,0.11309541138228023,0.8729941966468722,10.205042447229266,2.0074066138041817,11.242810779469432
2017-03-24,35.41478688836336,0.11106323970013608,0.8746407493863383,10.205381738975879,1.9973840084610415,11.301452852971211
2017-03-31,35.39051931020671,0.11014495915528047,0.8754305692712906,10.097863009619624,2.0151254553865594,11.342710827981675
2017-04-07,35.37379262445986,0.10983407500297654,0.8757210710356927,10.13382211664868,2.0386596876104597,11.382318721963843
2017-04-14,35.373794209126984,0.10978360634851399,0.875570552756043,10.133819567534696,2.0386257362342444,11.382318093367566
2017-04-21,34.46013578922021,0.10767812404413567,0.8781459503766585,10.30598561249853,1.9401057154980577,11.10517639877627
2017-04-28,33.824765036807456,0.10668899645319095,0.8794372785401939,10.395954719266143,1.9890746305824705,10.903270441411498
2017-05-05,32.8148583762989,0.105862720577632,0.8810172281822666,10.560491823081396,2.033608464709192,10.58882523770357
2017-05-12,32.20401817936064,0.1057329871644977,0.881632104004043,10.66521261105661,2.0514096366265533,10.360440124876973
2017-05-19,32.20598958148347,0.10491363447084008,0.8822085098320313,10.772489101455744,2.027088146630269,10.37838086461882
2017-05-26,32.60784023183944,0.1048330231982976,0.8819927058854271,10.6029501985479,2.067646906935683,10.534844768689954
2017-06-02,32.60784106519698,0.1047824760219576,0.8820394011647008,10.602956685097906,2.067646540790289,10.534851346022775
2017-06-09,33.44387910053059,0.10527872360297516,0.8810000097998372,10.622859410099549,2.045140025045839,10.8496021549734
2017-06-16,34.12997513338542,0.10528955753050934,0.8806136092449772,10.51077846045211,2.0289070515329866,11.114983351598708
2017-06-23,35.447379239191235,0.10654921560564788,0.8789846577497481,10.566456504044856,1.9505156885067205,11.640435101466933
2017-06-30,35.443263595771086,0.10631969469954725,0.8789170323215763,10.574100909566019,1.9242629246732812,11.617638458782945
2017-07-07,35.42752062635544,0.10561840762130874,0.8794141374312474,10.655211771185945,1.9403167149444065,11.639293729754744
2017-07-14,34.702247119984705,0.10485005570654493,0.880575427927239,10.782902541844468,1.972112794247054,11.386072571799073
2017-07-21,35.75077072654692,0.10491311288382921,0.8797009838716373,10.789121641498301,1.9828664105682006,11.787649195157584
2017-07-28,35.75291849415327,0.10459154642032449,0.8799309053227938,10.935250524834395,1.9401961651627502,11.789150537747048
2017-08-04,35.75753175423586,0.10488825405197223,0.8797418014044683,10.858355426826147,1.9316173883179144,11.777206006147779
2017-08-11,38.50434295274922,0.10631857952680328,0.8768819326687939,10.811735465739698,1.9648179427204195,12.831225716199679
2017-08-18,35.61481571599223,0.10455908502107751,0.880181701872676,10.98627864067741,1.9016741198351879,11.715291759629691
2017-08-25,35.60737554548246,0.10438463115584247,0.8801193267955195,10.996375317487459,1.9337654548832446,11.718823644074485
2017-09-01,35.62591951693539,0.10470935743398609,0.8797071439412856,11.047743350169132,1.879842728767551,11.722655549308417
2017-09-08,36.54138090992598,0.10571174705387,0.8781776643877676,10.939016080419831,1.9153063105530606,12.061580114908987
2017-09-15,36.54967815948344,0.10574469261219833,0.8780702366342769,11.057570802004873,1.8577996318737728,12.043716286132504
2017-09-22,33.82853313594519,0.10571067209719738,0.8798483299302212,10.990844571376044,2.0027857083000704,10.955557538229415
2017-09-29,34.74838657160346,0.1061258360105697,0.8789864630291779,10.75328700378662,2.064843314040172,11.324047904202995
2017-10-06,34.73099122186929,0.10464964369998817,0.8800056675029896,10.810303523947718,2.088354311619833,11.36816918831784
2017-10-13,32.21636914473599,0.10307901799034609,0.8823019396194813,11.053507656413961,2.062811606899803,10.37541812336279
2017-10-20,32.21800006865508,0.10383328515628096,0.8815552024145603,11.163947137114711,2.025132125737747,10.318403321084768
2017-10-27,31.566726913713193,0.10535653778073892,0.8805079602793529,11.10958101818276,2.112813382574839,10.02992356797199
2017-11-03,33.505606174513616,0.10643709347689938,0.8785581782227906,11.002998346851625,2.1304260185233943,10.8703252134826
2017-11-10,31.611350114732524,0.10299429972144906,0.8821658904789255,10.923247994021741,2.121280443089074,10.165525427454531
2017-11-17,31.610055690697763,0.102642607593518,0.8822210906224764,11.004369040147852,2.074511065065584,10.172555598450282
2017-11-24,31.626742158867962,0.10318840006281285,0.8815885759199831,10.871280668610924,2.0081327731462393,10.15513555977378
2017-12-01,32.814461680694066,0.10409500727043514,0.8801072399290344,10.931580032485947,2.0133803014888825,10.700956473391994
2017-12-08,32.82466643867991,0.10449997679793777,0.879499683544256,10.88180957185475,1.95253421379671,10.67346814087573
2017-12-15,31.73897381236188,0.10295812047723057,0.8816468684231761,10.987076120773601,2.0795555048784826,10.130264455643218
2017-12-22,31.73898115074386,0.1030531081171228,0.881591142015233,10.987072039780193,2.0794583827474487,10.130236463496201
2017-12-29,31.727943353801816,0.1028401203778818,0.8816345477126278,10.958501209706913,2.0505840045544863,10.141326081661697
2018-01-05,31.741609203546055,0.10326777854421076,0.8811291268964624,10.884254694350288,2.0388203407964953,10.100951068489135
2018-01-12,30.470259455185428,0.10159807835032611,0.8835936194491042,10.958327999332253,2.1404724773110044,9.635691596344149
2018-01-19,30.577068674856886,0.1031421224643232,0.8821316146625038,10.865604534266694,2.2566523531942595,9.352698120175075
2018-01-26,29.598896476996387,0.10161520346927445,0.8843153330942629,10.860441069604736,2.2471678797795223,9.17221418847583
2018-02-02,30.902615499811752,0.10460422881837143,0.8809182268521076,10.610356280935349,2.2606271742509634,9.551871216591179
2018-02-09,30.26942503410133,0.10511784857074183,0.8812394604657883,10.77574971174417,2.1782978067318384,9.259392057404053
2018-02-16,31.18648174330227,0.10845509294355779,0.8779792943904177,10.770001692775839,2.104196029435524,9.304317343526462
2018-02-23,30.636167964147642,0.10649259887973667,0.8799026445088766,10.829748761271848,2.1184644478407932,9.197587207361712
2018-03-02,30.590930717524735,0.10461236677073137,0.881459548822364,10.847175155482875,2.092939175035882,9.293270043302252
2018-03-09,30.032853296591636,0.10378467238249062,0.8826392149353447,10.90740788326483,2.017556175783326,9.108131553365586
2018-03-16,29.973747506096284,0.10249656544366344,0.8837866725000383,10.976392889176413,1.9951893885959469,9.199882004600706
2018-03-23,29.970370186517698,0.1027138304214294,0.8835284925364312,10.807967952975405,2.0064690726994114,9.217655252729045
2018-03-30,29.97364205163573,0.10245416756851819,0.8842453412735326,10.892936534998581,1.973302972885233,9.147165422244536
2018-04-06,29.57266819761262,0.10201941639980673,0.8847433628417873,10.8873963928879,1.9792079663738116,9.021907280167412
2018-04-13,29.553691270685523,0.10136785162175194,0.8851875662122412,10.854121353375191,1.9854786941218276,9.057923302518056
2018-04-20,29.3003969892301,0.10059615749601102,0.8860283616923457,10.78590591679282,1.9729204778082126,9.03398346414566
2018-04-27,29.270917463607887,0.09996955158376912,0.886596162439464,10.913566479207818,2.001844666922909,9.076370473512187
2018-05-04,29.275562382563223,0.10061847722542996,0.8858963445467049,10.802076534727556,2.008637228253521,9.059195776663195
2018-05-11,28.83361367897993,0.10013645809513716,0.8866783100048361,10.67413541198542,2.0279258503116275,8.979286427335401
2018-05-18,28.79849049042804,0.10005165199206491,0.8868280814206816,10.726495271871698,2.052344009215591,9.0587221298088
2018-05-25,29.368231358982754,0.10037089002510219,0.8863200247875935,10.714720899882886,1.9907618853553537,9.048778672007305
2018-06-01,29.401025406772426,0.10042222741040928,0.8864638883482291,10.82226071294341,1.9208813557854494,9.006934637597405
2018-06-08,29.484399771479016,0.10186447829138032,0.8854437998152719,10.96116372490406,1.8905468038858015,8.924752098795008
2018-06-15,30.150395403661324,0.10166456132760439,0.8850451174086311,10.977142946190307,1.8679090435035197,9.17055208894792
2018-06-22,30.04634719710046,0.10085747963971929,0.8858123760590185,10.825138766583335,1.8992584575149167,9.193003624534173
2018-06-29,28.69928093989604,0.09857687338925335,0.8887260389538355,10.779236690976687,1.8752205595281148,8.824343936638874
2018-07-06,29.822045785232678,0.10037696541509453,0.886463301885969,10.598550968750175,1.7851861416356565,9.183361830124653
2018-07-13,29.230896541595747,0.10086482218356091,0.8866711623831477,10.521074086588229,1.8539378886591174,8.992976607182756
2018-07-20,30.505553682432915,0.10348852705643034,0.8838560665026952,10.425010235235103,1.7931228302126212,9.43134564279542
2018-07-27,31.185389481489313,0.10432303213619785,0.8827476038900659,10.403610043089074,1.741787630309194,9.718178353110709
2018-08-03,31.208696567957908,0.10440713198741251,0.882883150637259,10.437800135286038,1.80350633908778,9.68030227892356
2018-08-10,30.879434759626868,0.10226532611477908,0.8849063907345271,10.53484461324182,1.766461552964495,9.669086672730526
2018-08-17,30.87998409655287,0.10150106398955107,0.885674584241591,10.677403614977221,1.700196967350881,9.668162520437477
2018-08-24,30.864912677164323,0.10044240735292485,0.886725654505804,10.888690866621946,1.6528031162711503,9.687716559567907
2018-08-31,30.807407023204913,0.09881330675770696,0.8880791577202335,10.915288278245722,1.6386004837761003,9.73624749279562
2018-09-07,30.202156296668637,0.09763407447313341,0.8895571335309198,10.897087156911544,1.6354331829919102,9.566496366116597
2018-09-14,30.168722380482382,0.09648681160003547,0.8906200355881527,10.886244510450572,1.607000319152352,9.642412803309568
2018-09-21,30.185819576509367,0.09725006337987674,0.8900659699032362,10.775992084427662,1.5987923915131745,9.641649851163805
2018-09-28,30.21636828685569,0.09777763565191996,0.8899568971197731,10.896116843028505,1.6424364893564074,9.644498039532541
2018-10-05,31.89491014845108,0.09928582903520194,0.8879016002519947,10.959084776123714,1.545911307701371,10.217683305170064
2018-10-12,31.870679410759056,0.09759501681426191,0.8893506081181437,10.996467005260522,1.5285672588414274,10.277795166980793
2018-10-19,31.865447503205484,0.0969452141211958,0.889944072235197,11.119104163824291,1.51129040491104,10.298897217654362
2018-10-26,32.12869322547289,0.09595984321878329,0.8905989731896262,11.192229527830595,1.4534375504080483,10.431412858124423
2018-11-02,32.14626805639474,0.0955743825324298,0.8910410776454604,11.392194248832453,1.4047905574314008,10.444744789146023
2018-11-09,32.16167275427588,0.09568895126554487,0.8910111618248769,11.52706569219337,1.4684978125192216,10.44454031765248
2018-11-16,32.590155605094125,0.09425261451766352,0.891883539659748,11.550285578487804,1.419681345493386,10.647707137536171
2018-11-23,32.590639473668986,0.09354269494114924,0.8924768928055725,11.609953170552552,1.4157392558639201,10.672305668360305
2018-11-30,32.96654356137208,0.0930616553691674,0.8926337466884855,11.56621510880788,1.3378195140614693,10.830296886412736
2018-12-07,32.96585394308815,0.09258801917975766,0.8929591924266093,11.632866698977592,1.3601267284084162,10.847619906110582
2018-12-14,32.98945708501362,0.09344847796769615,0.8925184952504697,11.644553668562498,1.3525385034636135,10.821464945412679
2018-12-21,33.00119352273943,0.09243569165788311,0.8932974440655971,11.608588707440163,1.305489057253335,10.852635889917682
2018-12-28,33.641771493058364,0.09341005484896034,0.8924190450075249,11.698097918021434,1.3061931097967627,11.080422359391857
2019-01-04,33.632355783278975,0.09265594114595006,0.8929732863181591,11.597962828734461,1.2405338289185859,11.097224110970037
2019-01-11,33.61370735195264,0.09301424527007057,0.8928437517320966,11.506934867039718,1.3700960100253856,11.094129250418547
2019-01-18,32.987440257480365,0.09219687448937873,0.8940191695259125,11.498672906878133,1.3704968188307871,10.9038460652443
2019-01-25,34.332896223255624,0.09505191321613239,0.8906175007533335,11.429737938381502,1.3576678735868983,11.302538760990947
2019-02-01,34.334144470630996,0.09461507719010072,0.8908535583763092,11.428046416502294,1.3399808277837713,11.300979174467694
2019-02-08,34.91744104023945,0.09418094759465431,0.891311622996342,11.498516915675767,1.3177981437215007,11.568924266891313
2019-02-15,34.89933368555934,0.09299424007879163,0.8923781938534012,11.3967234346206,1.2426729736508204,11.605704019341065
2019-02-22,34.89456844992852,0.09369121477533246,0.8921140450418893,11.502177288398476,1.23805206946651,11.630233702076922
2019-03-01,36.49363455720988,0.09589535545775695,0.8890976605769302,11.385889047386327,1.2208910314932653,12.118238941456998
2019-03-08,36.486050670302625,0.09567597866610993,0.889543736481528,11.425444688658372,1.307066152458493,12.145114032993803
2019-03-15,36.47677582826061,0.09527794632603832,0.8903093298267014,11.510617703832754,1.2265044780238612,12.201285606816434
2019-03-22,37.116015796313484,0.09605919397880047,0.8895048194504281,11.563917706324414,1.2065090890383883,12.43858006460105
2019-03-29,38.171447067826584,0.09674896590056158,0.8884035494557772,11.710415935260576,1.1504391473451314,12.82402575934836
2019-04-05,39.09399353750023,0.09521900944777778,0.8890188396386417,11.762478908286386,1.1331337060589406,13.186444911071552
2019-04-12,39.08272229206272,0.094230649155212,0.8899729100386254,11.95884610065352,1.1662693595834461,13.219233642819967
2019-04-19,39.73933623130947,0.09283882610084485,0.8908037917185564,11.941375353257744,1.130960134529564,13.502605083109042
2019-04-26,40.31799395632425,0.09164179266373565,0.891522331907671,12.090306293630007,1.1110973118557905,13.753373692921645
2019-05-03,41.84349674598425,0.09191458180734387,0.8903939457620108,12.187015150875816,1.0419529129899519,14.299180934358565
2019-05-10,42.810366749987935,0.09029358230010866,0.8910738390097732,12.277696803229672,1.0007181284233244,14.672790457649752
2019-05-17,42.770897145647105,0.09017158405551666,0.8916429380130161,12.32983702849281,0.9829269903331866,14.682724839226713
2019-05-24,42.78201199843126,0.08873162128517725,0.8927873898794746,12.41036244116903,0.9845263104756555,14.709326730148915
2019-05-31,44.13809610845874,0.08901735296775964,0.8917910753123306,12.587385421739024,0.9223872548188544,15.201485172991411
2019-06-07,44.97246617629281,0.0880281487275537,0.8921187716641449,12.779279438131512,0.8564383996689012,15.522814324410835
2019-06-14,45.61323462345321,0.08704891609116372,0.892438506923859,12.838428953018271,0.8572893143912164,15.763160792709307
2019-06-21,46.19322416076189,0.08634494157158093,0.8925613243378587,12.869679064617475,0.8011007824135445,15.97861826545095
2019-06-28,46.19102474529528,0.0865478871841179,0.8923451494971586,12.622070291727294,0.9029191741233002,15.979506012958948
2019-07-05,46.14851510552016,0.08590862205278493,0.8929926852053919,12.552319811851412,0.9969582909440744,15.988810817757003
2019-07-12,46.18952936261862,0.08767650470019603,0.8914688602068049,12.625217968555434,1.0615312107585744,15.942802991454698
2019-07-19,48.55626040561196,0.08844314610635141,0.8893761113748344,12.42880152881723,0.9562285325992679,16.77411430825684
2019-07-26,48.512635903592106,0.08742475034761157,0.8904672592238843,12.674297143733586,0.8268440846218947,16.813643129850586
2019-08-02,51.134264179096455,0.0902697842393701,0.8863024945674296,12.484708595532688,0.8856891473369011,17.6403520061521
2019-08-09,49.856365316951276,0.0878993674425166,0.889683586865052,12.650274187022536,0.8089106099884026,17.232028175555428
2019-08-16,49.86049767730493,0.08759734831462854,0.8900734425350079,12.61599925447426,0.8350792729960033,17.22355068118782
2019-08-23,48.56296061859972,0.08648060206495949,0.8918727822643837,12.543817353076708,0.9038486504060907,16.793645095297435
2019-08-30,50.93219743761721,0.08798005662340598,0.8891650534631147,12.44251591061142,0.9279255669028729,17.576036965837535
2019-09-06,53.24753231332253,0.08769951353685776,0.8880350344921146,12.541119273234152,0.9277080428796431,18.401093552161704
2019-09-13,54.897278451027546,0.0864849467658204,0.888221652471534,12.775718896055315,0.9383473628725362,19.031804297977047
2019-09-20,54.88728627677041,0.08555955607438234,0.889690988856782,12.811319670891292,0.9667721544598633,19.10237756584913
2019-09-27,56.60560379694726,0.08337281253956877,0.8905476529870409,13.023405170239604,0.9065770252480636,19.77205664188779
2019-10-04,58.450725332260134,0.08224427549428445,0.8904148478023735,13.188713011877404,0.8330597659470418,20.43805380438825
2019-10-11,59.156022272198804,0.08119528239700478,0.8910294915162962,13.443235163502637,0.8020665085956684,20.706768011742472
2019-10-18,59.183604998255774,0.0814783267656656,0.8910890704798474,13.605193102164998,0.9020645120181874,20.71335054713202
2019-10-25,59.20867322465822,0.08049919822620293,0.8918683221798618,13.686773868838221,0.9641237907761496,20.732216647849242
2019-11-01,60.43921874636002,0.07978232059232625,0.8917778683976059,13.5997644571828,1.052785993649422,21.181309682750133
2019-11-08,60.445763994846196,0.0790309186637239,0.8924452489456873,13.654331095378108,1.0954389118622527,21.19917764240174
2019-11-15,61.91906350734009,0.07974604742358746,0.8911286541206592,13.719552176419606,1.0717909642139076,21.69229576461863
2019-11-22,61.931094542267736,0.07924559622151507,0.8915612273584042,13.568967512829047,1.1317459327749109,21.705155067059344
2019-11-29,63.11387815261337,0.0788095176580215,0.8912545603206852,13.574889810345402,1.2120926038254138,22.140102741233108
2019-12-06,67.47893355808615,0.07939519699950941,0.8881707738832636,13.58353879392324,1.1143548404827006,23.650035853045335
2019-12-13,69.49572858025284,0.0787130613894245,0.8876175148472794,13.456535200807005,1.037445675875803,24.393714493378486
2019-12-20,69.47754948299448,0.07851255080799532,0.8879368342956088,13.480276727016868,1.0044416174834288,24.418972742031688
2019-12-27,73.12151320237157,0.07988506186730167,0.8846249044326685,13.580109592886936,1.0083230406864954,25.591817255806806
2020-01-03,76.45150167161727,0.07931919896314676,0.8831781255542926,13.666984722856508,0.9070252043533548,26.75275688055399
2020-01-10,76.44485668396464,0.0787932093022456,0.8836639968777964,13.610995597882708,0.9654957806211127,26.781318400938854
2020-01-17,79.93014517262762,0.07915461746477073,0.8812953822994778,13.579278877169093,0.8985495521980944,27.96675645339591
2020-01-24,81.5246619392548,0.07851975867290568,0.8809519598245543,13.71483235050312,0.7882565199571377,28.51236069317224
2020-01-31,81.58107849799518,0.07735447999274017,0.8819418322921359,13.97490376244963,0.7247799328053681,28.450654035546883
2020-02-07,85.14705342129332,0.07632124334807149,0.8808252320829387,14.230346470164045,0.6482168973673893,29.69111306993913
2020-02-14,74.81479139515726,0.07187013106270472,0.8916686175678037,13.272292639648882,0.7938621523283083,25.803754778930603
2020-02-21,74.80803320749654,0.06943776875456292,0.8938462306575272,13.25444873040459,0.7277272176040821,25.88605688949075
2020-02-28,77.97605447808883,0.06887209852174732,0.8927268324002228,13.503649857825561,0.6392486990475837,27.012403992530153
2020-03-06,76.29554029831657,0.07830632966425849,0.8875976783987921,10.814455986991781,0.6316413111063538,25.798296431711982
2020-03-13,79.64646886868074,0.08453232681571046,0.8807766910017376,10.876357049550217,0.6019139333745473,26.648817052723757
2020-03-20,86.70154104296127,0.10171688815129865,0.8646177687653923,9.830478735438646,0.6475500406770731,28.619563435745828
2020-03-27,90.9194069811362,0.09944363270294514,0.8642244069759002,9.915187551702592,0.6354319213337973,30.09190336882322
2020-04-03,94.08917389358126,0.09764392923672449,0.86398606082925,10.002594487587235,0.6143315975211238,31.17467320895959
2020-04-10,97.9605899065627,0.10008415228215017,0.8601412682851166,10.107669158163791,0.5202906321627219,32.41702014213814
2020-04-17,100.42161394444759,0.10038042617335322,0.8585871598276152,10.259897620316375,0.5194753545332911,33.172097283301355
2020-04-24,102.69589678884513,0.09994528894066904,0.8578355760768173,10.212477069431806,0.38789761316973725,33.92461954534977
2020-05-01,108.65586874390415,0.0991915272508657,0.8552799398779204,10.258944150384234,0.3888019731445703,35.847877392237756
2020-05-08,112.37293680439149,0.0998964297928439,0.8526822059846415,10.384293403973127,0.392395311876252,37.013003670355545
2020-05-15,119.31164545888619,0.09917598634518728,0.8494724463705274,10.444599766732152,0.4023352002912304,39.285264425003085
2020-05-22,119.32435951686567,0.09830785234787165,0.8502143855570468,10.419437146994676,0.2847110890584615,39.2586454113284
2020-05-29,119.41052623261018,0.09757108012766806,0.8506454951851533,10.396251568588848,0.17408581874438056,39.121202913359255
2020-06-05,124.24168855893996,0.09935588102788455,0.8467209890932356,10.531732471486713,0.18590940975183046,40.552525555177624
2020-06-12,114.69759582408841,0.10002160216396985,0.8521230812219095,10.47783991448554,0.2592259330721956,37.40701322619778
2020-06-19,114.74007461561351,0.09987322062796705,0.8522511441731553,10.535273700231494,0.15131298983098626,37.320434844545716
2020-06-26,114.84565670171959,0.09841428132566973,0.8530730413799731,10.547915173344618,0.18066932445246714,37.12909871528471
2020-07-03,124.70202182066242,0.09891461634027579,0.8474411982009767,10.532005885047745,0.2439462788629652,40.25928739909638
2020-07-10,124.82205190636219,0.09835345374278963,0.847516937371082,10.624656497757417,0.23641170443428203,40.087143293591424
2020-07-17,136.92562180549825,0.0993545882254194,0.8402188919795119,10.689324311974257,0.23202725967597929,44.01694346283698
2020-07-24,143.96912450814207,0.09993424655441865,0.8358444878022939,10.682426659476523,0.12816774140939402,46.203595915556825
2020-07-31,143.98500059557946,0.09972362784698069,0.8358798244051953,10.554299155427552,0.2506331897110639,46.18057353144837
2020-08-07,132.7831551728628,0.09764502789122556,0.8439757898241061,10.622740322319142,0.31738803860057846,42.539368696136314
2020-08-14,132.9840376707397,0.09776439656263544,0.8436992019310561,10.483539564404367,0.44777045143031713,42.52226969860011
2020-08-21,142.46997396787637,0.09866220752981186,0.8382762321025808,10.429271398032279,0.37869038527765336,45.690292318746955
2020-08-28,151.35121349239157,0.10050473318337912,0.8321530587288515,10.550805800375386,0.34539637253074473,48.444750809583056
2020-09-04,158.85703481818516,0.10087626463288822,0.8281100373030861,10.657346799230686,0.28915847262673006,50.87443046713219
2020-09-11,168.6589971393977,0.1013450014847099,0.8226005848626667,10.716692594273745,0.2694552915312885,53.95168212961255
2020-09-18,168.83981844366204,0.10080056667960983,0.8224795962989432,10.78164720179239,0.21673168913067714,53.7222939216735
2020-09-25,179.36920456623105,0.10133052043528637,0.8169035885389831,10.905924874150127,0.11320648804303109,57.1243619577503
2020-10-02,158.83176911683202,0.097276346261126,0.8316674230590111,10.836753242703034,0.002476459066357392,50.44371108663496
2020-10-09,158.94384028702396,0.09670322790012448,0.83176482364733,10.850245201366743,0.08261731988736129,50.23513496686742
2020-10-16,158.98891229520802,0.09693221130016287,0.8317562140758187,10.9165665682703,0.05849734887778613,50.151965246312294
2020-10-23,159.08140618846664,0.09669402117197591,0.8316546902291253,11.035319861121001,0.06100120386772249,50.00019782699719
2020-10-30,159.09826058320579,0.09637423759513968,0.831876567809412,10.932889979190191,-0.04823538328862329,50.002002136132134
2020-11-06,159.17257559144912,0.09695014187159463,0.8317269446414658,11.002952310984126,-0.20641860279667107,49.810631224538945
2020-11-13,159.26155070751665,0.09807214341332884,0.8307488971383131,11.154939072225483,-0.16385108753391336,49.58703192275891
2020-11-20,145.78822273696383,0.10067201049139245,0.8374820591536023,10.451661947566915,-0.03496988079732533,45.28919666277496
2020-11-27,145.83271700393678,0.09921466352004456,0.8384736042929051,10.465256981938008,-0.0932328322947162,45.18691545365588
2020-12-04,145.86982915029253,0.09900656642653986,0.8384373964217068,10.578837293475631,-0.0438356437277089,45.08106388100361
2020-12-11,145.7813191419463,0.09863732000003002,0.8389709065262149,10.430489547441924,0.13855978247032846,45.28764502074398
2020-12-18,145.85515343347302,0.09843476787069785,0.8390243888761083,10.478703985233397,0.038476076604949935,45.06435919165002
2020-12-25,145.7624855631778,0.09702209106168584,0.8402750209280965,10.303804271965502,-0.10066839412303942,45.363650547293794
2021-01-01,153.64111301251077,0.0974263041140075,0.8358097470744841,10.3566671904573,-0.06547859394624782,47.64690189516534
2021-01-08,153.64111222657908,0.0973913013448543,0.8354253373053174,10.356666680993873,-0.06547297182514387,47.646906312270325
2021-01-15,153.61222774060727,0.09737756474265896,0.8357690275839073,10.292103478025496,-0.1576698172341485,47.822913720335656
2021-01-22,165.315489836908,0.0994401243598451,0.828148400013297,10.390971341122436,-0.15370419662033122,51.29443045588462
2021-01-29,165.32696267373151,0.0998363129039113,0.8274928086002012,10.445339084010007,-0.18003751361152567,51.293658838234286
2021-02-05,165.31997337967775,0.09978373715884227,0.8278631162075324,10.404970012775022,-0.11120825621475919,51.2981099073049
2021-02-12,139.82833974169765,0.09570193023653428,0.8444178864677108,10.391851702437393,0.03052424820701823,42.99151524726584
2021-02-19,139.8240382980281,0.0955283744742861,0.8445037479141301,10.265978006563996,-0.11705825829254532,43.08732050841819
2021-02-26,139.93746845695966,0.09621613104423916,0.8439016857116168,10.268718191351331,-0.13377997181460277,42.83947830319591
2021-03-05,150.41727058417104,0.098709300858755,0.8365800919932443,10.272540166232647,-0.2049693703675484,45.99929134617153
2021-03-12,150.50032393590794,0.09821248268981062,0.8367750668816285,10.3389932646236,-0.22376855661520118,45.8239140202011
2021-03-19,150.63790162140612,0.09743600729744474,0.8370114651755376,10.398842363317215,-0.2244144233724802,45.61152695386511
2021-03-26,162.47143007086365,0.09876049628917288,0.8299904782360129,10.447110435033302,-0.18257235666888716,49.2333155589334
2021-04-02,170.2331252150011,0.09980264971406579,0.8251466381037317,10.443468791404158,-0.23717627425252602,51.60453794183871
2021-04-09,180.64285022711374,0.10168616308111858,0.8184266516209618,10.399936730390968,-0.2989238564768813,54.85989471893253
2021-04-16,180.82460618499547,0.10242944412788227,0.8171640667261504,10.47671814673147,-0.2937958630342001,54.65117825307627
2021-04-23,196.0471880390077,0.10560573192986474,0.807376290695864,10.381721219685378,-0.3896361884180163,59.87377708003619
2021-04-30,196.20207090035612,0.10511608051075477,0.8075509619826643,10.52495948939854,-0.4882124013151832,59.556295129234286
2021-05-07,167.80094499537236,0.09852132558294256,0.8277156153708115,10.297568913906243,-0.2498637804734324,50.2386438171703
2021-05-14,163.53725067534756,0.0968168674045241,0.8312199633356693,10.264056975909028,-0.37827158772138136,49.27054761127787
2021-05-21,163.73993982789153,0.0978735759521655,0.8300097136729964,10.476157507058705,-0.316929418748215,48.76091780770259
2021-05-28,163.6360194782802,0.0977464778287212,0.8301906613664644,10.293051075687648,-0.4394511750774964,49.22205066687948
2021-06-04,163.65124830656143,0.09720008895714885,0.8306287225524178,10.2252081404272,-0.4934420132236512,49.34963697351909
2021-06-11,163.68363441059944,0.09687806217568011,0.8309335886467217,10.09751622725951,-0.5809824697451952,49.526088886942915
2021-06-18,171.3520789978606,0.0985899324588969,0.8259615445161899,9.990416634495952,-0.5015253340262481,51.9401346867828
2021-06-25,171.50699669143802,0.09876620962344082,0.8257277658874772,10.137090543643742,-0.6007481280522712,51.420652314689114
2021-07-02,171.62312971098166,0.09857971691673287,0.8257589302597954,10.097921963404549,-0.636803391044981,51.3450037825278
2021-07-09,171.78850700566886,0.09831906916299903,0.8257303750959709,10.217616135817469,-0.7302307761156419,51.116164802039364
2021-07-16,171.9278719732057,0.0979229215542124,0.8257592850619992,10.280941764206117,-0.7570736120819599,51.01217413591786
2021-07-23,172.05992092902704,0.09741066284374954,0.8259519047519338,10.430898863691455,-0.8229673617060843,50.799981579877056
2021-07-30,172.1816352108727,0.09742289961085021,0.825849077718601,10.408890698904752,-0.667054933844794,50.735015959427805
2021-08-06,179.46767756622657,0.09823314162085676,0.8218350419474035,10.338209180555836,-0.7409827548961186,53.05801135356643
2021-08-13,179.734805611901,0.09835055649000186,0.8215706664816151,10.502866237994677,-0.6406293558804984,52.386331766945375
2021-08-20,179.72635924506045,0.09792870343436708,0.821820950618643,10.521786943377382,-0.6509006722316198,52.55221197931098
2021-08-27,179.87149691662927,0.09821932853673085,0.8215209668437735,10.637983183718354,-0.687083721679786,52.333162423374965
2021-09-03,179.74769237241216,0.09803018778308999,0.821957328106219,10.531612127735992,-0.5015085456631319,52.657867327813136
2021-09-10,180.78972967066207,0.09812225483428677,0.8211028650777531,10.599380578374058,-0.5274173249749724,52.69249612025722
2021-09-17,180.5868086966681,0.09837095994801738,0.8210478733980475,10.528249819388442,-0.46235970894900524,53.188138680700895
2021-09-24,180.40658005037565,0.09838776002087112,0.8212908893642861,10.356549364961001,-0.31301718501044495,53.44001505097532
2021-10-01,180.3982665040945,0.09871946263586719,0.8209699965373634,10.414416751125662,-0.1876994493803022,53.45184286320314
2021-10-08,180.2963092945626,0.09960028235019311,0.8202214800431279,10.310676689310577,-0.24372076776909657,53.58178246276787
2021-10-15,180.27990041661,0.09878246227638522,0.8210665326736336,10.335579369661218,-0.2402883513475101,53.45049830416301
2021-10-22,180.14565781898892,0.09855088211158249,0.8212841170040757,10.367621597557267,-0.23340404208966872,53.614777814601126
2021-10-29,174.83947597012715,0.09858508606868031,0.8237674649319852,10.183955316262347,-0.1324429409179121,52.12275269063307
2021-11-05,167.9652886403391,0.09738530068792842,0.8281299960206673,10.170144740273432,-0.10792483365786897,50.29764407073737
2021-11-12,168.0004946519773,0.09883010299715919,0.826857080767698,10.027969799061538,-0.17900065041142332,50.264366234895185
2021-11-19,167.8980073237694,0.09972372186367522,0.8263861776603915,10.0673008920367,-0.20276756018427766,50.4113364056228
2021-11-26,178.1802794891252,0.10035003891461951,0.8209581869793403,10.205983595672807,-0.33836926344048823,52.98667943813066
2021-12-03,178.43792670484416,0.09915244310410992,0.8222880482591617,10.186522015099735,-0.5019854067909995,52.52487760418844
2021-12-10,178.43394175843355,0.09844097561999988,0.8229629989933812,10.243024894696179,-0.4933867935000662,52.537652572784964
2021-12-17,178.51857257796988,0.09811252182263244,0.8230603929297665,10.233588894569435,-0.5159840054762534,52.449563564750925
2021-12-24,178.51067855698534,0.09692458217784118,0.82406652550363,10.202876682632574,-0.479970502576873,52.455478221745324
2021-12-31,178.52953761995033,0.0961647374798271,0.8248401118775839,10.227906809357968,-0.4655183882027414,52.344333269437506
2022-01-07,178.52671569607418,0.09594243141308792,0.8248984693500334,10.27006459331267,-0.45866109333902944,52.20147458724854
2022-01-14,178.72646782443584,0.0950159194402331,0.8258986384584043,10.351403313067445,-0.4310243970188621,51.81370358525812
2022-01-21,178.73345030420487,0.09377982907918254,0.8269973894098978,10.295490043287485,-0.47585038127243756,51.81305362941047
2022-01-28,178.85451001235535,0.093705833145307,0.8270647644023639,10.343999320331102,-0.6331388968872683,51.585029752446545
2022-02-04,179.00980857049186,0.0934959456088195,0.8269743870435909,10.334716393228002,-0.5762019408799526,51.30914548893251
2022-02-11,186.56772300615611,0.09414415528035867,0.8227551500894812,10.483532522183902,-0.5173600109468781,53.13875974978828
2022-02-18,186.70835673768295,0.09370723470674346,0.8229037034757632,10.602708135405525,-0.43689098193161996,52.79239850415699
2022-02-25,186.87594852152415,0.09351448198211416,0.8229853211233821,10.719432700143704,-0.5829338703318402,52.44696236239754
2022-03-04,203.81326624747064,0.09705516786114,0.8126843402058747,10.86712662792701,-0.6947041368807014,57.024585207515514
2022-03-11,231.97472238578754,0.10998962231072272,0.7919572872677438,9.882173304363409,-0.6718855915088375,64.96863226221997
2022-03-18,231.8610268186845,0.10806377076115888,0.7938785795610747,9.734795282809973,-0.48528810553232604,65.19938735146859
2022-03-25,232.03091275830528,0.10947199481899192,0.7925054627829974,9.82604495493597,-0.4643462311342541,64.67992612361228
2022-04-01,231.98644412207273,0.10767067027440574,0.7940696067226869,9.67577619572965,-0.6345838231675327,64.7871030306676
2022-04-08,232.26972459076387,0.1074997858915776,0.7935863514706123,9.704774873066064,-0.5645817168668665,64.00770943987949
2022-04-15,232.48843178847852,0.10671891015968639,0.7937530022953723,9.712060503212768,-0.6683142970464286,63.633720758629266
2022-04-22,232.7793367009803,0.10581951941454867,0.7939257798184994,9.646629940581146,-0.7571669002481978,63.14510785731392
2022-04-29,258.5926963606346,0.10922208398485368,0.778809701476549,9.678996675185108,-0.8070156115719918,69.89240405208965
2022-05-06,258.9520123952675,0.10974620924096841,0.7776658858438601,9.766212373339718,-0.8568575319093643,69.02351168222904
2022-05-13,259.3173832867195,0.110143405985628,0.7766245913808631,9.850840280765798,-0.8940529613529781,68.36575068500919
2022-05-20,260.02487760924873,0.11093872225420072,0.7754254370258693,9.780471781335425,-0.9878448148355069,68.12772002747458
2022-05-27,318.0288510309996,0.12013507523837391,0.7403630335107234,9.837431062551701,-1.0155577946129724,83.10110773685935
2022-06-03,317.8238831091755,0.11995586135027915,0.7409744075226381,9.925683474655541,-0.9009536165304597,83.66916476120558
2022-06-10,317.67819008192663,0.12102941921760071,0.7402140625166268,9.800011473766462,-0.9455608811249822,84.30340298875187
2022-06-17,315.3100490137188,0.11998199377301336,0.7444711547169653,10.583142723629685,-0.821816917115307,91.47499860980757
2022-06-24,316.129897131878,0.12003956778803458,0.7432058611394307,10.344890618862062,-0.9810260719787652,89.32787359239742
2022-07-01,255.99282570910015,0.1061010542207126,0.7825080416642586,10.179991095033088,-0.832586399808391,74.32413484667701
2022-07-08,255.65503179542003,0.10400529021954515,0.7848222758574624,10.146996148750613,-1.0045215891569617,74.83437732656594
2022-07-15,255.84216030904,0.1076629076684668,0.7812003978604072,10.193870747880517,-0.9904567776193832,73.7371053393857
2022-07-22,255.7721565145483,0.10826192420349505,0.7811843420558863,10.248773995680647,-1.128462914090002,74.29665798990686
2022-07-29,255.82947493177053,0.10764527601011982,0.7814797247863738,10.29676692308747,-1.137175077601168,74.0003533768128
2022-08-05,255.83023422363078,0.10709265015360131,0.7821441808985203,10.20637971919888,-1.1837982774493736,73.98341849426953
2022-08-12,255.95452095940777,0.10814768700579575,0.7809493637261986,10.276909562507086,-1.1545422932909013,73.0702967033693
2022-08-19,255.9761461491664,0.10811566722280011,0.7805639693840017,10.289160365845389,-1.1466794250879253,72.551224453454
2022-08-26,255.8644900372305,0.10753299011548653,0.7809489285100395,10.387315096304226,-1.2037419719654978,72.17570783280283
2022-09-02,240.71043461756946,0.10516354072414236,0.7896599861352798,10.442107449696746,-1.2853043296715942,67.40782297410671
2022-09-09,240.70774408435113,0.10508807367504842,0.7896145254114885,10.399266706804244,-1.1677286656193298,67.11405803513992
2022-09-16,240.70018313375462,0.10491476332981323,0.7895598380671981,10.55036149117057,-1.1672529060378147,66.8944887946001
2022-09-23,240.68655716548588,0.10543066907702847,0.7891068343511499,10.40384418554907,-0.99047665724287,66.9085618777224
2022-09-30,240.67327149263505,0.1051768843051064,0.7895111094454366,10.360308115786296,-1.1536439618375713,66.90293302529591
2022-10-07,240.74401940158987,0.10626015292867932,0.7886566986519841,10.38797501798547,-1.1267154329743523,66.57292155414409
2022-10-14,240.99905420704133,0.1066698961137942,0.7877013671327723,10.39406226223544,-1.0638015255347182,65.66914942857609
2022-10-21,241.09734372932903,0.10672197134156533,0.7871772435480043,10.41540721717642,-1.0688572065305895,64.98417884894668
2022-10-28,241.06119877917635,0.10626626443329279,0.787432916969918,10.515547734983276,-1.0212083693617076,64.64687643985077
2022-11-04,241.02173762196296,0.10628863258235001,0.7871609076502035,10.536868447423148,-0.9369538797255067,64.28482602050404
2022-11-11,225.4203387353593,0.10386120264230782,0.7965664871780213,10.404141673185599,-0.7702401868435241,60.00234653426559
2022-11-18,225.64650282730744,0.10582463922963337,0.7944622790447422,10.457101595978017,-0.7503668786988795,59.29711135627748
2022-11-25,225.93957659985335,0.10654842660750367,0.7934557921315529,10.39417478864124,-0.6127424707146074,58.81559730378479
2022-12-02,237.4316121509463,0.1084604273214417,0.7862813086076355,10.468001636985633,-0.5565629975045885,61.65672843588038
2022-12-09,237.57458533670808,0.10866263569947188,0.7857597773056063,10.505433187448975,-0.600193898736778,61.48310473737159
2022-12-16,237.9278369575892,0.10937077730548882,0.7845592170590511,10.561258017779883,-0.6071313147073908,61.128192223904975
2022-12-23,238.1729245507628,0.11069690850909744,0.7831316738739487,10.411095140770383,-0.48730232850962507,60.74591534235947
2022-12-30,238.6388830891661,0.1105733929504977,0.7831964396727799,10.557359413859423,-0.3983806505708287,61.38879100403526
2023-01-06,238.97405517655503,0.11205560520609967,0.7813834999015999,10.427044161863376,-0.4977720708921025,60.674723244319814
2023-01-13,276.7529311864948,0.11276693040521552,0.7646303748894971,10.62634299359659,-0.40909858080813516,72.83674708155222
2023-01-20,266.1912781248221,0.11110713376128684,0.7708656949429563,10.419133291422163,-0.5153916293595076,69.8564802469379
2023-01-27,266.1912774153776,0.11159751412503788,0.7704421981520023,10.41914057632754,-0.5154168679554806,69.85647686745725
2023-02-03,266.1867594552401,0.11211269288765563,0.769833139024186,10.413105876287261,-0.39044435351231943,69.38599009225842
2023-02-10,266.1812942391138,0.11206749928283033,0.7697347954972676,10.454829664425615,-0.33115185251391954,69.37080997092296
2023-02-17,266.2756844226706,0.11263788902068032,0.7687637626128212,10.473585018621405,-0.27108493089901275,68.99963442460849
2023-02-24,265.8530939100128,0.11307708545566414,0.7685112348523065,10.353352832088046,-0.1149188884113398,68.41549011705158
2023-03-03,265.8530914950165,0.1139237684503157,0.7679009159266639,10.353368646516893,-0.11497233927575065,68.41549478432897
2023-03-10,265.70756867291453,0.1140696432590596,0.7677388267750316,10.48124320676508,-0.08252455001263691,68.70896296405913
2023-03-17,265.4521542072461,0.11286114888752838,0.7693835741861498,10.449280215867503,-0.24420191885025327,69.12264906850469
2023-03-24,297.3115322768908,0.11686366059643888,0.7546631328150885,10.125133322896149,-0.3968558147891908,79.7230858354128
2023-03-31,297.2694673525153,0.11400989915610729,0.7571023547660192,10.054756645880223,-0.3666913128799949,80.09336962309376
2023-04-07,297.3398540072549,0.11393240177502732,0.7573221808809252,10.165435968632512,-0.30732756831310365,80.55416228492571
2023-04-14,331.3482630853479,0.11665784767639018,0.7394492011381687,10.264010169245953,-0.31471989495187963,90.5978450161877
2023-04-21,331.3537353378877,0.11645387965662234,0.739550476567699,10.246241815965893,-0.234852499627679,90.60128922025781
2023-04-28,331.3656625011601,0.11559527975420267,0.7399401142913213,10.212324802648101,-0.22707261935533307,90.60499753889027
2023-05-05,331.4364935141252,0.11647566292239041,0.7386992181695061,10.191069713299358,-0.16854009552117907,89.79561228649189
2023-05-12,331.4282411560465,0.11681727544791895,0.7384058323069147,10.16507797457022,-0.13774891697089173,89.80291780933351
2023-05-19,331.4934929576359,0.1179885911851268,0.7368776063861866,10.151273301406347,-0.15409430473407776,89.60757056248171
2023-05-26,331.55900591551153,0.11853192133625542,0.7362636029577402,9.982294067862636,-0.06711721651788409,89.33737945677176
2023-06-02,331.5575988624276,0.12091031457599119,0.7342368898558878,10.052222181407924,-0.07040514933967296,89.33837489268419
2023-06-09,333.203363020918,0.12181832124688394,0.7326177593702898,10.067639046957227,-0.0650224769729196,90.53708614230642
2023-06-16,333.77029849754695,0.1226582270454788,0.7311323522367144,10.08747313398862,-0.08572256412916926,89.99051845572653
2023-06-23,335.0520933010457,0.12300582668417843,0.7305041175272773,10.03301534669606,-0.00482681959634158,91.10117682163273
2023-06-30,387.29528909142095,0.13057725601521195,0.7005588963605409,10.263499236781586,-0.033848997377456426,106.66729952879088
2023-07-07,387.3803873763964,0.12839157939516793,0.7029125615266408,10.418745363428643,0.01734492815874338,107.77927487695801
2023-07-14,387.3871255851159,0.12773033137108225,0.7034374124280798,10.352001460962313,-0.04428832188309667,107.78908075133094
2023-07-21,387.37133641658534,0.1269371991757594,0.704504833393315,10.34057577833058,-0.05315005245726809,108.35801631295662
2023-07-28,387.48774838892484,0.127093756883675,0.7044146632355441,10.357388867107453,0.016601521505826673,108.77197248731093
2023-08-04,387.4921983117656,0.1271240836395551,0.7043829291416003,10.2669408391192,-0.0034395705435119736,108.77677030908362
2023-08-11,387.70448844609575,0.12776871172481202,0.7038134814371024,10.328370273674466,-0.017371045535835735,109.54462924954848
2023-08-18,430.37749600403566,0.13363313415593497,0.679705926182539,10.404249996449085,-0.07507804364433279,123.00779351588535
2023-08-25,430.71314815728266,0.13445602922886718,0.6786668014576817,10.366744958710651,-0.07606894755629402,122.58525962513417
2023-09-01,430.72287447247294,0.13564568090864132,0.6773072449089669,10.422029396089298,-0.08598492153692743,122.59609635092563
2023-09-08,430.96919882478284,0.13766233215139734,0.6752885900033647,10.270655421607282,-0.0011059924876497028,122.17057892268168
2023-09-15,430.8787872126717,0.13702719720422277,0.6760390416821165,10.417901074649597,-0.08523326869108128,122.87108337842517
2023-09-22,431.07366489571535,0.13831168446726072,0.6746808211137009,10.307906252651486,0.044170068897840885,122.2243192747511
2023-09-29,431.0737954843149,0.13971726446088967,0.6733480791199984,10.383974151339514,0.04946156055285777,122.23805822513798
2023-10-06,431.07861007586945,0.141032910198531,0.6721538108275159,10.254069646019834,0.13069514496132706,122.23569631354772
2023-10-13,431.07721619735565,0.14226812560125313,0.6710316880457743,10.224826400434777,0.1587200160973584,122.23477402764549
2023-10-20,431.080399492516,0.14352867054868826,0.6698487518096297,10.189498826963405,0.17520061425663017,122.23248450381209
2023-10-27,431.0803985572952,0.14394359455970332,0.6694369259243029,10.189498123766082,0.1752014315220228,122.23248411386679
2023-11-03,430.79686229066914,0.14476598059127135,0.6686398457834953,10.019225105419544,0.1153793233453983,121.39860498845704
2023-11-10,430.2715354514218,0.1458471775779886,0.6685368743693779,10.128346664116268,0.13578800853214446,122.11951947148187
2023-11-17,430.2591777483359,0.14648788887127956,0.6678425582987623,10.088139554203673,0.1618235599073979,122.1171042926491
2023-11-24,430.2272554081528,0.1455005531628682,0.6688396501196427,10.129547396201165,0.17943076903066382,122.14319495366391
2023-12-01,429.84933876103713,0.1456717143763155,0.6690198849452348,10.097165518923772,0.2034924698826454,122.65479160618702
2023-12-08,429.8420172442081,0.14643662215770745,0.6683221170925336,10.02519566504127,0.27887077229816587,122.64706044271033
2023-12-15,429.83958790114986,0.1475096057770233,0.6673156660947824,10.027139708774499,0.2929102421309424,122.64628669123515
2023-12-22,429.8311172127617,0.1487442496849559,0.6661470780614773,9.965941083003104,0.32315508409437266,122.64043896319528
2023-12-29,429.82839548345737,0.15065138224345287,0.6643689321731302,9.907935435214942,0.30832614171443967,122.6351849551462
2024-01-05,429.82954544403793,0.15292080683613227,0.6620987947482986,9.90879902348536,0.3038966061521615,122.6327238762747
2024-01-12,430.08308222843954,0.15511605357379654,0.6598979057153692,9.791463461616205,0.41976999774163204,121.60245778300833
2024-01-19,430.08780095163996,0.155053839968086,0.6603488749576947,9.467620003088456,0.3445485391321986,121.5925489600997
2024-01-26,200.1014581160579,0.13233339925051282,0.7755553013916622,11.800993628675469,0.5382287747125413,45.246701182903685
2024-02-02,416.62157859784423,0.17135304141988028,0.6452762560478982,12.331636573083552,0.494152519873198,113.91103336974214
2024-02-09,178.24896675005007,0.127261030380414,0.7889204714780068,11.57612744032378,0.6067045536277702,38.252622085308964
2024-02-16,178.24412673749598,0.1282060160427983,0.787979651376243,11.61666857758571,0.5508097307634459,38.26038824356164
2024-02-23,178.30137415985752,0.1293208087292736,0.7862671093700616,11.705348457443607,0.5935978188172323,37.551111435549
2024-03-01,178.44619034482477,0.13041132090388322,0.7849869608728284,11.643224982866922,0.70064540866475,36.92764290364705
2024-03-08,168.47897577705635,0.1286397832372693,0.7911364351585464,11.41578304696246,0.7502458629104786,34.10200448293921
2024-03-15,168.4456181363538,0.12855953987962765,0.7914361658830535,11.339067240688404,0.7879914345707508,34.28438775609852
2024-03-22,168.5362198173343,0.12814569324258357,0.791519583725568,11.383153113446683,0.8677701379327031,33.919667995169085
2024-03-29,168.48813486984915,0.12749747666497913,0.7917166870393387,11.404970376262831,0.9164984265524913,33.53781487212872
2024-04-05,167.42386215928357,0.12748475296426562,0.7918080472112445,11.503309340225705,0.980915889740089,32.708907097887106
2024-04-12,154.73572556897034,0.12552525197303505,0.799269571569453,11.493498862023074,1.044970114925391,29.316733659074913
2024-04-19,154.87436795189964,0.1263979515420118,0.7981158908785033,11.60449304992923,0.9751566356419267,28.95366920041073
2024-04-26,154.91892695131483,0.12777444799550414,0.7964984395532778,11.708508594305693,1.0248753502123502,28.66903241988395
2024-05-03,155.24953789455157,0.12908962956304054,0.7948511484510158,11.653321988587102,1.1289517508390983,27.932853014546552
2024-05-10,155.25474195224066,0.1288671480503612,0.7950452590659831,11.52444948049331,1.1103705701968503,27.938802757262895
2024-05-17,155.25613245290776,0.12641236485539345,0.7969802125128975,11.39351096598667,1.124540378130999,27.9492374264885
2024-05-24,155.251003762815,0.12515946382368556,0.7976009271995674,11.484347035039935,1.1822634056614403,27.939448302055176
2024-05-31,155.6315132066321,0.12655333878749203,0.7952616306810893,11.55539485830466,1.1670153088172688,27.0208668135277
2024-06-07,155.76024000046124,0.12780358967943975,0.793908359674703,11.342069397165705,1.205960997115225,26.8066509523961
2024-06-14,149.8386101372263,0.1259463951355035,0.7984019342610494,11.445277184168683,1.2215662108329277,25.547826977933482
2024-06-21,183.11688759156274,0.12801744505521637,0.7808786507029537,11.000105116103333,1.0392912129678251,33.61781743159425
2024-06-28,163.59579195048497,0.12184570819190836,0.7964512383081443,10.73604377055932,1.0608412008172827,29.18073460583022
2024-07-05,163.59742630408417,0.12371148526525529,0.7949620111446014,10.619292366469486,1.0433598300177636,29.175585559834275
2024-07-12,175.33470016013436,0.12819091161230914,0.7852224273918272,10.674996782486255,1.0605030554274846,32.061679781682365
2024-07-19,175.3341368800614,0.12778468962222858,0.7854570777896703,10.571477459704615,1.057565705554423,32.05380521991093
2024-07-26,175.01486624767637,0.12715965155683773,0.7862361374276918,10.522079786595594,1.0449552234351778,32.400673169791546
2024-08-02,163.52145004588937,0.12537271995118301,0.7934505497568545,10.400396232540515,1.0669729097254266,29.439922656779537
2024-08-09,163.39485795114481,0.12117898184304805,0.7990216874416087,10.155687269333914,0.9332596113860501,29.90112721429882
2024-08-16,163.21890567171386,0.11935421252296796,0.8005787230646266,10.09052902475202,0.9114495609730867,30.178841001196375
2024-08-23,162.9210153138082,0.11821671672407065,0.8019377750315331,10.061732814761507,0.9272063751340753,30.497122217938536
2024-08-30,149.91991200815232,0.11516502562958417,0.8112092191001405,9.926170450684605,0.9801224120352814,27.281944257366476
2024-09-06,149.91991191059162,0.11516925668276433,0.8111933526507149,9.926169100239234,0.9801240140845437,27.28194446789218
2024-09-13,149.91990931416797,0.11554953588119617,0.8109790668422926,9.926175626633379,0.9800588016595191,27.281948985741682
2024-09-20,149.53800319266492,0.11467925580254754,0.8119603227401335,9.960163736528978,0.951009081212217,27.76309182207513
2024-09-27,139.48370445418556,0.11220268810199292,0.8190331530320417,9.980635547487193,0.990800538619038,25.204702924065774
2024-10-04,139.2805903604946,0.11158665975814136,0.8196596925102247,9.91261076257464,1.0284862497133207,25.36832760608128
2024-10-11,138.869117304886,0.11061731270892836,0.8208914379505634,10.015815193556527,0.9823928534467044,25.72828509460201
2024-10-18,138.67832992591315,0.11118671828047196,0.8200919501712554,10.050443380232064,1.0033441479500127,25.28049531033378
2024-10-25,129.3645705963714,0.109888937331313,0.8257380718824932,10.008250362288084,1.0811253362228779,22.74386669117947
2024-11-01,129.21204212487012,0.10945822855172653,0.8263970823466714,9.894207457232048,0.9964058989205539,22.96432564636684
2024-11-08,128.91850937390478,0.11043334499167379,0.8261135844909102,9.937788443158757,1.0130841716212857,23.264072722929512
2024-11-15,129.05124754282983,0.1121052719734499,0.824443928373468,9.953284280679675,0.9134716085489021,22.935083718357607
2024-11-22,128.9461588435659,0.11179583486029043,0.8248810293069612,9.849440489208707,0.9017426264112381,23.089671265906517
2024-11-29,128.72924283175786,0.11074594959774206,0.82631005276891,10.009050895993239,0.807958564482417,23.646730547767024
2024-12-06,126.52019054026823,0.10991281177734373,0.8281641161932098,9.948374777027881,0.7663589716440469,23.466756273666523
2024-12-13,126.51149960320716,0.10845693992020743,0.829677224953662,10.012684356652251,0.8079655052825113,23.493253499894422
2024-12-20,122.63416085527794,0.10723127212934576,0.8327474572140621,9.972158117917532,0.8529771060279527,22.764996129806157
2024-12-27,122.55944083319855,0.10678232821923728,0.833195110263817,10.07398692758144,0.7917347152321564,22.94289028189257
2025-01-03,122.25890700658944,0.1064070747384019,0.8336336039754175,10.024692798184978,0.7838600765916305,23.039209750496983
2025-01-10,120.563134275012,0.10607690954024343,0.8347777982048316,10.054010191055974,0.7864610427863515,23.00283665088934
2025-01-17,120.56092135489885,0.10626089975174187,0.8344114592759737,10.05747197930814,0.8971445642728004,22.465974607806302
2025-01-24,120.49364624786313,0.10565013567013434,0.835289523075387,10.047736738178267,0.9079308339341332,22.68618681596888
2025-01-31,120.4894212482223,0.10586954104445444,0.8349905509313763,10.127785503241997,0.9294126703560603,22.694016846871374
2025-02-07,116.04812106758666,0.1056515402200613,0.8370338977833264,10.126404950699017,0.9881779981925669,21.275483149509235
2025-02-14,116.05899359593623,0.10563855641670408,0.8372800221114001,10.04950611873548,1.1206029993151743,21.258919504281593
2025-02-21,122.1069111090706,0.1076701341204299,0.832542450660206,10.204677684940151,1.1292029975344808,22.969493043293863
2025-02-28,114.97873991784896,0.10622185480835883,0.8370794227990387,10.058837067474458,1.1648540288770421,20.780924707444694
2025-03-07,114.98504905502932,0.10622350542304164,0.8372180492400157,10.0860010315899,1.2593910592803694,20.780146052484405
2025-03-14,120.79580614609002,0.10748546339999347,0.8332030234115172,10.246053345828516,1.3173771214232186,22.17301841957173
2025-03-21,118.05126101914831,0.10664605245628095,0.835138490395104,10.200222318959332,1.292193598105258,21.548053297597598
2025-03-28,118.07284818045977,0.10728928571838958,0.8344667481188708,10.03415398319669,1.3941465309192798,21.328817975320057
2025-04-04,118.07455785146003,0.10819413926770018,0.8335369712608025,10.120311060390593,1.3839522539310334,21.32407459803859
2025-04-11,127.46070285036022,0.10487967281738884,0.8347465107779256,9.045975769551163,1.1873835978180942,24.586746426247426
2025-04-18,127.45986812926274,0.10353134831261515,0.8356163283446807,9.073348255608618,1.2012362335688678,24.594476055812628
2025-04-25,127.49906374882849,0.10538615503939833,0.8339568334558328,9.039964210869249,1.1757183592583542,24.285959759851323
2025-05-02,127.51355003878275,0.10549320947740108,0.8338393648534154,8.961311407952243,1.2903206256314663,24.130206086624202
2025-05-09,120.16320529632777,0.10200729921267554,0.8401139773153778,8.785554286779767,1.3923140069269109,21.88372526571522
2025-05-16,120.05337557011107,0.10004026601310576,0.8417103109623948,8.744630436782524,1.4559036712627687,22.023206260753177
2025-05-23,113.93228393930423,0.09847338751557264,0.845675613795522,8.672606798341553,1.5667171912009776,19.950970779289957
2025-05-30,115.88247202167096,0.09915345836675785,0.8438748521088236,8.697718978550643,1.545271252775835,20.10423765431299
2025-06-06,115.87190987283131,0.09845945207595508,0.8440775761684144,8.665694454400121,1.5207371377126364,20.10482891787517
2025-06-13,115.859853583725,0.09875998591706359,0.8436227983597896,8.62625606895568,1.5754099214543855,19.93260766973807
2025-06-20,115.86050492852706,0.09880119193838897,0.8436234629926146,8.56638847729348,1.4810025894179493,19.92674196104236
2025-06-27,116.1805874933831,0.10100803694837986,0.8413944421439833,8.52098363385746,1.4629425979345168,19.53147330006601
