"Date","sigma_hat","mu","w","a1","b1"
2000-01-14,37.5194415801615,NA,NA,NA,NA
2000-01-21,36.2552036960901,NA,NA,NA,NA
2000-01-28,37.6068592230241,NA,NA,NA,NA
2000-02-04,38.3174038028604,NA,NA,NA,NA
2000-02-11,30.6730736329045,NA,NA,NA,NA
2000-02-18,30.5352045986159,NA,NA,NA,NA
2000-02-25,31.3202428784732,NA,NA,NA,NA
2000-03-03,31.3742873976046,NA,NA,NA,NA
2000-03-10,31.5240788505164,NA,NA,NA,NA
2000-03-17,30.8192886663478,NA,NA,NA,NA
2000-03-24,31.2304022193974,NA,NA,NA,NA
2000-03-31,28.813701426894,NA,NA,NA,NA
2000-04-07,29.6160879028147,NA,NA,NA,NA
2000-04-14,31.7433936932481,NA,NA,NA,NA
2000-04-21,26.965714112107,NA,NA,NA,NA
2000-04-28,27.4905343649512,NA,NA,NA,NA
2000-05-05,27.3962672366675,NA,NA,NA,NA
2000-05-12,27.297971296038,NA,NA,NA,NA
2000-05-19,27.1824103240226,NA,NA,NA,NA
2000-05-26,23.1049292285504,NA,NA,NA,NA
2000-06-02,23.8484205254521,NA,NA,NA,NA
2000-06-09,26.2113675819245,NA,NA,NA,NA
2000-06-16,25.0803257183828,NA,NA,NA,NA
2000-06-23,20.5937647056047,NA,NA,NA,NA
2000-06-30,21.6567397632866,NA,NA,NA,NA
2000-07-07,22.9124307136368,NA,NA,NA,NA
2000-07-14,23.676028360694,NA,NA,NA,NA
2000-07-21,21.1599216587355,NA,NA,NA,NA
2000-07-28,21.4140239265461,NA,NA,NA,NA
2000-08-04,17.2363376068895,NA,NA,NA,NA
2000-08-11,17.6087501552238,NA,NA,NA,NA
2000-08-18,19.4129158471164,NA,NA,NA,NA
2000-08-25,19.7720230769416,NA,NA,NA,NA
2000-09-01,18.5058699282105,NA,NA,NA,NA
2000-09-08,18.3471386440864,NA,NA,NA,NA
2000-09-15,18.2084690007622,NA,NA,NA,NA
2000-09-22,18.5538897322266,NA,NA,NA,NA
2000-09-29,20.1633469420147,NA,NA,NA,NA
2000-10-06,21.2132075438677,NA,NA,NA,NA
2000-10-13,19.0454794945317,NA,NA,NA,NA
2000-10-20,21.7046500597812,NA,NA,NA,NA
2000-10-27,23.2775053640181,NA,NA,NA,NA
2000-11-03,21.6487412395874,NA,NA,NA,NA
2000-11-10,24.145506494801,NA,NA,NA,NA
2000-11-17,25.3453422469929,NA,NA,NA,NA
2000-11-24,22.1502374647392,NA,NA,NA,NA
2000-12-01,24.0167119536643,NA,NA,NA,NA
2000-12-08,24.9899453188553,NA,NA,NA,NA
2000-12-15,25.8937950838649,NA,NA,NA,NA
2000-12-22,27.0302824780235,NA,NA,NA,NA
2000-12-29,26.4590804935427,NA,NA,NA,NA
2001-01-05,28.1408882559792,NA,NA,NA,NA
2001-01-12,29.4718951583357,NA,NA,NA,NA
2001-01-19,30.000176963,NA,NA,NA,NA
2001-01-26,26.8318238664911,NA,NA,NA,NA
2001-02-02,25.9759169866217,NA,NA,NA,NA
2001-02-09,26.3373936386585,NA,NA,NA,NA
2001-02-16,21.4957270331751,NA,NA,NA,NA
2001-02-23,21.2466514877241,NA,NA,NA,NA
2001-03-02,23.5932520915956,NA,NA,NA,NA
2001-03-09,23.1901113176416,NA,NA,NA,NA
2001-03-16,23.9118477909288,NA,NA,NA,NA
2001-03-23,26.6884623877918,NA,NA,NA,NA
2001-03-30,28.8320973932512,NA,NA,NA,NA
2001-04-06,32.0758086595319,NA,NA,NA,NA
2001-04-13,30.7869453270807,NA,NA,NA,NA
2001-04-20,32.2540774310591,NA,NA,NA,NA
2001-04-27,29.202322098918,NA,NA,NA,NA
2001-05-04,30.0661120981141,NA,NA,NA,NA
2001-05-11,30.0692334077638,NA,NA,NA,NA
2001-05-18,30.8163909957197,NA,NA,NA,NA
2001-05-25,29.739738053261,NA,NA,NA,NA
2001-06-01,29.8511984500949,NA,NA,NA,NA
2001-06-08,29.4159183704094,NA,NA,NA,NA
2001-06-15,28.3977964838461,NA,NA,NA,NA
2001-06-22,29.6697793871706,NA,NA,NA,NA
2001-06-29,26.1713939969377,NA,NA,NA,NA
2001-07-06,22.5153923901294,NA,NA,NA,NA
2001-07-13,24.4891199745249,NA,NA,NA,NA
2001-07-20,25.1352459621376,NA,NA,NA,NA
2001-07-27,26.3500970055178,NA,NA,NA,NA
2001-08-03,26.450401132197,NA,NA,NA,NA
2001-08-10,27.632782152844,NA,NA,NA,NA
2001-08-17,29.2661719498271,NA,NA,NA,NA
2001-08-24,26.6667855984339,NA,NA,NA,NA
2001-08-31,28.7046640008948,NA,NA,NA,NA
2001-09-07,29.4274844279809,NA,NA,NA,NA
2001-09-14,32.6632820343403,NA,NA,NA,NA
2001-09-21,37.3764058383759,NA,NA,NA,NA
2001-09-28,42.3216647655673,NA,NA,NA,NA
2001-10-05,47.9659019735108,NA,NA,NA,NA
2001-10-12,43.1555150421138,NA,NA,NA,NA
2001-10-19,43.7158576196532,NA,NA,NA,NA
2001-10-26,44.1743891965753,NA,NA,NA,NA
2001-11-02,46.6748168787437,NA,NA,NA,NA
2001-11-09,46.2565162145989,NA,NA,NA,NA
2001-11-16,47.9896682869089,NA,NA,NA,NA
2001-11-23,49.6672512977522,NA,NA,NA,NA
2001-11-30,47.0558268646023,NA,NA,NA,NA
2001-12-07,47.9256866037027,NA,NA,NA,NA
2001-12-14,49.4161052961923,NA,NA,NA,NA
2001-12-21,51.8011248220778,NA,NA,NA,NA
2001-12-28,49.9123855360684,NA,NA,NA,NA
2002-01-04,49.7506297912853,NA,NA,NA,NA
2002-01-11,48.1028864237798,NA,NA,NA,NA
2002-01-18,47.6645492929945,NA,NA,NA,NA
2002-01-25,44.6791228703618,NA,NA,NA,NA
2002-02-01,44.5294972172178,NA,NA,NA,NA
2002-02-08,36.5664966948537,NA,NA,NA,NA
2002-02-15,39.2572097337186,NA,NA,NA,NA
2002-02-22,39.082798990542,NA,NA,NA,NA
2002-03-01,40.1147704872625,NA,NA,NA,NA
2002-03-08,43.0207493009475,NA,NA,NA,NA
2002-03-15,43.8814094594902,NA,NA,NA,NA
2002-03-22,41.7942094370593,NA,NA,NA,NA
2002-03-29,40.6720353285131,NA,NA,NA,NA
2002-04-05,39.825789082241,NA,NA,NA,NA
2002-04-12,38.6354254378373,NA,NA,NA,NA
2002-04-19,33.3837923576569,NA,NA,NA,NA
2002-04-26,35.698151005068,NA,NA,NA,NA
2002-05-03,36.4340399762207,NA,NA,NA,NA
2002-05-10,35.3883622120776,NA,NA,NA,NA
2002-05-17,34.298058390048,NA,NA,NA,NA
2002-05-24,34.5401077289889,NA,NA,NA,NA
2002-05-31,35.5671934657256,NA,NA,NA,NA
2002-06-07,32.0814259301117,NA,NA,NA,NA
2002-06-14,34.2413088347646,NA,NA,NA,NA
2002-06-21,36.8225588889272,NA,NA,NA,NA
2002-06-28,35.6247849526907,NA,NA,NA,NA
2002-07-05,35.1650511028127,NA,NA,NA,NA
2002-07-12,32.0318219739276,NA,NA,NA,NA
2002-07-19,35.6019261632477,NA,NA,NA,NA
2002-07-26,38.554728321988,NA,NA,NA,NA
2002-08-02,41.2416637619841,NA,NA,NA,NA
2002-08-09,38.4554925520523,NA,NA,NA,NA
2002-08-16,41.6330157896307,NA,NA,NA,NA
2002-08-23,38.825792458403,NA,NA,NA,NA
2002-08-30,41.026760014056,NA,NA,NA,NA
2002-09-06,41.8160082498767,NA,NA,NA,NA
2002-09-13,44.2507440728873,NA,NA,NA,NA
2002-09-20,44.5233374980632,NA,NA,NA,NA
2002-09-27,48.5210117353062,NA,NA,NA,NA
2002-10-04,49.9089272252284,NA,NA,NA,NA
2002-10-11,54.3518167574028,NA,NA,NA,NA
2002-10-18,57.0116583734874,NA,NA,NA,NA
2002-10-25,61.207282890627,NA,NA,NA,NA
2002-11-01,60.4667172117528,NA,NA,NA,NA
2002-11-08,58.6462245320942,NA,NA,NA,NA
2002-11-15,48.0572098443419,NA,NA,NA,NA
2002-11-22,48.9440815327403,NA,NA,NA,NA
2002-11-29,51.6218353460781,NA,NA,NA,NA
2002-12-06,50.238173862727,NA,NA,NA,NA
2002-12-13,52.3881956965226,NA,NA,NA,NA
2002-12-20,53.3625124249059,NA,NA,NA,NA
2002-12-27,51.6338141871659,NA,NA,NA,NA
2003-01-03,51.1885416349765,NA,NA,NA,NA
2003-01-10,53.3553892270446,NA,NA,NA,NA
2003-01-17,42.4973419405805,NA,NA,NA,NA
2003-01-24,43.7593181132144,NA,NA,NA,NA
2003-01-31,46.5330520576904,NA,NA,NA,NA
2003-02-07,44.0935496793735,NA,NA,NA,NA
2003-02-14,44.3029483766082,NA,NA,NA,NA
2003-02-21,45.6697998518093,NA,NA,NA,NA
2003-02-28,35.7530491647779,NA,NA,NA,NA
2003-03-07,35.5474468886965,NA,NA,NA,NA
2003-03-14,38.5189741928504,NA,NA,NA,NA
2003-03-21,40.9421241048592,NA,NA,NA,NA
2003-03-28,44.2320238135912,NA,NA,NA,NA
2003-04-04,46.7309978615403,NA,NA,NA,NA
2003-04-11,48.8961884348559,NA,NA,NA,NA
2003-04-18,47.6605889911099,NA,NA,NA,NA
2003-04-25,48.6200716929481,NA,NA,NA,NA
2003-05-02,42.2661293307529,NA,NA,NA,NA
2003-05-09,42.2276941013173,NA,NA,NA,NA
2003-05-16,37.544317052109,NA,NA,NA,NA
2003-05-23,38.1994864120788,NA,NA,NA,NA
2003-05-30,39.9390979980674,NA,NA,NA,NA
2003-06-06,41.4181193537818,NA,NA,NA,NA
2003-06-13,43.3954160977833,NA,NA,NA,NA
2003-06-20,43.0786969301198,NA,NA,NA,NA
2003-06-27,43.5699890405057,NA,NA,NA,NA
2003-07-04,43.0768419789165,NA,NA,NA,NA
2003-07-11,41.5781590547166,NA,NA,NA,NA
2003-07-18,41.6696887103385,NA,NA,NA,NA
2003-07-25,38.1933496213047,NA,NA,NA,NA
2003-08-01,35.8511986500071,NA,NA,NA,NA
2003-08-08,36.3140602454527,NA,NA,NA,NA
2003-08-15,36.2461482883596,NA,NA,NA,NA
2003-08-22,37.5132663681302,NA,NA,NA,NA
2003-08-29,35.3303248522013,NA,NA,NA,NA
2003-09-05,35.3540660692414,NA,NA,NA,NA
2003-09-12,36.1908065006951,NA,NA,NA,NA
2003-09-19,36.0614098120321,NA,NA,NA,NA
2003-09-26,37.1369025039805,NA,NA,NA,NA
2003-10-03,39.3395381150128,NA,NA,NA,NA
2003-10-10,40.1326756529253,NA,NA,NA,NA
2003-10-17,38.4865603858713,NA,NA,NA,NA
2003-10-24,38.3179312314024,NA,NA,NA,NA
2003-10-31,38.8632840947473,NA,NA,NA,NA
2003-11-07,41.174604497689,NA,NA,NA,NA
2003-11-14,41.5684962325475,NA,NA,NA,NA
2003-11-21,37.6074681031288,NA,NA,NA,NA
2003-11-28,38.0657191582376,NA,NA,NA,NA
2003-12-05,39.3973998709556,NA,NA,NA,NA
2003-12-12,40.1641732110464,NA,NA,NA,NA
2003-12-19,36.3279780451679,NA,NA,NA,NA
2003-12-26,34.9792423764164,NA,NA,NA,NA
2004-01-02,24.3474482985067,NA,NA,NA,NA
2004-01-09,25.9468379497466,NA,NA,NA,NA
2004-01-16,24.755132678489,NA,NA,NA,NA
2004-01-23,25.050795547726,NA,NA,NA,NA
2004-01-30,25.1244758904736,NA,NA,NA,NA
2004-02-06,26.0231025098679,NA,NA,NA,NA
2004-02-13,20.4029324174634,NA,NA,NA,NA
2004-02-20,20.3381800109538,NA,NA,NA,NA
2004-02-27,20.1997552859481,NA,NA,NA,NA
2004-03-05,19.8035316324899,NA,NA,NA,NA
2004-03-12,20.3745239495721,NA,NA,NA,NA
2004-03-19,22.0941830295613,NA,NA,NA,NA
2004-03-26,23.1865811975116,NA,NA,NA,NA
2004-04-02,19.4941495149765,NA,NA,NA,NA
2004-04-09,21.4956640274611,NA,NA,NA,NA
2004-04-16,22.11950910383,NA,NA,NA,NA
2004-04-23,22.3319342072381,NA,NA,NA,NA
2004-04-30,22.1130358388359,NA,NA,NA,NA
2004-05-07,23.6752673711658,NA,NA,NA,NA
2004-05-14,24.7494779598879,NA,NA,NA,NA
2004-05-21,24.9810675767918,NA,NA,NA,NA
2004-05-28,24.5290720917737,NA,NA,NA,NA
2004-06-04,23.8233673564899,NA,NA,NA,NA
2004-06-11,24.6142004146559,NA,NA,NA,NA
2004-06-18,23.5319548938327,NA,NA,NA,NA
2004-06-25,23.4839344603515,NA,NA,NA,NA
2004-07-02,23.348691817033,NA,NA,NA,NA
2004-07-09,23.280421875772,NA,NA,NA,NA
2004-07-16,23.0553730313455,NA,NA,NA,NA
2004-07-23,23.9332538714532,NA,NA,NA,NA
2004-07-30,24.2240002790978,NA,NA,NA,NA
2004-08-06,25.152702072627,NA,NA,NA,NA
2004-08-13,26.2715014309393,NA,NA,NA,NA
2004-08-20,26.0832536650572,NA,NA,NA,NA
2004-08-27,26.6402944662886,NA,NA,NA,NA
2004-09-03,28.2418029864678,NA,NA,NA,NA
2004-09-10,29.1363182377353,NA,NA,NA,NA
2004-09-17,26.8077259729282,NA,NA,NA,NA
2004-09-24,27.8540846500281,NA,NA,NA,NA
2004-10-01,27.6403216386481,NA,NA,NA,NA
2004-10-08,28.3437645156063,NA,NA,NA,NA
2004-10-15,28.78295337617,NA,NA,NA,NA
2004-10-22,27.0364087004881,NA,NA,NA,NA
2004-10-29,26.264914161939,NA,NA,NA,NA
2004-11-05,26.0845203759489,NA,NA,NA,NA
2004-11-12,27.2122638506437,NA,NA,NA,NA
2004-11-19,26.0630580880097,NA,NA,NA,NA
2004-11-26,19.700940862797,NA,NA,NA,NA
2004-12-03,19.3557887853393,NA,NA,NA,NA
2004-12-10,18.9294966018245,NA,NA,NA,NA
2004-12-17,16.8762556339898,NA,NA,NA,NA
2004-12-24,16.9465778676219,NA,NA,NA,NA
2004-12-31,17.8144126224255,NA,NA,NA,NA
2005-01-07,17.0664687007657,NA,NA,NA,NA
2005-01-14,18.3736183702632,NA,NA,NA,NA
2005-01-21,18.2101013581022,NA,NA,NA,NA
2005-01-28,17.4139602216759,NA,NA,NA,NA
2005-02-04,16.5676727105395,NA,NA,NA,NA
2005-02-11,17.8311923742952,NA,NA,NA,NA
2005-02-18,18.9809249031499,NA,NA,NA,NA
2005-02-25,17.6753247050052,NA,NA,NA,NA
2005-03-04,16.5784406538953,NA,NA,NA,NA
2005-03-11,17.5392333276404,NA,NA,NA,NA
2005-03-18,17.7594113591526,NA,NA,NA,NA
2005-03-25,18.2100458436585,NA,NA,NA,NA
2005-04-01,17.8762367749741,NA,NA,NA,NA
2005-04-08,14.5645821642239,NA,NA,NA,NA
2005-04-15,15.5397877296148,NA,NA,NA,NA
2005-04-22,16.8450203410113,NA,NA,NA,NA
2005-04-29,17.5383439977291,NA,NA,NA,NA
2005-05-06,18.6172418386435,NA,NA,NA,NA
2005-05-13,20.0608298531353,NA,NA,NA,NA
2005-05-20,18.1669154193529,NA,NA,NA,NA
2005-05-27,18.8919899853456,NA,NA,NA,NA
2005-06-03,18.5319467307093,NA,NA,NA,NA
2005-06-10,18.7052124956092,NA,NA,NA,NA
2005-06-17,19.3102195856436,NA,NA,NA,NA
2005-06-24,20.2125410504813,NA,NA,NA,NA
2005-07-01,20.5426319187849,NA,NA,NA,NA
2005-07-08,21.2424109135414,NA,NA,NA,NA
2005-07-15,19.9962359226204,NA,NA,NA,NA
2005-07-22,21.448695717341,NA,NA,NA,NA
2005-07-29,22.491328829543,NA,NA,NA,NA
2005-08-05,20.2200787493818,NA,NA,NA,NA
2005-08-12,19.8044719288446,NA,NA,NA,NA
2005-08-19,20.3539970113264,NA,NA,NA,NA
2005-08-26,19.0607832502898,NA,NA,NA,NA
2005-09-02,20.5078326295868,NA,NA,NA,NA
2005-09-09,21.422622799718,NA,NA,NA,NA
2005-09-16,23.058728725781,NA,NA,NA,NA
2005-09-23,21.8253733059531,NA,NA,NA,NA
2005-09-30,21.0599351215463,NA,NA,NA,NA
2005-10-07,22.8646987224296,NA,NA,NA,NA
2005-10-14,22.3121866172841,NA,NA,NA,NA
2005-10-21,20.0772449556369,NA,NA,NA,NA
2005-10-28,21.4161237539969,NA,NA,NA,NA
2005-11-04,19.4616652266053,NA,NA,NA,NA
2005-11-11,21.4549806114891,NA,NA,NA,NA
2005-11-18,22.8163736123665,NA,NA,NA,NA
2005-11-25,22.2272894130218,NA,NA,NA,NA
2005-12-02,22.428940649488,NA,NA,NA,NA
2005-12-09,22.2149553157107,NA,NA,NA,NA
2005-12-16,21.6289609458577,NA,NA,NA,NA
2005-12-23,22.1965271113337,NA,NA,NA,NA
2005-12-30,23.0947656383439,NA,NA,NA,NA
2006-01-06,19.9713606030475,NA,NA,NA,NA
2006-01-13,21.1266203090434,NA,NA,NA,NA
2006-01-20,20.6586432236781,NA,NA,NA,NA
2006-01-27,21.5614788848479,NA,NA,NA,NA
2006-02-03,23.7076987508764,NA,NA,NA,NA
2006-02-10,23.1187807120017,NA,NA,NA,NA
2006-02-17,24.0501783566143,NA,NA,NA,NA
2006-02-24,25.3776887377058,NA,NA,NA,NA
2006-03-03,26.9889628269341,NA,NA,NA,NA
2006-03-10,28.2952331553583,NA,NA,NA,NA
2006-03-17,27.2190341711727,NA,NA,NA,NA
2006-03-24,28.1276032323459,NA,NA,NA,NA
2006-03-31,25.9532378606985,NA,NA,NA,NA
2006-04-07,24.50499262153,NA,NA,NA,NA
2006-04-14,20.862382905949,NA,NA,NA,NA
2006-04-21,21.896282160478,NA,NA,NA,NA
2006-04-28,23.1276223422799,NA,NA,NA,NA
2006-05-05,21.5060951177529,NA,NA,NA,NA
2006-05-12,21.3887475293717,NA,NA,NA,NA
2006-05-19,21.7358934555089,NA,NA,NA,NA
2006-05-26,23.741447741847,NA,NA,NA,NA
2006-06-02,21.8677935520793,NA,NA,NA,NA
2006-06-09,22.5820557611255,NA,NA,NA,NA
2006-06-16,24.6671420436481,NA,NA,NA,NA
2006-06-23,24.9932748684527,NA,NA,NA,NA
2006-06-30,26.2872631092674,NA,NA,NA,NA
2006-07-07,27.8084827751717,NA,NA,NA,NA
2006-07-14,26.8779750744369,NA,NA,NA,NA
2006-07-21,28.8927049619082,NA,NA,NA,NA
2006-07-28,28.9705621042984,NA,NA,NA,NA
2006-08-04,31.3088400714077,NA,NA,NA,NA
2006-08-11,30.5994642480618,NA,NA,NA,NA
2006-08-18,29.2515292861121,NA,NA,NA,NA
2006-08-25,31.0615258688236,NA,NA,NA,NA
2006-09-01,25.2389385258525,NA,NA,NA,NA
2006-09-08,25.7007483929885,NA,NA,NA,NA
2006-09-15,26.2544709687903,NA,NA,NA,NA
2006-09-22,27.4625457833276,NA,NA,NA,NA
2006-09-29,25.6039969772406,NA,NA,NA,NA
2006-10-06,25.9239197649579,NA,NA,NA,NA
2006-10-13,27.064016334799,NA,NA,NA,NA
2006-10-20,27.9671807174086,NA,NA,NA,NA
2006-10-27,27.7987799519803,NA,NA,NA,NA
2006-11-03,25.5869063566572,NA,NA,NA,NA
2006-11-10,24.2584451414807,NA,NA,NA,NA
2006-11-17,24.7500869758155,NA,NA,NA,NA
2006-11-24,22.8386589268879,NA,NA,NA,NA
2006-12-01,21.8588444695981,NA,NA,NA,NA
2006-12-08,23.3710897251708,NA,NA,NA,NA
2006-12-15,23.9688846699364,NA,NA,NA,NA
2006-12-22,25.4469619817545,NA,NA,NA,NA
2006-12-29,24.8007020739961,NA,NA,NA,NA
2007-01-05,24.9668799878824,NA,NA,NA,NA
2007-01-12,25.6629516762179,NA,NA,NA,NA
2007-01-19,25.8840121040636,NA,NA,NA,NA
2007-01-26,24.1504159785522,NA,NA,NA,NA
2007-02-02,21.5747832046512,NA,NA,NA,NA
2007-02-09,22.5528222315764,NA,NA,NA,NA
2007-02-16,21.874319049385,NA,NA,NA,NA
2007-02-23,21.4247646906475,NA,NA,NA,NA
2007-03-02,17.8632191421269,NA,NA,NA,NA
2007-03-09,20.3176839274582,NA,NA,NA,NA
2007-03-16,21.6403128452829,NA,NA,NA,NA
2007-03-23,23.6674224517863,NA,NA,NA,NA
2007-03-30,26.4612230448113,NA,NA,NA,NA
2007-04-06,25.9768708306084,NA,NA,NA,NA
2007-04-13,26.4969758117583,NA,NA,NA,NA
2007-04-20,26.6189356858418,NA,NA,NA,NA
2007-04-27,28.6676467794417,NA,NA,NA,NA
2007-05-04,27.9746752820004,NA,NA,NA,NA
2007-05-11,27.4548369958203,NA,NA,NA,NA
2007-05-18,25.7501265139688,NA,NA,NA,NA
2007-05-25,25.0096061765127,NA,NA,NA,NA
2007-06-01,26.1387863482588,NA,NA,NA,NA
2007-06-08,25.3728252928096,NA,NA,NA,NA
2007-06-15,27.3346499395181,NA,NA,NA,NA
2007-06-22,28.9150613979053,NA,NA,NA,NA
2007-06-29,29.8302344193447,NA,NA,NA,NA
2007-07-06,28.8794383899383,NA,NA,NA,NA
2007-07-13,28.3371921371913,NA,NA,NA,NA
2007-07-20,26.3388784651772,NA,NA,NA,NA
2007-07-27,26.7092630118493,NA,NA,NA,NA
2007-08-03,28.8532344196018,NA,NA,NA,NA
2007-08-10,25.4447762661819,NA,NA,NA,NA
2007-08-17,26.5006445743524,NA,NA,NA,NA
2007-08-24,24.3465832198893,NA,NA,NA,NA
2007-08-31,24.0380370546176,NA,NA,NA,NA
2007-09-07,21.1221353858894,NA,NA,NA,NA
2007-09-14,23.1074938443095,NA,NA,NA,NA
2007-09-21,19.6287957876783,NA,NA,NA,NA
2007-09-28,21.3974185791403,NA,NA,NA,NA
2007-10-05,20.8470191042491,NA,NA,NA,NA
2007-10-12,23.2802496019541,NA,NA,NA,NA
2007-10-19,23.4946443701954,NA,NA,NA,NA
2007-10-26,25.1676159572661,NA,NA,NA,NA
2007-11-02,25.1848536886434,NA,NA,NA,NA
2007-11-09,25.2333011421621,NA,NA,NA,NA
2007-11-16,27.8326096830896,NA,NA,NA,NA
2007-11-23,28.543394740676,NA,NA,NA,NA
2007-11-30,28.9008573992187,NA,NA,NA,NA
2007-12-07,31.4668391348771,NA,NA,NA,NA
2007-12-14,31.2651964984733,NA,NA,NA,NA
2007-12-21,32.2504263502813,NA,NA,NA,NA
2007-12-28,31.9387268714034,NA,NA,NA,NA
2008-01-04,30.7844725401757,NA,NA,NA,NA
2008-01-11,32.3638962869548,NA,NA,NA,NA
2008-01-18,32.3547274429306,NA,NA,NA,NA
2008-01-25,35.839329565706,NA,NA,NA,NA
2008-02-01,37.4476616917896,NA,NA,NA,NA
2008-02-08,38.2471101767024,NA,NA,NA,NA
2008-02-15,41.4704071662573,NA,NA,NA,NA
2008-02-22,34.0437516620948,NA,NA,NA,NA
2008-02-29,29.3922699708843,NA,NA,NA,NA
2008-03-07,29.6915394947221,NA,NA,NA,NA
2008-03-14,32.073947558826,NA,NA,NA,NA
2008-03-21,29.5473841109196,NA,NA,NA,NA
2008-03-28,28.1823188404813,NA,NA,NA,NA
2008-04-04,30.5449814966568,NA,NA,NA,NA
2008-04-11,33.0409658604813,NA,NA,NA,NA
2008-04-18,34.3753516112457,NA,NA,NA,NA
2008-04-25,36.773008798632,NA,NA,NA,NA
2008-05-02,33.8996563127732,NA,NA,NA,NA
2008-05-09,35.653483774334,NA,NA,NA,NA
2008-05-16,37.2601514242107,NA,NA,NA,NA
2008-05-23,34.1343455916045,NA,NA,NA,NA
2008-05-30,36.9862003455478,NA,NA,NA,NA
2008-06-06,33.6907733835033,NA,NA,NA,NA
2008-06-13,36.9410828196662,NA,NA,NA,NA
2008-06-20,36.572419942911,NA,NA,NA,NA
2008-06-27,39.0435790796426,NA,NA,NA,NA
2008-07-04,40.7963489465696,NA,NA,NA,NA
2008-07-11,42.3230703873055,NA,NA,NA,NA
2008-07-18,43.9897317491674,NA,NA,NA,NA
2008-07-25,47.4539555413801,NA,NA,NA,NA
2008-08-01,47.2378088653177,NA,NA,NA,NA
2008-08-08,47.457687490855,NA,NA,NA,NA
2008-08-15,49.2456329539267,NA,NA,NA,NA
2008-08-22,49.1395820117665,NA,NA,NA,NA
2008-08-29,50.7233327810996,NA,NA,NA,NA
2008-09-05,51.1254179507485,NA,NA,NA,NA
2008-09-12,52.2261675194693,NA,NA,NA,NA
2008-09-19,52.6311059929127,NA,NA,NA,NA
2008-09-26,48.1749243053132,NA,NA,NA,NA
2008-10-03,49.9579993080415,NA,NA,NA,NA
2008-10-10,47.97961222414,NA,NA,NA,NA
2008-10-17,55.6518965557785,NA,NA,NA,NA
2008-10-24,57.2849155187014,NA,NA,NA,NA
2008-10-31,62.4999584017654,NA,NA,NA,NA
2008-11-07,65.4032887062803,NA,NA,NA,NA
2008-11-14,64.1826324493402,NA,NA,NA,NA
2008-11-21,70.1975695639217,NA,NA,NA,NA
2008-11-28,77.6315261971125,NA,NA,NA,NA
2008-12-05,83.8975348339761,NA,NA,NA,NA
2008-12-12,86.7012566767013,NA,NA,NA,NA
2008-12-19,87.6924406826467,NA,NA,NA,NA
2008-12-26,84.1359744736581,NA,NA,NA,NA
2009-01-02,80.943369938471,NA,NA,NA,NA
2009-01-09,82.8946627049523,NA,NA,NA,NA
2009-01-16,73.9926155800767,NA,NA,NA,NA
2009-01-23,79.4038193957453,NA,NA,NA,NA
2009-01-30,85.4940748722273,NA,NA,NA,NA
2009-02-06,91.5718303593743,NA,NA,NA,NA
2009-02-13,87.1966716966348,NA,NA,NA,NA
2009-02-20,88.3132157286681,NA,NA,NA,NA
2009-02-27,95.1854459376942,NA,NA,NA,NA
2009-03-06,92.7072744853117,NA,NA,NA,NA
2009-03-13,100.043774757819,NA,NA,NA,NA
2009-03-20,107.422792097286,NA,NA,NA,NA
2009-03-27,110.825246740129,NA,NA,NA,NA
2009-04-03,111.388552914001,NA,NA,NA,NA
2009-04-10,112.812527463465,NA,NA,NA,NA
2009-04-17,111.753239419158,NA,NA,NA,NA
2009-04-24,113.588114085209,NA,NA,NA,NA
2009-05-01,106.08881551809,NA,NA,NA,NA
2009-05-08,103.423797695019,NA,NA,NA,NA
2009-05-15,105.273828010011,NA,NA,NA,NA
2009-05-22,107.094761573738,NA,NA,NA,NA
2009-05-29,107.798962928263,NA,NA,NA,NA
2009-06-05,97.671410921518,NA,NA,NA,NA
2009-06-12,93.0152990829537,NA,NA,NA,NA
2009-06-19,88.6700090101208,NA,NA,NA,NA
2009-06-26,88.613636306764,NA,NA,NA,NA
2009-07-03,83.1893742764477,NA,NA,NA,NA
2009-07-10,76.6578460426121,NA,NA,NA,NA
2009-07-17,76.5837656805773,NA,NA,NA,NA
2009-07-24,80.8078727984493,NA,NA,NA,NA
2009-07-31,81.1574764821984,NA,NA,NA,NA
2009-08-07,79.8279801720941,NA,NA,NA,NA
2009-08-14,81.3850461757549,NA,NA,NA,NA
2009-08-21,73.0474255335956,NA,NA,NA,NA
2009-08-28,71.6532788071141,NA,NA,NA,NA
2009-09-04,72.1130126353819,NA,NA,NA,NA
2009-09-11,70.947568696363,NA,NA,NA,NA
2009-09-18,64.1693557453797,NA,NA,NA,NA
2009-09-25,64.2880274595108,NA,NA,NA,NA
2009-10-02,59.8261709045707,NA,NA,NA,NA
2009-10-09,60.2929037976738,NA,NA,NA,NA
2009-10-16,62.0834598581572,NA,NA,NA,NA
2009-10-23,58.9955705907961,NA,NA,NA,NA
2009-10-30,53.2854689670937,NA,NA,NA,NA
2009-11-06,56.1700357484894,NA,NA,NA,NA
2009-11-13,55.3220028825967,NA,NA,NA,NA
2009-11-20,56.2686384201269,NA,NA,NA,NA
2009-11-27,57.1089673742053,NA,NA,NA,NA
2009-12-04,54.3259631743817,NA,NA,NA,NA
2009-12-11,54.3607688069818,NA,NA,NA,NA
2009-12-18,56.4230273070613,NA,NA,NA,NA
2009-12-25,51.2873611222156,NA,NA,NA,NA
2010-01-01,51.7865502944996,NA,NA,NA,NA
2010-01-08,41.2042967527286,NA,NA,NA,NA
2010-01-15,43.8285659884793,NA,NA,NA,NA
2010-01-22,45.8432598023615,NA,NA,NA,NA
2010-01-29,48.9171705306213,NA,NA,NA,NA
2010-02-05,50.1303496480095,NA,NA,NA,NA
2010-02-12,54.0946180935529,NA,NA,NA,NA
2010-02-19,52.5154764277808,NA,NA,NA,NA
2010-02-26,54.5817057331334,NA,NA,NA,NA
2010-03-05,54.8407594683392,NA,NA,NA,NA
2010-03-12,58.4871930426626,NA,NA,NA,NA
2010-03-19,55.017237581959,NA,NA,NA,NA
2010-03-26,41.1977785855526,NA,NA,NA,NA
2010-04-02,41.9391161490938,NA,NA,NA,NA
2010-04-09,37.851490709714,NA,NA,NA,NA
2010-04-16,35.6754452634356,NA,NA,NA,NA
2010-04-23,34.1523858468035,NA,NA,NA,NA
2010-04-30,36.1745738525668,NA,NA,NA,NA
2010-05-07,38.3816683575686,NA,NA,NA,NA
2010-05-14,44.1805807701701,NA,NA,NA,NA
2010-05-21,47.6475019058775,NA,NA,NA,NA
2010-05-28,44.0582988897897,NA,NA,NA,NA
2010-06-04,42.3276501193562,NA,NA,NA,NA
2010-06-11,46.0046130343222,NA,NA,NA,NA
2010-06-18,49.696370590421,NA,NA,NA,NA
2010-06-25,53.4268967279259,NA,NA,NA,NA
2010-07-02,55.9010940345467,NA,NA,NA,NA
2010-07-09,56.9500388579314,NA,NA,NA,NA
2010-07-16,61.8657258168564,NA,NA,NA,NA
2010-07-23,61.3120066110903,NA,NA,NA,NA
2010-07-30,61.9437850207294,NA,NA,NA,NA
2010-08-06,63.628268502783,NA,NA,NA,NA
2010-08-13,60.9347816898637,NA,NA,NA,NA
2010-08-20,62.8764171128105,NA,NA,NA,NA
2010-08-27,62.8777971978327,NA,NA,NA,NA
2010-09-03,58.8439120556692,NA,NA,NA,NA
2010-09-10,60.931854596086,NA,NA,NA,NA
2010-09-17,46.7287268285181,NA,NA,NA,NA
2010-09-24,45.646586154312,NA,NA,NA,NA
2010-10-01,42.1885862948575,NA,NA,NA,NA
2010-10-08,44.2876131107287,NA,NA,NA,NA
2010-10-15,45.2458805133589,NA,NA,NA,NA
2010-10-22,40.0891010611709,NA,NA,NA,NA
2010-10-29,40.7398780091355,NA,NA,NA,NA
2010-11-05,41.5749940014098,NA,NA,NA,NA
2010-11-12,42.5087970298724,NA,NA,NA,NA
2010-11-19,42.1489359728044,NA,NA,NA,NA
2010-11-26,39.1841358745553,NA,NA,NA,NA
2010-12-03,42.8696376036595,NA,NA,NA,NA
2010-12-10,44.7176385487953,NA,NA,NA,NA
2010-12-17,44.6044593454876,NA,NA,NA,NA
2010-12-24,46.0528404806536,NA,NA,NA,NA
2010-12-31,44.7194561970214,NA,NA,NA,NA
2011-01-07,45.3837503791266,NA,NA,NA,NA
2011-01-14,43.6895694871297,NA,NA,NA,NA
2011-01-21,47.7782021399253,NA,NA,NA,NA
2011-01-28,50.3433540377314,NA,NA,NA,NA
2011-02-04,47.559034880566,NA,NA,NA,NA
2011-02-11,46.8718557597151,NA,NA,NA,NA
2011-02-18,36.8761708746212,NA,NA,NA,NA
2011-02-25,39.1763587605122,NA,NA,NA,NA
2011-03-04,40.8117554100478,NA,NA,NA,NA
2011-03-11,42.8638603427774,NA,NA,NA,NA
2011-03-18,42.612682805114,NA,NA,NA,NA
2011-03-25,40.704220339952,NA,NA,NA,NA
2011-04-01,41.9555174452029,NA,NA,NA,NA
2011-04-08,42.3372226421439,NA,NA,NA,NA
2011-04-15,42.6503132359665,NA,NA,NA,NA
2011-04-22,44.9428636597192,NA,NA,NA,NA
2011-04-29,43.5254927921022,NA,NA,NA,NA
2011-05-06,45.004378527581,NA,NA,NA,NA
2011-05-13,44.9749710660431,NA,NA,NA,NA
2011-05-20,45.0625587453388,NA,NA,NA,NA
2011-05-27,44.9575708782703,NA,NA,NA,NA
2011-06-03,34.3045527968817,NA,NA,NA,NA
2011-06-10,32.1317332005704,NA,NA,NA,NA
2011-06-17,34.5301693805788,NA,NA,NA,NA
2011-06-24,35.174041166312,NA,NA,NA,NA
2011-07-01,37.7463402515506,NA,NA,NA,NA
2011-07-08,41.7220445472738,NA,NA,NA,NA
2011-07-15,45.8857816241961,NA,NA,NA,NA
2011-07-22,48.8796373760586,NA,NA,NA,NA
2011-07-29,52.6186405816072,NA,NA,NA,NA
2011-08-05,55.3587870847642,NA,NA,NA,NA
2011-08-12,61.0436304790458,NA,NA,NA,NA
2011-08-19,61.7700004142335,NA,NA,NA,NA
2011-08-26,65.5446502007067,NA,NA,NA,NA
2011-09-02,58.9752170589846,NA,NA,NA,NA
2011-09-09,52.3734405208778,NA,NA,NA,NA
2011-09-16,57.2357792596516,NA,NA,NA,NA
2011-09-23,58.0814386871897,NA,NA,NA,NA
2011-09-30,60.952103167508,NA,NA,NA,NA
2011-10-07,65.9393796902748,NA,NA,NA,NA
2011-10-14,64.7099124947692,NA,NA,NA,NA
2011-10-21,50.6207818595688,NA,NA,NA,NA
2011-10-28,50.5539305811863,NA,NA,NA,NA
2011-11-04,54.8090165905413,NA,NA,NA,NA
2011-11-11,60.4702306985838,NA,NA,NA,NA
2011-11-18,59.5406332225251,NA,NA,NA,NA
2011-11-25,62.5574832674738,NA,NA,NA,NA
2011-12-02,65.9401914375411,NA,NA,NA,NA
2011-12-09,72.0258428299647,NA,NA,NA,NA
2011-12-16,67.3753614311943,NA,NA,NA,NA
2011-12-23,70.9347865805153,NA,NA,NA,NA
2011-12-30,72.761830350165,NA,NA,NA,NA
2012-01-06,65.1834639278688,NA,NA,NA,NA
2012-01-13,69.0253560338312,NA,NA,NA,NA
2012-01-20,71.3680554899378,NA,NA,NA,NA
2012-01-27,75.2290214862175,NA,NA,NA,NA
2012-02-03,74.5995305300668,NA,NA,NA,NA
2012-02-10,75.912347082853,NA,NA,NA,NA
2012-02-17,66.0129443496721,NA,NA,NA,NA
2012-02-24,56.1597589071757,NA,NA,NA,NA
2012-03-02,53.9872786785439,NA,NA,NA,NA
2012-03-09,53.5472934107657,NA,NA,NA,NA
2012-03-16,54.3652838887318,NA,NA,NA,NA
2012-03-23,56.2774425791011,NA,NA,NA,NA
2012-03-30,57.5062031109265,NA,NA,NA,NA
2012-04-06,59.6612205431138,NA,NA,NA,NA
2012-04-13,63.0472230644546,NA,NA,NA,NA
2012-04-20,65.9207283159792,NA,NA,NA,NA
2012-04-27,63.1285028316817,NA,NA,NA,NA
2012-05-04,61.467894152972,NA,NA,NA,NA
2012-05-11,63.8208411393407,NA,NA,NA,NA
2012-05-18,59.4058855180347,NA,NA,NA,NA
2012-05-25,63.268486172847,NA,NA,NA,NA
2012-06-01,59.668749096828,NA,NA,NA,NA
2012-06-08,61.4979456391972,NA,NA,NA,NA
2012-06-15,65.4360225536369,NA,NA,NA,NA
2012-06-22,59.9931303756745,NA,NA,NA,NA
2012-06-29,57.8580360417345,NA,NA,NA,NA
2012-07-06,58.3324081122091,NA,NA,NA,NA
2012-07-13,60.8763626725256,NA,NA,NA,NA
2012-07-20,59.2566272020323,NA,NA,NA,NA
2012-07-27,62.3803439595654,NA,NA,NA,NA
2012-08-03,65.6991240399144,NA,NA,NA,NA
2012-08-10,66.2885086119605,NA,NA,NA,NA
2012-08-17,67.2283432104259,NA,NA,NA,NA
2012-08-24,69.9639939786329,NA,NA,NA,NA
2012-08-31,66.6084624433277,NA,NA,NA,NA
2012-09-07,66.0944153571938,NA,NA,NA,NA
2012-09-14,69.9480151596792,NA,NA,NA,NA
2012-09-21,70.5831805333832,NA,NA,NA,NA
2012-09-28,68.9828560011292,NA,NA,NA,NA
2012-10-05,71.6632338147061,NA,NA,NA,NA
2012-10-12,73.2468695111496,NA,NA,NA,NA
2012-10-19,71.8468409427212,NA,NA,NA,NA
2012-10-26,72.584279713425,NA,NA,NA,NA
2012-11-02,71.1180269173418,NA,NA,NA,NA
2012-11-09,68.3177524620944,NA,NA,NA,NA
2012-11-16,69.0734285430858,NA,NA,NA,NA
2012-11-23,65.2474085091164,NA,NA,NA,NA
2012-11-30,67.7706142955295,NA,NA,NA,NA
2012-12-07,64.8040707802184,NA,NA,NA,NA
2012-12-14,60.3662520328716,NA,NA,NA,NA
2012-12-21,40.9085463185634,NA,NA,NA,NA
2012-12-28,41.1751028443368,NA,NA,NA,NA
2013-01-04,40.4572959643888,NA,NA,NA,NA
2013-01-11,43.0021304305974,NA,NA,NA,NA
2013-01-18,45.9863645584392,NA,NA,NA,NA
2013-01-25,35.4578741850656,NA,NA,NA,NA
2013-02-01,34.5965551195584,NA,NA,NA,NA
2013-02-08,35.5869717938978,NA,NA,NA,NA
2013-02-15,36.9223121707942,NA,NA,NA,NA
2013-02-22,34.8216058826255,NA,NA,NA,NA
2013-03-01,34.6534795268319,NA,NA,NA,NA
2013-03-08,36.4072249546354,NA,NA,NA,NA
2013-03-15,38.5118384734731,NA,NA,NA,NA
2013-03-22,38.1325118617778,NA,NA,NA,NA
2013-03-29,40.92967689793,NA,NA,NA,NA
2013-04-05,43.7606109612501,NA,NA,NA,NA
2013-04-12,42.3588347043726,NA,NA,NA,NA
2013-04-19,44.0172432926095,NA,NA,NA,NA
2013-04-26,42.5613684331524,NA,NA,NA,NA
2013-05-03,45.2221525085735,NA,NA,NA,NA
2013-05-10,47.1874031318259,NA,NA,NA,NA
2013-05-17,44.5120159713537,NA,NA,NA,NA
2013-05-24,45.2340779825223,NA,NA,NA,NA
2013-05-31,47.3113574155887,NA,NA,NA,NA
2013-06-07,48.0516965275871,NA,NA,NA,NA
2013-06-14,48.1338058971541,NA,NA,NA,NA
2013-06-21,49.6608126388876,NA,NA,NA,NA
2013-06-28,52.5327737696431,NA,NA,NA,NA
2013-07-05,48.6696129278457,NA,NA,NA,NA
2013-07-12,47.8567730784864,NA,NA,NA,NA
2013-07-19,45.3797198702214,NA,NA,NA,NA
2013-07-26,46.5397810975229,NA,NA,NA,NA
2013-08-02,49.3806812153944,NA,NA,NA,NA
2013-08-09,49.132389023841,NA,NA,NA,NA
2013-08-16,50.7055331601213,NA,NA,NA,NA
2013-08-23,51.2141816974414,NA,NA,NA,NA
2013-08-30,50.3187454719268,NA,NA,NA,NA
2013-09-06,52.6248965945077,NA,NA,NA,NA
2013-09-13,53.9508785699482,NA,NA,NA,NA
2013-09-20,54.688780859943,NA,NA,NA,NA
2013-09-27,55.0187581783044,NA,NA,NA,NA
2013-10-04,52.0715554461679,NA,NA,NA,NA
2013-10-11,53.4198224773538,NA,NA,NA,NA
2013-10-18,54.456586328112,NA,NA,NA,NA
2013-10-25,55.1661295625594,NA,NA,NA,NA
2013-11-01,55.4319912124434,NA,NA,NA,NA
2013-11-08,50.882600871005,NA,NA,NA,NA
2013-11-15,48.7113365791187,NA,NA,NA,NA
2013-11-22,45.6677793587878,NA,NA,NA,NA
2013-11-29,42.7177133762406,NA,NA,NA,NA
2013-12-06,43.4361414813403,NA,NA,NA,NA
2013-12-13,45.4276069670513,NA,NA,NA,NA
2013-12-20,44.3445177413928,NA,NA,NA,NA
2013-12-27,46.6096089500738,NA,NA,NA,NA
2014-01-03,46.5090659143711,NA,NA,NA,NA
2014-01-10,44.3013391249961,NA,NA,NA,NA
2014-01-17,47.4845619988556,NA,NA,NA,NA
2014-01-24,47.4055396968215,NA,NA,NA,NA
2014-01-31,49.6417264563757,NA,NA,NA,NA
2014-02-07,44.6633883749484,NA,NA,NA,NA
2014-02-14,45.482887723942,NA,NA,NA,NA
2014-02-21,45.0236016350309,NA,NA,NA,NA
2014-02-28,39.9400798549789,NA,NA,NA,NA
2014-03-07,39.2021666500498,NA,NA,NA,NA
2014-03-14,37.2226137452622,NA,NA,NA,NA
2014-03-21,38.9945731007675,NA,NA,NA,NA
2014-03-28,40.2633974886007,NA,NA,NA,NA
2014-04-04,39.5478436343121,NA,NA,NA,NA
2014-04-11,42.3263549162573,NA,NA,NA,NA
2014-04-18,45.2720082641104,NA,NA,NA,NA
2014-04-25,41.7676781619367,NA,NA,NA,NA
2014-05-02,39.4456082365395,NA,NA,NA,NA
2014-05-09,37.6665006596963,NA,NA,NA,NA
2014-05-16,36.7054367992667,NA,NA,NA,NA
2014-05-23,37.645638415269,NA,NA,NA,NA
2014-05-30,37.0932361791931,NA,NA,NA,NA
2014-06-06,38.1090474168521,NA,NA,NA,NA
2014-06-13,39.9753643473275,NA,NA,NA,NA
2014-06-20,39.0345697289175,NA,NA,NA,NA
2014-06-27,38.8462771857779,NA,NA,NA,NA
2014-07-04,40.9268145864474,NA,NA,NA,NA
2014-07-11,39.019250563859,NA,NA,NA,NA
2014-07-18,41.5583036978835,NA,NA,NA,NA
2014-07-25,39.6011478184127,NA,NA,NA,NA
2014-08-01,41.060615456099,NA,NA,NA,NA
2014-08-08,42.4423701381609,NA,NA,NA,NA
2014-08-15,44.3530071524409,NA,NA,NA,NA
2014-08-22,42.023699840291,NA,NA,NA,NA
2014-08-29,43.3206791930129,NA,NA,NA,NA
2014-09-05,44.2939031293935,NA,NA,NA,NA
2014-09-12,47.0033517444353,NA,NA,NA,NA
2014-09-19,45.4969099730566,NA,NA,NA,NA
2014-09-26,41.9935320881235,NA,NA,NA,NA
2014-10-03,41.9077792082491,NA,NA,NA,NA
2014-10-10,42.7437047123749,NA,NA,NA,NA
2014-10-17,44.7354058785541,NA,NA,NA,NA
2014-10-24,45.3466977811807,NA,NA,NA,NA
2014-10-31,47.9847703243521,NA,NA,NA,NA
2014-11-07,46.5892408611393,NA,NA,NA,NA
2014-11-14,48.4684869446407,NA,NA,NA,NA
2014-11-21,46.5001904488313,NA,NA,NA,NA
2014-11-28,48.429145958129,NA,NA,NA,NA
2014-12-05,49.6985603884904,NA,NA,NA,NA
2014-12-12,47.0137210527242,NA,NA,NA,NA
2014-12-19,50.6946323195576,NA,NA,NA,NA
2014-12-26,46.8811978233469,NA,NA,NA,NA
2015-01-02,46.3431893205564,NA,NA,NA,NA
2015-01-09,43.4047854235261,NA,NA,NA,NA
2015-01-16,47.3818445173665,NA,NA,NA,NA
2015-01-23,48.5701508774193,NA,NA,NA,NA
2015-01-30,50.9702481220406,NA,NA,NA,NA
2015-02-06,52.7403034401359,NA,NA,NA,NA
2015-02-13,53.6530695421723,NA,NA,NA,NA
2015-02-20,55.5110394619468,NA,NA,NA,NA
2015-02-27,56.2500015683689,NA,NA,NA,NA
2015-03-06,55.1736644149334,NA,NA,NA,NA
2015-03-13,49.295105692298,NA,NA,NA,NA
2015-03-20,46.1153667972968,NA,NA,NA,NA
2015-03-27,46.7329382194079,NA,NA,NA,NA
2015-04-03,44.3360107421902,NA,NA,NA,NA
2015-04-10,44.9789334925585,NA,NA,NA,NA
2015-04-17,40.253230783781,-0.858196684567794,0.190243351437336,0.0601219826940765,0.926146396498932
2015-04-24,42.8353826499983,-0.866575203453822,0.190655325110245,0.0602910873407113,0.925939834344191
2015-05-01,44.233164008323,-0.809356490653258,0.200876582144479,0.0581534200681504,0.926410089349775
2015-05-08,43.5191703290469,-0.774565031096428,0.196112558757133,0.0601055753933791,0.925445561132608
2015-05-15,42.7159347427326,-0.759906164261642,0.201426991099322,0.0612432079588456,0.923727743914597
2015-05-22,38.277306545348,-0.812866362670112,0.251817658118138,0.0700447010787543,0.909715646287028
2015-05-29,36.8467162952123,-0.846316509126849,0.202128502492213,0.0620678892756275,0.922913389468376
2015-06-05,37.0274539556757,-0.859788227288009,0.205482482679977,0.0631507418180731,0.921566739496896
2015-06-12,35.4772927383394,-0.90002735547442,0.203695923608832,0.0634194854715628,0.921569448449138
2015-06-19,32.197285673668,-0.813661103429242,0.206486825704102,0.0608694040507737,0.923396447815819
2015-06-26,32.45739828991,-0.906103213432836,0.198448011489807,0.0619545047891582,0.923542538284193
2015-07-03,35.7994115744112,-0.877999302269789,0.199868944367067,0.0617718836104247,0.923478193837904
2015-07-10,38.5310345025028,-0.798763350045913,0.203453816830689,0.0606365869002378,0.924022430966733
2015-07-17,38.5327418957732,-0.861753964685096,0.201324107827182,0.0618038469331058,0.923321529922725
2015-07-24,40.7590019564497,-0.869717831599564,0.201695714690527,0.0619670306041077,0.923051507444209
2015-07-31,38.6770912659362,-0.861034640107425,0.202919201782239,0.0620443229381813,0.92283802721607
2015-08-07,35.705048892905,-0.911788993005173,0.155858838793135,0.0618815467251917,0.929351944226313
2015-08-14,34.448580368847,-1.00596102421097,0.195753036227939,0.0617737822713159,0.92401898760671
2015-08-21,35.7814337972293,-1.00251685072009,0.244311129288711,0.0694891039680269,0.911185312859598
2015-08-28,38.8474043146473,-1.06331773482421,0.192022184238505,0.0608569692826546,0.925222026174113
2015-09-04,38.0143275801144,-1.03730466851563,0.203443583546435,0.064668961960017,0.920555737713293
2015-09-11,40.4511338112256,-1.12209538778956,0.19294811564458,0.061705731777564,0.924407381222731
2015-09-18,36.7292063459073,-1.15539921942009,0.191721307859612,0.061540921479864,0.924670928489773
2015-09-25,37.133730178985,-1.15911659004594,0.190949830365726,0.0615092299927564,0.924707396333924
2015-10-02,37.4790825663573,-1.05961712390016,0.189190995618701,0.0598846013218487,0.926360599264442
2015-10-09,32.8636423837578,-1.08936260633739,0.188235456816207,0.0601332160259043,0.926321015594893
2015-10-16,36.0991078568935,-1.09148661670322,0.186833797193786,0.0596353978270288,0.92694113404997
2015-10-23,29.4313680255253,-1.11958003459108,0.185972775522811,0.0599770359139875,0.926646541871215
2015-10-30,29.7777458633268,-1.10172078710001,0.183066031327608,0.0589305424206699,0.927915986035035
2015-11-06,30.4760586863967,-1.15144967421858,0.183596571105584,0.0595003216195916,0.927251175110575
2015-11-13,31.7781453716626,-1.15540783130005,0.183698927805912,0.0596409596326449,0.927109644855908
2015-11-20,33.2767995983777,-1.18830217838226,0.160601837316682,0.0544982979031856,0.934488202188682
2015-11-27,31.6433603658902,-1.23508636955407,0.18552433370601,0.0596996832965327,0.926893189406308
2015-12-04,31.2681777341268,-1.31384056908204,0.207706104147376,0.066391244401149,0.918340239616629
2015-12-11,31.9176756830437,-1.27049817394156,0.184977147920146,0.059522714633674,0.927047939166254
2015-12-18,34.2649887478364,-1.27470789178531,0.18380976399546,0.0594721508654418,0.927212301934353
2015-12-25,35.6880303659626,-1.26896239661378,0.18411055373066,0.0596447686924766,0.927022615658818
2016-01-01,32.4329612769968,-1.35021498396919,0.183597637592979,0.05945991814762,0.927329838569404
2016-01-08,30.3286230735898,-1.42866415129326,0.184526776432923,0.0594660209784628,0.927252121580896
2016-01-15,33.9560820269785,-1.46060000316661,0.22398323274923,0.0643689734841283,0.917884680015121
2016-01-22,35.8911369829285,-1.40731686365227,0.186619182374579,0.0601664701912149,0.926328993006449
2016-01-29,36.8432807676868,-1.51515189150103,0.189500572255421,0.059913246384764,0.926329488595743
2016-02-05,37.3124211602063,-1.58838650494084,0.212691397075773,0.0647043454791971,0.919282640031839
2016-02-12,39.9406670747189,-1.63849020906533,0.18868618556155,0.0592830847632808,0.92695476163997
2016-02-19,42.6799805819647,-1.55867329246929,0.189976888831383,0.0600840388908723,0.926129888419974
2016-02-26,40.3439420793182,-1.45347559552707,0.198818211026573,0.0630995621876232,0.922327120579569
2016-03-04,43.4793006122541,-1.33722639732181,0.201214523146091,0.0639323424317499,0.921304650164875
2016-03-11,47.8877031050558,-1.37578908258489,0.204016563627254,0.064769814826612,0.920266876123321
2016-03-18,50.9944293379397,-1.46550362649888,0.207619156595584,0.0654135791948984,0.919351010553455
2016-03-25,53.3449083140094,-1.47834870824211,0.208862236733216,0.0655695130006271,0.91909874057359
2016-04-01,55.7607970379027,-1.51591408972191,0.209260061325195,0.0653501820390957,0.919264783830009
2016-04-08,56.2792761842829,-1.4477699173423,0.213356128229991,0.0673695677470831,0.917012731401698
2016-04-15,57.1298661697425,-1.40608920891803,0.216365751510381,0.0685022223907159,0.915686587015448
2016-04-22,61.9477060985497,-1.4752007066182,0.21789861086408,0.0684334238408011,0.915632334740121
2016-04-29,64.9915680942351,-1.56472121530521,0.211956494200359,0.0669133510507811,0.917681515082955
2016-05-06,65.3228454741123,-1.57898639145075,0.198200403279095,0.062127436613837,0.92343804489233
2016-05-13,67.632763090731,-1.52620509880569,0.206468333473264,0.0649630234569645,0.919931498714511
2016-05-20,57.3927258094513,-1.45662954608271,0.234739029327335,0.06920218929717,0.912400162413357
2016-05-27,57.6230457959797,-1.52523153666989,0.208634596871009,0.066708047771967,0.918044574634156
2016-06-03,59.7392235472301,-1.53455725441439,0.211495151147091,0.0678757984640381,0.916744355789046
2016-06-10,62.478172475302,-1.54702393515073,0.207855928405172,0.0665355068203535,0.918275604851249
2016-06-17,65.053992460626,-1.69871040565406,0.208128472580713,0.0671139508852711,0.917825209211438
2016-06-24,61.4688856197551,-1.62963244587981,0.210256845917377,0.0660381250420501,0.91844955971437
2016-07-01,66.3635173680387,-1.58543561126831,0.20592347061474,0.0645212200842765,0.920293820036586
2016-07-08,59.3645975803299,-1.57774278429379,0.196313697195009,0.0617645866807884,0.923965000856842
2016-07-15,53.4920857973864,-1.55178553067582,0.20851527696351,0.0659461098827505,0.918733603936083
2016-07-22,57.6998356102308,-1.59620915251598,0.212384901395595,0.0653452474971243,0.91877078804122
2016-07-29,54.6147940901459,-1.62116359597518,0.212773672639164,0.0654624979395805,0.918550829775611
2016-08-05,48.4823322930853,-1.59845539254482,0.209188856436036,0.0647120897890977,0.91967862376533
2016-08-12,46.9453141549861,-1.64115477098754,0.210564184635078,0.0651880322139016,0.919088113944318
2016-08-19,48.8273250389957,-1.59166926047466,0.204194290687754,0.0642396269932226,0.920754276692778
2016-08-26,50.6193169637807,-1.5288996313755,0.203482752896291,0.065183256173764,0.92000471001719
2016-09-02,53.869450909818,-1.50658393836068,0.206203092051806,0.0645287958145964,0.920231378297623
2016-09-09,56.544307280734,-1.58651337175032,0.195759777116932,0.062398446140409,0.92335329869199
2016-09-16,50.0043437201413,-1.56623288509186,0.215227139657213,0.0671752364093948,0.916783409744314
2016-09-23,53.5063442503047,-1.55128599513571,0.197446092185027,0.0632178795051868,0.92237393257296
2016-09-30,52.7636950674932,-1.51268089124245,0.194554713793151,0.0628898878230253,0.922951150756927
2016-10-07,50.5295291930401,-1.50572786945759,0.198188721864253,0.0637837521512472,0.921583271445133
2016-10-14,51.1932778003372,-1.38129301442142,0.198465902560395,0.0666914087322505,0.918937844518763
2016-10-21,45.8015584407663,-1.31209730013937,0.190584689738245,0.0639311209957565,0.92223215283754
2016-10-28,48.1694603686094,-1.34577959124227,0.192159703551931,0.0689013943085075,0.917952407919993
2016-11-04,49.6409505033821,-1.25395573825499,0.190518509959305,0.0676506271418718,0.919143874861625
2016-11-11,52.0504875391696,-1.3058958487315,0.194922486313544,0.0679490084813043,0.91830384231731
2016-11-18,54.7523493608136,-1.27241759440216,0.190222510478128,0.0634698710900828,0.922668567182657
2016-11-25,52.7735258460365,-1.2658234626179,0.195792791100932,0.0649212997390446,0.920597211779169
2016-12-02,46.8422665755341,-1.17791211927567,0.189226149422828,0.0631899305731707,0.923031278026403
2016-12-09,43.3420550189573,-1.12093605893924,0.187336922128795,0.0624346268974345,0.923935246804994
2016-12-16,48.4966232076468,-1.0340462227299,0.188200486085316,0.0615281229053545,0.924621818312332
2016-12-23,48.743793028645,-0.874873025660141,0.187739124001675,0.0601343342699577,0.925802711783552
2016-12-30,44.0603668449448,-0.647362091065734,0.180871730441242,0.0554876518325317,0.930712510503044
2017-01-06,42.7470036791574,-0.868450273862249,0.183461899670781,0.0595950117231344,0.926612427047278
2017-01-13,45.3844280806376,-0.888358282513634,0.185804613648447,0.0605237507331166,0.925474380862226
2017-01-20,42.5438715770465,-0.89134236412472,0.174527836113242,0.0584104219132159,0.928742287542609
2017-01-27,40.7698375920086,-0.874608780351463,0.186388714228074,0.0603750003187576,0.925531505094403
2017-02-03,41.3939407397626,-1.01368427017869,0.181574448244776,0.0606401234913464,0.925966314825279
2017-02-10,39.7707196837759,-0.971870714823487,0.182086633028091,0.060301744086163,0.926193300037054
2017-02-17,42.2898147744944,-1.06155293372645,0.180467243359325,0.0602453223382213,0.926475400843721
2017-02-24,41.2027144748959,-1.017423455117,0.179684293513362,0.0602826600872107,0.926580814866714
2017-03-03,42.0500486305037,-0.982863619164323,0.179595959641856,0.0601587243743922,0.926692983218105
2017-03-10,45.5485763791873,-0.938087142181772,0.181147692698683,0.0598411217107321,0.926748536044894
2017-03-17,46.8777824243214,-0.988322746992188,0.186972323341756,0.0610402634639664,0.924974942381009
2017-03-24,42.1930938954571,-0.901196539313882,0.189195307593902,0.0608353336532973,0.92486630535348
2017-03-31,32.3320915874421,-0.933365255974421,0.189484962464538,0.0612879516338046,0.924443041930128
2017-04-07,32.8518664096214,-1.02101448544479,0.185888179985488,0.0608331844326783,0.925321944245263
2017-04-14,31.9853645492314,-0.98661208314114,0.183890324746553,0.060108897832189,0.926201556063828
2017-04-21,33.83416492847,-0.888355787709881,0.183951565843651,0.0591991360069276,0.926986414980526
2017-04-28,36.1242473598578,-0.829660886269362,0.183992809607097,0.0578716572593506,0.928118320687719
2017-05-05,39.3863999854861,-0.887180902387674,0.182272984112549,0.0588690836529239,0.927487881265874
2017-05-12,42.1817390760289,-0.900727093674751,0.182060622776211,0.0593595401954909,0.927004897043978
2017-05-19,42.3099139928043,-0.835534885712329,0.185516848980859,0.0587442995289311,0.927094581638528
2017-05-26,40.1562763568856,-0.896211906133702,0.182967174008183,0.0594026054298139,0.92685849858181
2017-06-02,36.6323656024927,-0.830575943466283,0.185129875621086,0.0584069390451059,0.927447140211845
2017-06-09,37.511178507298,-0.944124792160495,0.183608750254784,0.0599740454095082,0.926327728604673
2017-06-16,38.4383335324995,-0.990836375199541,0.3480641837527,0.0756891853380089,0.891338685850914
2017-06-23,38.9299192762402,-0.969747186913048,0.182475662340922,0.0597049988786034,0.926711544896235
2017-06-30,36.5159420936347,-0.9370170600935,0.182386162872751,0.0596572365706198,0.926745372316896
2017-07-07,37.7356492674989,-0.951683656098452,0.181964431077197,0.0595694263790401,0.926867070894891
2017-07-14,39.4971169923675,-0.971930597919093,0.179992143181346,0.0591579012350901,0.927467112796282
2017-07-21,34.5335289675199,-0.930854653996848,0.178663760078723,0.0590399046049147,0.927647852804298
2017-07-28,35.5534968741422,-0.969722565208823,0.17867627986993,0.0590965080743471,0.927632207130307
2017-08-04,36.6894139492258,-0.991462046133191,0.178847405105397,0.0593896201790929,0.927364892675599
2017-08-11,36.3797494351937,-0.990132455054496,0.17820768780894,0.0592979387466223,0.92750394307236
2017-08-18,38.1276457640349,-0.997023029730778,0.177623525270708,0.0592953466474474,0.927555934821227
2017-08-25,36.9967439404515,-1.02086570228023,0.178222507586943,0.0596484601564591,0.92717765414564
2017-09-01,36.5071919318019,-1.01839568503037,0.177902350656869,0.0594580059628078,0.927388029763681
2017-09-08,30.8373466719233,-0.966341472243428,0.176529618731161,0.0585061896444938,0.928333336790411
2017-09-15,31.772897029801,-0.891632932896156,0.179063331412242,0.0589011831553728,0.927652559723597
2017-09-22,33.7322880096157,-0.801503419946863,0.196667208299262,0.0571263342509052,0.926839942695218
2017-09-29,33.8552105919837,-0.803357956571899,0.183912764232908,0.0577733878886092,0.927989343746835
2017-10-06,34.6725372313876,-0.847092559849855,0.180729924082317,0.0585473087713461,0.927718598371231
2017-10-13,33.7327960316864,-0.82705824637562,0.183997053097165,0.0588082609566253,0.927014068301809
2017-10-20,34.0389635535227,-0.717610913784749,0.180301073818669,0.0580028409521943,0.928211300639213
2017-10-27,33.4225558628126,-0.653666591106775,0.17949411953698,0.0563388045396281,0.929814346539058
2017-11-03,30.4295934213206,-0.597058119674234,0.174496251575027,0.0561827484301275,0.93070999251386
2017-11-10,30.4147497272461,-0.617835135269732,0.180934223999402,0.055442438633582,0.930481044796874
2017-11-17,30.1114717605588,-0.692500379442071,0.18231381198941,0.0601120572206278,0.926234234210549
2017-11-24,29.8264106143125,-0.697218023659041,0.181969657018575,0.0587345879856583,0.927346152308199
2017-12-01,28.0537644865939,-0.710240082082388,0.179934988429621,0.0581348810003199,0.928124931423815
2017-12-08,27.7134237694329,-0.703521175584899,0.1751118012117,0.0583504819193859,0.928624990038356
2017-12-15,29.4567848113122,-0.632946174320537,0.182069980816339,0.048809194759327,0.935698567253241
2017-12-22,30.2011145194891,-0.621692079601797,0.177823859732288,0.0543975500466658,0.931763493919541
2017-12-29,29.7631687318366,-0.469284267995157,0.161844399181393,0.0500210625030117,0.937466896997857
2018-01-05,29.2913697612556,-0.36589521027011,0.74979762886302,0.0933000966350943,0.823126990732095
2018-01-12,30.8086998493645,-0.236821535699009,0.149374758995114,0.0546961762387707,0.935225892591571
2018-01-19,37.5538481198847,-0.287175000598125,0.749604600640146,0.0900388519726301,0.825941100703371
2018-01-26,27.5885757129209,-0.447884294124698,0.754456989734896,0.091345608327441,0.824165562909009
2018-02-02,31.0900329244731,-0.472431070003691,0.766382552145557,0.0893479985033152,0.824293221826026
2018-02-09,33.6827460249885,-0.47558531403499,0.769730765990618,0.0882784442769435,0.824851904520227
2018-02-16,37.6708960393303,-0.477213054091677,0.155006791777142,0.0491351237055111,0.939141294018222
2018-02-23,37.5791722822436,-0.553193764958112,0.15180829108258,0.0451267827009874,0.942702940425288
2018-03-02,27.3928322471347,-0.620321860740339,0.765159983797919,0.0946153122818395,0.819896778098144
2018-03-09,28.5226797178372,-0.643527840749906,0.755081791329895,0.0959139080431503,0.819997386213327
2018-03-16,27.3935899325905,-0.640616569591885,0.146231080412437,0.0373864546026467,0.949862118363275
2018-03-23,23.3928526299434,-0.579318778265779,0.166327960987214,0.0533566249031492,0.934134098617548
2018-03-30,28.1980149592083,-0.592682147233844,0.761650979595544,0.0949764366615397,0.820057595707652
2018-04-06,26.3091388340241,-0.547672463518798,0.187419589909947,0.0611586126004098,0.924970222218613
2018-04-13,26.8885574504956,-0.584181477082298,0.674741681455963,0.0906017155206922,0.835519573083864
2018-04-20,24.7872789664231,-0.592933888304575,0.642084953079151,0.0804142544034421,0.847895759145714
2018-04-27,29.6099220229695,-0.557003614689551,0.764667269963544,0.0950516799057393,0.819445202391897
2018-05-04,28.4652654076206,-0.471799098207537,0.757474951864398,0.0918273012958249,0.823378043132763
2018-05-11,26.6065255113776,-0.513361913380857,0.163409073447973,0.0536282852414565,0.93425101455123
2018-05-18,26.8498927162561,-0.533463052787492,0.166952473480883,0.0539558242178075,0.93351869027152
2018-05-25,25.8084826148825,-0.642780991094812,0.173694313048081,0.0551328719137639,0.931710579037762
2018-06-01,27.5827384124198,-0.660099661161944,0.181700706933697,0.0584477222236205,0.927707057054959
2018-06-08,29.7240991521906,-0.63829574314267,0.173444318024723,0.0588519852065996,0.928577417387941
2018-06-15,29.4301137610345,-0.551630482481178,0.747968377519758,0.0964520410240816,0.820266454715405
2018-06-22,26.286790400233,-0.637724760357793,0.626374928189024,0.0768432236086942,0.85289501739236
2018-06-29,28.3137355369192,-0.695421184366991,0.17187607177899,0.0576328691345119,0.929651528385772
2018-07-06,30.4964558024597,-0.655153874489508,0.172340317536998,0.0566294525718021,0.930496683999496
2018-07-13,26.9516264302368,-0.721384630563581,0.168833421693737,0.0575791114612814,0.930100506133245
2018-07-20,28.0454332092275,-0.686514709356937,0.17082044293227,0.0570511757981408,0.930327386379733
2018-07-27,25.8702729141257,-0.741467913007866,0.170187948246858,0.0576037012873368,0.929920505462293
2018-08-03,28.0671410866245,-0.784526700453755,0.175069623625467,0.058343644888087,0.928615950404435
2018-08-10,27.6205008621279,-0.858553567888936,0.175477197963082,0.0590147131656981,0.927999690024828
2018-08-17,29.3100663367127,-0.836459905341,0.184402156632524,0.0571138374508176,0.928337579831597
2018-08-24,30.9827678903759,-0.894031641168813,0.178161461764335,0.0601607948474087,0.926646856413446
2018-08-31,31.1930295455327,-0.845054687835255,0.170834417405773,0.0572570753024182,0.930053562698823
2018-09-07,31.6462489275922,-0.855761192604375,0.171782513380267,0.0584411136766529,0.928966948671379
2018-09-14,27.3474754525086,-0.850292334063873,0.173126240178225,0.058303279090031,0.928937639834076
2018-09-21,28.4789459402222,-0.935250400921218,0.173739172301211,0.0590766448180887,0.928234331680446
2018-09-28,30.748651464757,-0.983706960232313,0.170130256841373,0.0577771511097745,0.929809860792848
2018-10-05,32.9934976096682,-0.999411272981298,0.173547087619317,0.059088824526882,0.928286885543083
2018-10-12,32.4776185790399,-1.01279853811135,0.174597844011541,0.0592331471994924,0.928030858288687
2018-10-19,33.8097459026067,-1.09020959450757,0.172421513843443,0.0585618942673903,0.928948658053292
2018-10-26,34.3827157256203,-1.03968594485695,0.181374311875387,0.0599258754083628,0.926611013200223
2018-11-02,36.3255465818302,-1.03790303025251,0.178958384669338,0.0595215844389091,0.927237057100486
2018-11-09,38.3226120314085,-1.09044013173746,0.174456954275424,0.0589456632355158,0.928334388196403
2018-11-16,35.1522334826245,-1.08987567591742,0.174668541476928,0.0590222812913052,0.928239647928241
2018-11-23,35.7126670098606,-1.10717332414345,0.175045171562095,0.0595339969547032,0.927735005486737
2018-11-30,35.4806586453744,-1.16805430182408,0.183292020636563,0.060036049532983,0.926155765720241
2018-12-07,35.3343856819374,-1.13992856303545,0.173497612396662,0.0595470751742149,0.927903219628971
2018-12-14,37.9488477194507,-1.2435094025216,0.14307055058618,0.0587942427072696,0.932716664824456
2018-12-21,35.3307978289662,-1.22221159244708,0.174174538522898,0.0594317512018117,0.927919062754681
2018-12-28,37.5432898355471,-1.20286805843505,0.174548068727353,0.059431092805158,0.927895520274464
2019-01-04,32.6233880918254,-1.12765628180297,0.173306377214491,0.0590381253630711,0.928430084517046
2019-01-11,34.6516691826635,-1.12422611866071,0.173365527002621,0.0589825698262962,0.928489560932328
2019-01-18,34.3133219749553,-1.11862353851727,0.17391082044473,0.0590288766274151,0.928376789094221
2019-01-25,35.4808162452448,-1.21288681912311,0.17517157390234,0.0594240396499969,0.92787543922287
2019-02-01,35.0620238368419,-1.20371907319898,0.174844607343421,0.0593718808288468,0.927972969710477
2019-02-08,37.8599240089102,-1.20782071679595,0.175405035017684,0.0595740176993945,0.927761678935
2019-02-15,37.3867494578766,-1.2344370926398,0.171951285271403,0.0585589051502425,0.929077327592762
2019-02-22,39.5001749710168,-1.16318005533763,0.174414590817642,0.0590254535774882,0.928362739699621
2019-03-01,34.8057905753958,-1.20964037554712,0.173046443630033,0.0586250057784867,0.928920762454966
2019-03-08,37.1185756815009,-1.18538321245006,0.177135146806303,0.0596898187418542,0.927521254255082
2019-03-15,39.8902081993482,-1.27456719508865,0.175017891163993,0.0580337338365683,0.929238971390737
2019-03-22,42.3208056185118,-1.25762464159568,0.174916503551045,0.0585468680097179,0.92877256374531
2019-03-29,44.3348003639925,-1.20523450449575,0.176963086469909,0.0594416311139103,0.927760196346669
2019-04-05,42.2541522113143,-1.16655771823002,0.178747674621053,0.0599087322356118,0.9270681116497
2019-04-12,44.4961251198743,-1.17206646735216,0.179135130494123,0.0600728367834675,0.926898223068742
2019-04-19,45.1863902250939,-1.22402735284084,0.17005683431447,0.0590979718481591,0.928922705617146
2019-04-26,45.5371673668021,-1.23385369594517,0.178667140903135,0.0583869267096971,0.928324700504096
2019-05-03,46.6286958480923,-1.32897679115653,0.178967837758899,0.0595572481836247,0.927387679561585
2019-05-10,42.6742000625289,-1.31021855431922,0.177146563371838,0.0587852064874825,0.928262899636929
2019-05-17,45.8765977128837,-1.36532690389105,0.175552726923404,0.0587011769369431,0.928518928801195
2019-05-24,41.1859855677272,-1.41514497839245,0.183667416271652,0.0601178318791806,0.926234129463153
2019-05-31,42.9891137057572,-1.42700651932481,0.182175077216632,0.060074462126773,0.926459201785282
2019-06-07,43.9866479219493,-1.42374635865619,0.18492762627178,0.0606744780087412,0.925568713559298
2019-06-14,37.3180582926654,-1.42664047550796,0.185936599100773,0.0609237404995815,0.925227982693941
2019-06-21,33.1896626271742,-1.36312716127067,0.185742642080418,0.0581082350086976,0.927599010539083
2019-06-28,32.44290065556,-1.28204431070988,0.180802910736046,0.0587493014705307,0.927730360377883
2019-07-05,33.2724699373794,-1.29796029832258,0.186651504051451,0.0604727360680313,0.925458618698859
2019-07-12,35.3300334360975,-1.38142347909451,0.187035467414697,0.0608732214542884,0.925118900040514
2019-07-19,34.2939921211958,-1.38196643590031,0.187433132494184,0.0609492863020209,0.925005270200759
2019-07-26,35.1836246270719,-1.44989968606597,0.189158211279781,0.0612776250350708,0.924565356358183
2019-08-02,34.8108875950847,-1.51030970356837,0.191884395729937,0.0610369291026983,0.924525500092878
2019-08-09,37.8203966866654,-1.48312965147578,0.190617597724302,0.0612370785583952,0.924472394954235
2019-08-16,39.806125453685,-1.47188878563277,0.190188585192492,0.0612927931790668,0.924466651325138
2019-08-23,37.054749537249,-1.42640749735677,0.189607781960465,0.0612372646720735,0.924544544128964
2019-08-30,35.987322350165,-1.38692995437502,0.189844487314933,0.0609883189215122,0.924714691017239
2019-09-06,36.7057951973679,-1.29979140008118,0.190363663524837,0.0606190560491102,0.924961848437911
2019-09-13,38.5792401004245,-1.33332996496304,0.190481127766805,0.0606115702784242,0.924974272087035
2019-09-20,42.077110596596,-1.37113486476895,0.192783426065526,0.0610609589648449,0.924296171246682
2019-09-27,39.9226942780129,-1.43722742874846,0.195317324384431,0.0619323726708322,0.923256044017376
2019-10-04,40.4211584342388,-1.34313354314264,0.195998093432759,0.0614932359625019,0.923540243661296
2019-10-11,42.3054387678105,-1.29723251583792,0.197048155073085,0.0616978347792595,0.923193845451922
2019-10-18,45.487901749656,-1.26192134292682,0.198096047443442,0.0614790334037913,0.923221710923613
2019-10-25,45.9509893725244,-1.27077933001009,0.188102562845836,0.0573313816919931,0.92803296601941
2019-11-01,45.4883839273706,-1.19205493003477,0.20263477404602,0.0632145900569191,0.921170982538409
2019-11-08,45.4232066352977,-1.23794305845827,0.201243953189808,0.0625960895368197,0.921887240755771
2019-11-15,48.0497567520238,-1.20135624781377,0.201300709247064,0.0625857217496835,0.921883498587974
2019-11-22,46.8335988802883,-1.20125532081407,0.202819346422213,0.0626988446131654,0.921578558197104
2019-11-29,43.4335738938437,-1.21091151172625,0.203363302921583,0.062675296607302,0.921531147588594
2019-12-06,41.220578091747,-1.21811687586328,0.202309909318267,0.0624926259160535,0.921847620144299
2019-12-13,39.0370779998031,-1.21020215144971,0.202248746585787,0.0625120674731392,0.921858100455168
2019-12-20,39.7355490880287,-1.22463832801865,0.206800300293746,0.0624803385435205,0.921244101870509
2019-12-27,40.6006405748532,-1.23891482329995,0.204913572886131,0.0625965116154318,0.921423946016386
2020-01-03,39.6811647264464,-1.23318384158845,0.206818228885082,0.0629187754972397,0.920898568037205
2020-01-10,38.2973442591281,-1.27814732255886,0.204329328992155,0.0615606862559902,0.922405199529064
2020-01-17,35.5380421441932,-1.33141429117836,0.206338470747789,0.0626032641972302,0.921297179443677
2020-01-24,35.7169004636926,-1.34860486434468,0.206547269599488,0.062040576656454,0.92174510519243
2020-01-31,36.5587769671195,-1.24836012483295,0.205979811301751,0.061701988730016,0.922109357839643
2020-02-07,36.6110300574395,-1.240789695279,0.206261408326813,0.0616912335211266,0.922079546369187
2020-02-14,40.5047272108382,-1.30272654480208,0.802762632207656,0.101609372117305,0.809426490047677
2020-02-21,40.0226796787752,-1.50472796465192,0.212802956397096,0.0618407375578963,0.921557889343079
2020-02-28,42.6742677718411,-1.64868110436323,0.215349888456638,0.0617613200626586,0.921216209369086
2020-03-06,47.1100455807192,-1.98830634933523,0.22069409686148,0.0646897746282292,0.918423434747252
2020-03-13,51.6689954356557,-2.07203290732729,0.226181130622972,0.0663247038175659,0.916346369693943
2020-03-20,61.0812740298303,-1.98347332293364,0.233133188966582,0.0683762036637514,0.913572634022219
2020-03-27,64.0418375612238,-2.16827337680101,0.239133899503508,0.0697897479154526,0.91171136357324
2020-04-03,67.4985548290841,-2.0518425126688,0.249261283946175,0.0717352374106026,0.908977991643056
2020-04-10,74.6810946416389,-2.1638994425585,0.247011040881767,0.0722610764538457,0.908695377631185
2020-04-17,81.5994764768764,-2.21518808502715,0.246947038152208,0.0702989852368894,0.910415196342907
2020-04-24,84.8791630106749,-2.09176128677261,0.245724473408039,0.0714375541188357,0.909585975085528
2020-05-01,77.8810938476418,-2.12701859784196,0.242052606885327,0.0696450058733702,0.911505692766099
2020-05-08,82.5925791883717,-2.21084014519075,0.250256399076439,0.0707728590140929,0.909491613618887
2020-05-15,77.7030510540765,-2.17859390120876,0.253514553488004,0.0710460568090768,0.908811444924157
2020-05-22,80.2102763077369,-2.0878536751372,0.248387733858451,0.0721372340295154,0.908676405061931
2020-05-29,80.4393454337815,-1.85352702843033,0.243659926155874,0.0726202577377126,0.908845421272123
2020-06-05,85.6317527364033,-1.97805866838203,0.251963163467002,0.0747308571142707,0.906013288515387
2020-06-12,94.5890160911253,-1.99226588489574,0.253001589247237,0.0725782105366186,0.907632116462802
2020-06-19,99.4891415242323,-2.00944514197026,0.256271830803969,0.0722648568902745,0.907458761294521
2020-06-26,83.1741148058131,-1.93052119586045,0.2517924315199,0.0717789081652894,0.908393156982208
2020-07-03,78.0422519476261,-1.92528897138909,0.256070944683472,0.0712378862243693,0.908235371304758
2020-07-10,78.9049271402549,-1.89494349033621,0.264583123134758,0.0722260166459089,0.906208641244712
2020-07-17,70.634979118949,-1.9450987836648,0.235082804765421,0.0721426336901058,0.910228604017847
2020-07-24,67.7253732115685,-2.04145795834056,0.271939475584906,0.0729295330331619,0.904934316185417
2020-07-31,66.7714381036351,-1.97848958218367,0.265456532986235,0.0726127358011101,0.905876667942941
2020-08-07,70.8092283371261,-1.90627703152837,0.261976509956296,0.0720890742350591,0.906750914572938
2020-08-14,70.2937591396258,-1.98815249088474,0.265388337071115,0.0727081955321448,0.905860789377309
2020-08-21,70.3169260800366,-1.91975742116742,0.267775683594278,0.0732490306117572,0.904979560115603
2020-08-28,70.3174594844476,-1.96121184682229,0.273114560673422,0.0735685575093195,0.904022904109354
2020-09-04,71.4701203914658,-1.9949427662388,0.279798866807082,0.0740443049328263,0.902751810714731
2020-09-11,67.1753470963314,-2.06158773429171,0.283421486547086,0.074135438613396,0.902295007611943
2020-09-18,63.925325497149,-2.20260923422498,0.279716424863581,0.0737821681996056,0.903059437224883
2020-09-25,64.9909392067544,-2.19506490507231,0.280731150161679,0.0738042951207515,0.902903947242739
2020-10-02,70.0170675682035,-2.09653743502757,0.272764217367061,0.0720835365096929,0.90539490528197
2020-10-09,67.3982770281282,-2.16580508945361,0.275205289540166,0.0732893833615585,0.904073154863509
2020-10-16,70.5950257042392,-2.11899865416323,0.264626418921084,0.0694958057176248,0.908589507700384
2020-10-23,70.5240162170003,-2.24163142270154,0.278035506369164,0.0738053345504175,0.903267446553951
2020-10-30,69.799021421112,-2.18288046931633,0.273241817911882,0.0734177501188247,0.904259262144754
2020-11-06,72.8206056814187,-1.95125088537183,0.26628832415062,0.0736750028824621,0.904929528348776
2020-11-13,75.7208440607465,-1.89365825489598,0.265582205938199,0.0732480878767668,0.905333635583723
2020-11-20,84.4593923836061,-1.83365645750532,0.262751181761658,0.0728104340010742,0.906093684967077
2020-11-27,82.9635430110021,-1.77519412787836,0.265568770734208,0.0726845196671656,0.905803584089655
2020-12-04,84.4276289686021,-1.82113218457853,0.266077423753514,0.0734735165710428,0.905081544521918
2020-12-11,83.4117066957254,-1.83388698360809,0.272048569750012,0.0729556084298686,0.904703514506906
2020-12-18,84.9586503042249,-1.86489324108685,0.282475246960326,0.0735458233686089,0.902838318083486
2020-12-25,73.8197786810072,-1.86953717575501,0.29406322986625,0.0741452802394774,0.900750913752433
2021-01-01,63.8229954549141,-1.79655700906668,0.287362925579995,0.0726892635011902,0.902847460428082
2021-01-08,55.7402658587898,-1.86901585318226,0.186543136070539,0.0666896881508394,0.92112628751934
2021-01-15,58.5405028163707,-1.89692943786815,0.292053397500076,0.0735327212750575,0.901497552060811
2021-01-22,61.9041459622365,-1.95750764815695,0.297854231384297,0.074535507662842,0.899825344591668
2021-01-29,56.4207137926492,-1.80424192867289,0.309360482260961,0.0756257584655441,0.897511916946391
2021-02-05,58.0364876135049,-1.77260347548031,0.277036909098134,0.0732720407111812,0.903683485753273
2021-02-12,63.1538880918212,-1.77489921944137,0.289273354068023,0.0728730139271079,0.902427806696502
2021-02-19,62.8412755484742,-1.78703902211423,0.29277874153702,0.0732020219345648,0.901696236878703
2021-02-26,62.9867672455988,-1.74753550960457,0.289635493840721,0.0720067683963176,0.903137524279302
2021-03-05,59.3593849004734,-1.73445676204039,0.292727510161924,0.0706327962232988,0.903899564388364
2021-03-12,60.2368764311082,-1.75005215733748,0.296810434552858,0.0708883711810175,0.903091347439402
2021-03-19,58.4686017224007,-1.74921228603627,0.311205496398424,0.073111690161173,0.899317681941008
2021-03-26,49.8311137234466,-1.75831746531584,0.320528470700907,0.0745152229705947,0.896918521000592
2021-04-02,43.2732603917646,-1.79181181829417,0.331236875715804,0.0765918765751797,0.893766879387434
2021-04-09,39.6725915611073,-1.78022847570127,0.358868111498583,0.0812327584229059,0.886117245924318
2021-04-16,36.6426452003333,-1.84338856179153,0.355331609850595,0.0809029982058086,0.886851169749583
2021-04-23,33.8331624838158,-1.75907744184025,0.349885957927151,0.0789547988643811,0.889261044280028
2021-04-30,35.6341416489137,-1.70884254905971,0.395480683065702,0.0778416183783769,0.884259719076834
2021-05-07,40.578217436979,-1.71581376863072,0.346669803806046,0.0780490881406118,0.890510305786596
2021-05-14,41.2793668733834,-1.72469200058505,0.357687039023326,0.0795478810222782,0.887787636516848
2021-05-21,43.5403462302784,-1.731794015611,0.375459763105149,0.0770429459628084,0.887554936253531
2021-05-28,31.5430797988713,-1.75276869481169,0.375585523856177,0.0776152240851572,0.887065039785417
2021-06-04,32.0334250672078,-1.80297854494814,0.363871373357192,0.0818516870458119,0.88507860898247
2021-06-11,31.0515641692182,-1.8214853307537,0.360673639188259,0.0809121931675371,0.88631700494507
2021-06-18,29.623050680274,-1.80177462824925,0.357874842497266,0.0798967574376035,0.887520537010887
2021-06-25,32.7236711931861,-1.8590133564556,0.358587116315363,0.0801226675088548,0.887251389950946
2021-07-02,34.009164557927,-1.88669976430748,0.3526471091965,0.0789573952902306,0.888957613717895
2021-07-09,35.4423938805549,-1.91783343686669,0.347680524714988,0.0777814027050447,0.890544746705601
2021-07-16,35.7763163870528,-1.88588978334603,0.351860872745586,0.078227676181304,0.889501285041819
2021-07-23,37.3627891585558,-1.84091499824647,0.351160575323006,0.0779194216945885,0.889856381617775
2021-07-30,38.3211144872368,-1.80671109006207,0.353121835022759,0.0777164414552591,0.889815394116143
2021-08-06,38.1797797111819,-1.78489414806389,0.355910369935548,0.077870225019509,0.889260399090877
2021-08-13,41.4025449923387,-1.84866695226264,0.360783992132319,0.0786693257608094,0.887937787668696
2021-08-20,40.4399842453127,-1.80430712435637,0.362973542305341,0.0786138599905533,0.887692320880171
2021-08-27,43.0289964736973,-1.75388261497025,0.35378580569894,0.077233302311558,0.890082302108284
2021-09-03,43.4642498868225,-1.77124471129566,0.360937224514697,0.078480238937895,0.88804779483293
2021-09-10,36.0021955251589,-1.73925267758327,0.36263850832501,0.0785459347157084,0.887782269467286
2021-09-17,34.6253893776763,-1.6708215108743,0.361823350117014,0.0772960059158866,0.889024736017927
2021-09-24,33.5969267221673,-1.63322966400237,0.363269185999476,0.0767654512040084,0.889312937171743
2021-10-01,33.5453731409581,-1.62207066536738,0.362064422323371,0.0762181929849683,0.889960543246147
2021-10-08,34.0042757968022,-1.64853459498197,0.365245797053261,0.0761369560876765,0.889643737404105
2021-10-15,36.2580750591196,-1.66465809531329,0.365505695274159,0.0777235772571838,0.88821596493446
2021-10-22,34.6476615515107,-1.61558513901941,0.358932682286384,0.0778332219689374,0.889087776744728
2021-10-29,31.6328285430008,-1.60675500843582,0.358541627392159,0.0756217155222115,0.891058439853076
2021-11-05,25.6490205575602,-1.67214107725015,0.349104649867851,0.0779842643410094,0.890200772488341
2021-11-12,27.5035740249307,-1.73793421526062,0.361400380224,0.0796776039919479,0.887139615877319
2021-11-19,25.3883152435378,-1.80510866241452,0.368377696598256,0.0797438572588627,0.886171535772674
2021-11-26,28.401238149718,-1.83309665723614,0.368097129092952,0.0801076119833449,0.885927653921065
2021-12-03,32.4809578883641,-1.80733372413787,0.378221136342426,0.0807979072973837,0.8839660164241
2021-12-10,32.4475305260455,-1.83477089313333,0.374854473434396,0.0809251886389797,0.884302770795585
2021-12-17,33.5869063300438,-1.76976979180248,0.378508906937823,0.0802781601044975,0.884401510492904
2021-12-24,31.2859751545216,-1.78530084092446,0.377038579638354,0.0803812645956368,0.884522386721057
2021-12-31,33.999996823101,-1.70946826319068,0.388104617986985,0.0798641538719433,0.883576762476275
2022-01-07,33.4936616211365,-1.70186647637965,0.38988186184942,0.0797906545767946,0.88341776245027
2022-01-14,37.8815606821907,-1.77882292887322,0.394835671323513,0.0811136318964776,0.881650675611466
2022-01-21,38.3725493892453,-1.78893771448275,0.391998623675668,0.0808845905734979,0.882226963148394
2022-01-28,40.853868710822,-1.72630789806604,0.394902269987517,0.0801473875019491,0.882503544179229
2022-02-04,39.5583530317474,-1.67894902409082,0.389691515369548,0.079328957522049,0.883900317011769
2022-02-11,42.0461715922903,-1.73741230149696,0.407208750104826,0.0807166914081708,0.88035962739731
2022-02-18,44.415316868534,-1.86599903284274,0.41904725106227,0.0830191133688217,0.876929431474699
2022-02-25,47.6419603874613,-2.12764087047662,0.429142859259129,0.0835397923666817,0.87550015973779
2022-03-04,53.3749095112195,-2.06569787309134,0.45744776859295,0.0874883591541086,0.868576165665327
2022-03-11,63.7769638400905,-1.92523687402671,0.464544215156924,0.0890677790489395,0.866251217917774
2022-03-18,66.1168053412263,-1.97959032871574,0.464700479241359,0.0888776662613324,0.866426059675703
2022-03-25,70.9365129791517,-1.97777325354821,0.463913913448243,0.0887653576574521,0.866646196115238
2022-04-01,67.9816154440323,-2.01511140112485,0.468430040424721,0.0889393012857973,0.865942410838504
2022-04-08,66.0923494144034,-2.02748318552344,0.466228668004361,0.0869134536961711,0.867917262978403
2022-04-15,65.539181344567,-2.0244782041518,0.46679858873925,0.0868295909911662,0.867909018874844
2022-04-22,52.3931926708864,-2.09647939192344,0.451591607300804,0.084655020555386,0.871662304652572
2022-04-29,50.9645415421098,-2.15052402869898,0.451926089461676,0.0844723115674714,0.871679342962677
2022-05-06,53.246232609131,-2.10713405363581,0.877843066404537,0.105863428779975,0.79840663704232
2022-05-13,54.4528419920292,-2.10992839972088,0.884237671579352,0.105774989431667,0.797667853486475
2022-05-20,53.3072851054366,-2.0456725030713,0.477538211386867,0.0863220480284757,0.867098667305522
2022-05-27,50.2786024464512,-2.06151141880497,0.472415007125931,0.0860884287833469,0.867642932308401
2022-06-03,56.5405906183089,-2.15614912298285,0.486515073569416,0.0879100869484811,0.864082278199109
2022-06-10,53.3985890169719,-2.08722830062802,0.481625857567115,0.0867641720202945,0.865730767366679
2022-06-17,57.5720550679051,-2.10567739705718,0.477559580652442,0.0857974302641817,0.867057644218789
2022-06-24,48.0911176379032,-2.11905483911504,0.449442264808456,0.0812394356967753,0.874593690277893
2022-07-01,44.5832064172095,-2.19736944834018,0.487643630618029,0.0873189033577733,0.864501544674864
2022-07-08,48.1375338414581,-2.27976613167546,0.489416018694518,0.0877731346321734,0.863854312036622
2022-07-15,39.5890175729896,-2.25484281067758,0.489043021810133,0.0872478458022118,0.8643840787345
2022-07-22,44.6279502630003,-2.21493567471304,0.492407254449083,0.085717588212714,0.865353188856021
2022-07-29,46.7013377608301,-2.22101478713178,0.887017743664095,0.106151076953871,0.797079514377515
2022-08-05,49.5553179695415,-2.17605862896106,0.874274125521262,0.105868809943277,0.798821455051149
2022-08-12,51.3747465158104,-2.2434087470266,0.499131306777699,0.0875583189582854,0.86287060371098
2022-08-19,51.227675131188,-2.30238447483137,0.512451570723363,0.0893982464324878,0.859512071181879
2022-08-26,53.2660696459432,-2.26975860863398,0.521718815442208,0.0897119024097238,0.858047575736944
2022-09-02,54.8968497032734,-2.18526165790495,0.516493021102466,0.0886852672087172,0.859670749831862
2022-09-09,55.3951438972921,-2.15706599209712,0.522209583485733,0.0889414035696642,0.858687546180065
2022-09-16,57.4087715471167,-2.15746444735616,0.518417438423985,0.0888864977287102,0.859273188159445
2022-09-23,56.9708424674504,-2.26500002085578,0.529139367456281,0.0908987277354204,0.856214019953808
2022-09-30,57.6531682943791,-2.21795292333759,0.534522002293998,0.0870922509211718,0.858952602770756
2022-10-07,60.4034638493872,-2.18208639446733,0.524903709148817,0.0886038880622578,0.858710318436373
2022-10-14,56.7281970281409,-2.13695890443242,0.50982771051064,0.0865447788247203,0.862410472365176
2022-10-21,54.6640839223827,-2.09607479613257,0.515625527022713,0.0860772132585644,0.861978481715608
2022-10-28,56.7693248405057,-2.02651983873453,0.534171169430712,0.0879020136776066,0.858102463570829
2022-11-04,56.2199642580552,-1.97158885367142,0.536622187921846,0.0876566420948898,0.857940446386804
2022-11-11,57.59175757227,-1.9352890596405,0.512932114235768,0.0837705996971392,0.86404695259049
2022-11-18,46.4604781327314,-1.88400519193211,0.86828730709314,0.101218495539763,0.803342547064142
2022-11-25,47.2004093174022,-1.89968292272138,0.492817003796088,0.0804715655955212,0.869327167542678
2022-12-02,44.4302181842391,-1.91582104757232,0.494721341699727,0.0802349113789472,0.869257101062283
2022-12-09,44.6896616375637,-1.91904485272966,0.503152012525884,0.0818223057770957,0.866584485245201
2022-12-16,38.4421256760026,-1.82373760377,0.496959629381929,0.0803083538107519,0.868754302349775
2022-12-23,32.5846703151949,-1.82772284429129,0.887850082818764,0.101277269434371,0.800151824248617
2022-12-30,35.8398197514781,-1.76533499731899,0.506408303715892,0.0809047329109379,0.867031973984281
2023-01-06,29.2571009096431,-1.74187062906486,0.513710858043286,0.0815263043369733,0.865512342516349
2023-01-13,36.4763126880669,-1.81439044306374,0.513456500709294,0.0833041375711964,0.864038471592784
2023-01-20,35.9804451405136,-1.74815294481094,0.513413875373619,0.0818399798951769,0.865307910219305
2023-01-27,31.2290567344398,-1.67952414357237,0.516204201640903,0.0808253890649138,0.865880583367882
2023-02-03,34.8166407185849,-1.65047243778573,0.525637541326662,0.0791763585207302,0.866119748314539
2023-02-10,36.5078407938365,-1.59577100431,0.874458059736952,0.0966431784080294,0.806129412720857
2023-02-17,36.211626569055,-1.5559874387562,0.512301690724157,0.0801204986588137,0.866969516035886
2023-02-24,40.152119015065,-1.53237214765922,0.511334188947115,0.0798529942096218,0.867325809370451
2023-03-03,39.1066794197552,-1.5774637095344,0.531288417902074,0.0809314245802809,0.863865572748163
2023-03-10,41.5479704052575,-1.82275915899898,0.551676328078226,0.084768888829291,0.858110046989101
2023-03-17,44.9823897214868,-1.85133421241528,0.538316441313743,0.0833625212512058,0.860991267902317
2023-03-24,52.807501994284,-1.74450324652272,0.546294322145135,0.0833158677167301,0.860090037934011
2023-03-31,47.5779942361348,-1.70406102061725,0.546830145283446,0.0826412523441228,0.860593964048502
2023-04-07,51.6491950364133,-1.66223716885665,0.558539255365205,0.0822729889556634,0.859423450130351
2023-04-14,50.304553258864,-1.62640711048848,0.545862553468959,0.0804250668569467,0.862657849430328
2023-04-21,52.2384926456649,-1.65680352997939,0.545005703366649,0.0798835695465622,0.863212892863844
2023-04-28,42.7726671495206,-1.56977340577001,0.536295613458155,0.0793503438258581,0.864778174639092
2023-05-05,44.9165250498758,-1.51409245366674,0.525733340803151,0.0803660376450021,0.865306381276842
2023-05-12,42.3972387486675,-1.5304841933775,0.531881379902976,0.0810534118756022,0.863967856603371
2023-05-19,40.2181769424147,-1.46057103520576,0.538165565744644,0.0823553549602644,0.862111458023777
2023-05-26,38.9698360095265,-1.45770419681062,0.485823951690952,0.0787627781934651,0.871657765522884
2023-06-02,38.015544433427,-1.45419412889195,0.48050340076156,0.0804978037654334,0.870749738403639
2023-06-09,32.1794412904393,-1.44876965427045,0.474960469950927,0.0795074584543525,0.872292738844842
2023-06-16,27.3661760427763,-1.42413579528749,0.473762145092094,0.0786010833047576,0.873257594788694
2023-06-23,29.0182556833592,-1.36328902984958,0.44002042953787,0.0734611394860373,0.881998913808785
2023-06-30,31.2652631912858,-1.39043796500741,0.453282655470262,0.075829375652596,0.878178348858044
2023-07-07,35.0988648544422,-1.40488473070687,0.463665401187787,0.0765500251848791,0.87623738396352
2023-07-14,34.9186406858454,-1.43959553547421,0.477865819322456,0.0781532932281989,0.873040629898426
2023-07-21,37.4060790480973,-1.38118273883349,0.461101418435116,0.0758352948831291,0.877224326399811
2023-07-28,38.460673790532,-1.45292005163842,0.48220856323508,0.0791178252116003,0.871688418025779
2023-08-04,38.4682099321531,-1.45767372354641,0.880659085127241,0.0988000928132157,0.803399565546719
2023-08-11,36.2077105615992,-1.52398730382499,0.478373848943289,0.0801560525555004,0.871200354594832
2023-08-18,35.1444307593754,-1.47556412137844,0.470668036265024,0.0799815878377486,0.872384193147307
2023-08-25,34.2100889645922,-1.46836365338602,0.457483293239808,0.079546881530158,0.874367821367426
2023-09-01,31.2299770454901,-1.43534280953379,0.46257994398673,0.0789951531937413,0.874221464529268
2023-09-08,30.5709379117476,-1.39771527642664,0.44850961660207,0.077370857666097,0.877351028758851
2023-09-15,33.135672255763,-1.30936489954552,0.427960482746676,0.0756867881780903,0.881507196699327
2023-09-22,35.3995792133291,-1.27584267390907,0.421046121583199,0.0740388519286632,0.88378589275378
2023-09-29,27.5239470328808,-1.21972571347816,0.442810119386425,0.078594735504731,0.877108187514491
2023-10-06,28.1075759148468,-1.1858747968472,0.45090267304906,0.0795781234381658,0.875241679775135
2023-10-13,26.4260439936114,-1.1713279935822,0.457808969033343,0.0794759935045942,0.874445621358907
2023-10-20,26.686031535548,-1.12185526993496,0.446993187962737,0.0808645558115201,0.874742768309727
2023-10-27,28.7282381776236,-1.17269632053569,0.884043162315461,0.100998403841804,0.80119221816636
2023-11-03,23.1660755125348,-1.19988142921489,0.431617092814831,0.0814568269817615,0.876295298274887
2023-11-10,28.6552049639642,-1.11691203833257,0.440290296541878,0.0800690159444463,0.876400083599899
2023-11-17,20.2359605199192,-1.16880484085863,0.87824911609463,0.102205023306336,0.801094515572043
2023-11-24,23.3989002402967,-1.12001407389428,0.879217686489255,0.10202301854215,0.801132344482849
2023-12-01,23.1077345874884,-1.0422142538073,0.437751010892851,0.0787781542556912,0.878015738248009
2023-12-08,25.195239074045,-1.08938250323997,0.448185126953609,0.0813786762066381,0.87439530997504
2023-12-15,24.2595984405524,-1.03787229101095,0.437932320546598,0.0806172190009544,0.876491709742191
2023-12-22,24.1815231913395,-1.07666296961869,0.418102283744998,0.0830422356155071,0.877053040177292
2023-12-29,22.7647649751892,-1.04244838825092,0.408098479276738,0.0792997961339911,0.881371396505455
2024-01-05,18.0494110317466,-1.02200114975383,0.433635838457762,0.0810228424231477,0.876631996089013
2024-01-12,21.0832774866633,-1.04714294490929,0.41474229425745,0.0797018961887396,0.880098350472103
2024-01-19,23.6895298008892,-0.672372650678935,0.579463139193741,0.0837714726309228,0.854979371357995
2024-01-26,23.0982935969628,-0.618782456119788,0.499477112001927,0.0778020692802655,0.870618148004809
2024-02-02,26.3126355214168,-0.481527875871793,0.87783888058367,0.0947149163399899,0.806699788587389
2024-02-09,24.2119316179481,-0.548292263071753,0.875306685043901,0.0948247413488138,0.807059095789983
2024-02-16,29.4721306537073,-0.537323517138168,0.518459950017304,0.0785068489867313,0.867320272996653
2024-02-23,30.9723010865175,-0.340503911371404,0.449568020109589,0.0733365541543631,0.880594521088244
2024-03-01,30.0557447759507,-0.0485169160773671,0.447132651201324,0.0754562416516733,0.878652677044801
2024-03-08,27.3795148056804,-0.199284529035886,0.485029938382614,0.0749727953059284,0.874138044168946
2024-03-15,29.3848329201114,-0.0613648214922887,0.499023002381901,0.0775624616672566,0.869987526817398
2024-03-22,32.5074822535954,-0.102053543689096,0.522295804209285,0.07839796421134,0.866296058699174
2024-03-29,34.5090381879772,-0.0549730693336831,0.509270835946963,0.0779317587975986,0.868348840246984
2024-04-05,36.4597225590334,-0.0553507135974996,0.516813999730701,0.0782870480506481,0.867047952797018
2024-04-12,35.259456723674,-0.117615583594722,0.529512522301432,0.0779969988307879,0.86573729676282
2024-04-19,36.790577301089,-0.0633414002204868,0.533632928384104,0.0797234221706603,0.86352942683336
2024-04-26,37.0986965582245,0.0737457062132102,0.519214378699372,0.0779061013392894,0.866891122539712
2024-05-03,39.1607653283443,0.30395858265604,0.485037765096872,0.0735371019610318,0.874999370913395
2024-05-10,39.5207380739655,0.14438332406397,0.520276365928546,0.0754484056785724,0.868670007841804
2024-05-17,40.417022484497,0.150038165339317,0.517285057039133,0.0750907643313887,0.869342273924383
2024-05-24,41.3432515903288,0.230421455691913,0.41230207394944,0.0611728974777976,0.895090325054275
2024-05-31,41.1563049529124,0.440565874283294,0.41843583903268,0.0664189396964191,0.889587282935402
2024-06-07,34.3731894412248,0.29144416644121,0.438590467501537,0.0662047589278224,0.887248014923273
2024-06-14,32.3587917694229,0.551618219693893,0.413661360876955,0.0643002885607192,0.891936803409985
2024-06-21,37.0760607987411,0.3196236499336,0.3917071237849,0.0613220797670753,0.89710293468648
2024-06-28,36.1640907526752,0.235023095201382,0.392463713727295,0.0586513055782649,0.899278102393711
2024-07-05,33.8238830153726,0.152979083760821,0.410651012696797,0.0617210104179271,0.894225672974219
2024-07-12,36.1424766991973,0.055830645364648,0.415058144671577,0.0625279466507719,0.892946195576288
2024-07-19,34.0393944742649,-0.00172062752843617,0.419624406992701,0.0626128301743895,0.892286599406758
2024-07-26,31.6326877702345,-0.226898841129945,0.452940191604332,0.060077739123014,0.890282617972705
2024-08-02,31.4626272130762,-0.195308801310814,0.431586339893317,0.0602748770127746,0.892892235588484
2024-08-09,36.6284598425958,-0.200479855039999,0.433065017273634,0.0595615643431516,0.893317692959716
2024-08-16,32.3596077249678,-0.280020889157103,0.429736975357681,0.0529251357091872,0.899615834065874
2024-08-23,34.4855424555161,-0.149665545327066,0.424165662726999,0.0595362961137177,0.89443767967738
2024-08-30,35.7949894174732,-0.277118108073758,0.427676730449107,0.0500425480468262,0.902280336527866
2024-09-06,35.1895830847486,-0.262290773390986,0.438706980651783,0.0555991986695862,0.895997472197286
2024-09-13,37.7957889107365,-0.259958298785728,0.411929247083465,0.0525413291587852,0.902106686850682
2024-09-20,38.0895267425437,-0.278215589744188,0.425166384467198,0.0493958339322792,0.903147888592372
2024-09-27,38.7996538391216,-0.253779561574682,0.437916769685465,0.0563677467310744,0.895428924641189
2024-10-04,37.9811358712246,-0.209666394658691,0.436350565698243,0.0586422608166401,0.893615777778159
2024-10-11,38.7175482139145,-0.198213781570696,0.439228106741414,0.0593596549975596,0.892582750951447
2024-10-18,38.2530837844647,-0.173117933029561,0.434017378372159,0.0594250107492761,0.893201658573744
2024-10-25,38.4703855571767,-0.273487436449047,0.421673238649973,0.0501565062592788,0.902888934439314
2024-11-01,38.8458729533786,-0.373628510315514,0.468487519794189,0.0595150152467471,0.888601606825747
2024-11-08,39.9698863394236,-0.395449272246098,0.472402375251163,0.0594457950224853,0.888147310136913
2024-11-15,41.0332616386186,-0.520018541154425,0.53046371174694,0.0631659914958246,0.877351270350814
2024-11-22,40.5989510131602,-0.537845980390524,0.537347678124355,0.0634637506421791,0.876154012252051
2024-11-29,42.6663271887275,-0.514242429397187,0.522873281484469,0.062621166942926,0.878795359415278
2024-12-06,39.6703950354209,-0.555399483905775,0.567906767956897,0.0637314459744197,0.871932267770038
2024-12-13,41.9921313760611,-0.554601631184554,0.566513148452616,0.0638356190570597,0.872046777902696
2024-12-20,40.3025184872354,-0.546167808340938,0.547763488083798,0.0637740966664533,0.874527385750968
2024-12-27,41.4052414842303,-0.587021077562853,0.553536325426208,0.0642712271766452,0.873419023977225
2025-01-03,40.2076837586452,-0.531197319566557,0.526536459389639,0.0629225750770537,0.878037704065595
2025-01-10,35.1401737351432,-0.433519507354386,0.475051324389086,0.0576205094220731,0.889353371443426
2025-01-17,36.8781253376366,-0.466945545952829,0.497754318291186,0.0588487571704143,0.885313541476791
2025-01-24,39.0475223975189,-0.469743851439612,0.499552940846322,0.0578041556754205,0.885933678275033
2025-01-31,39.7782270850531,-0.407710977989707,0.474895275297927,0.0592440562694182,0.887954469363027
2025-02-07,38.6448587271523,-0.292642026641506,0.436297143041017,0.0554464325258291,0.896407571210028
2025-02-14,40.3634193025782,-0.29478267616275,0.437396248165291,0.055725672780385,0.896020024497931
2025-02-21,40.9658742737681,-0.289938627825638,0.438276287958487,0.0552888761968244,0.896332596767741
2025-02-28,40.9661790063276,-0.184678838749455,0.440004180100974,0.0594914886492766,0.892399608300202
2025-03-07,42.7146890085151,-0.179866616263993,0.43278580721084,0.0589438674707343,0.893787807363765
2025-03-14,44.2789250210748,-0.201476632517035,0.432959739199684,0.0584283489805217,0.894240466715008
2025-03-21,41.9370384824169,-0.154993683993891,0.436241822468832,0.0598747616881512,0.892564157789385
2025-03-28,40.2488143376668,-0.326097915944004,0.453953809532104,0.05803225009465,0.892069668698384
2025-04-04,39.5164950280553,-0.34833117696404,0.461641912421418,0.0587973087740306,0.890402815283017
2025-04-11,45.17068511923,-0.275133829259867,0.465942628029863,0.0587494854973566,0.88974477658589
2025-04-18,43.4556138541993,-0.286244648255099,0.47270918470444,0.0608466980416967,0.887082500731714
2025-04-25,45.747899770655,-0.198551847997443,0.462856641691334,0.0632845192161127,0.886182661561607
2025-05-02,47.5830088450329,-0.0763296785577321,0.445142263126492,0.0632697365024691,0.88849792411057
2025-05-09,47.1153733163655,0.0154702020672611,0.43296269857813,0.0627160933110361,0.890589957874075
2025-05-16,47.3471957386444,0.109637716824328,0.421136837947581,0.0616168542897771,0.893086213067092
2025-05-23,48.1307295414822,0.103679498048403,0.41979460058223,0.0613691745489535,0.893449025469487
2025-05-30,46.2810593320109,0.0587955442897866,0.433410145319241,0.0625416012559223,0.890686056557783
2025-06-06,43.9635577973357,0.0596611279415169,0.436144729627535,0.0627995125735279,0.890137340970755
2025-06-13,42.6357000457099,-0.0480726299307691,0.480706842890967,0.0662491590914519,0.88137422653829
2025-06-20,43.5469927753708,-0.0332568477635904,0.841588608695942,0.0810292511342127,0.820819684383522
2025-06-27,39.264642115653,NA,NA,NA,NA
