"Date","sigma_hat","mu","w","a1","b1","lam_Euribor6m_1"
2000-01-14,37.0984319212347,NA,NA,NA,NA,NA
2000-01-21,36.1132373765878,NA,NA,NA,NA,NA
2000-01-28,37.3819100401969,NA,NA,NA,NA,NA
2000-02-04,38.1118441767335,NA,NA,NA,NA,NA
2000-02-11,31.4666548242737,NA,NA,NA,NA,NA
2000-02-18,31.3538187191112,NA,NA,NA,NA,NA
2000-02-25,32.068750134049,NA,NA,NA,NA,NA
2000-03-03,32.1462083234882,NA,NA,NA,NA,NA
2000-03-10,32.3104831144226,NA,NA,NA,NA,NA
2000-03-17,31.7116320422227,NA,NA,NA,NA,NA
2000-03-24,32.1151240929203,NA,NA,NA,NA,NA
2000-03-31,29.9590563510449,NA,NA,NA,NA,NA
2000-04-07,30.6923705888564,NA,NA,NA,NA,NA
2000-04-14,32.6302366075269,NA,NA,NA,NA,NA
2000-04-21,28.3274782250944,NA,NA,NA,NA,NA
2000-04-28,28.7943520539988,NA,NA,NA,NA,NA
2000-05-05,28.7099043195141,NA,NA,NA,NA,NA
2000-05-12,28.6357656699146,NA,NA,NA,NA,NA
2000-05-19,28.5498302296417,NA,NA,NA,NA,NA
2000-05-26,24.7861205341989,NA,NA,NA,NA,NA
2000-06-02,25.4589523492575,NA,NA,NA,NA,NA
2000-06-09,27.6407891141001,NA,NA,NA,NA,NA
2000-06-16,26.6110578341758,NA,NA,NA,NA,NA
2000-06-23,22.3974894209565,NA,NA,NA,NA,NA
2000-06-30,23.3535124132004,NA,NA,NA,NA,NA
2000-07-07,24.503584356179,NA,NA,NA,NA,NA
2000-07-14,25.2067244169113,NA,NA,NA,NA,NA
2000-07-21,22.8452368754178,NA,NA,NA,NA,NA
2000-07-28,23.0597006556444,NA,NA,NA,NA,NA
2000-08-04,19.052306376992,NA,NA,NA,NA,NA
2000-08-11,19.3464973246833,NA,NA,NA,NA,NA
2000-08-18,21.0097208649413,NA,NA,NA,NA,NA
2000-08-25,21.3241898614674,NA,NA,NA,NA,NA
2000-09-01,20.1081821580049,NA,NA,NA,NA,NA
2000-09-08,19.9268019508033,NA,NA,NA,NA,NA
2000-09-15,19.7623648408029,NA,NA,NA,NA,NA
2000-09-22,20.0574849105091,NA,NA,NA,NA,NA
2000-09-29,21.5418119373248,NA,NA,NA,NA,NA
2000-10-06,22.5161390723567,NA,NA,NA,NA,NA
2000-10-13,20.4968996478389,NA,NA,NA,NA,NA
2000-10-20,22.9627860335144,NA,NA,NA,NA,NA
2000-10-27,24.4348504896005,NA,NA,NA,NA,NA
2000-11-03,22.9745832783246,NA,NA,NA,NA,NA
2000-11-10,25.3038028042202,NA,NA,NA,NA,NA
2000-11-17,26.4598982527509,NA,NA,NA,NA,NA
2000-11-24,23.5737367310552,NA,NA,NA,NA,NA
2000-12-01,25.3211522072209,NA,NA,NA,NA,NA
2000-12-08,26.2586267717275,NA,NA,NA,NA,NA
2000-12-15,27.1327987189752,NA,NA,NA,NA,NA
2000-12-22,28.2265680061171,NA,NA,NA,NA,NA
2000-12-29,27.7620038216659,NA,NA,NA,NA,NA
2001-01-05,29.3488619336947,NA,NA,NA,NA,NA
2001-01-12,30.617128510983,NA,NA,NA,NA,NA
2001-01-19,31.1664318525223,NA,NA,NA,NA,NA
2001-01-26,28.3323393189705,NA,NA,NA,NA,NA
2001-02-02,27.5617316620013,NA,NA,NA,NA,NA
2001-02-09,27.9060104086331,NA,NA,NA,NA,NA
2001-02-16,23.3679500257481,NA,NA,NA,NA,NA
2001-02-23,23.0828686640119,NA,NA,NA,NA,NA
2001-03-02,25.2517992350403,NA,NA,NA,NA,NA
2001-03-09,24.8575435051832,NA,NA,NA,NA,NA
2001-03-16,25.5126843531803,NA,NA,NA,NA,NA
2001-03-23,28.0771569842825,NA,NA,NA,NA,NA
2001-03-30,30.062642453989,NA,NA,NA,NA,NA
2001-04-06,33.044690819238,NA,NA,NA,NA,NA
2001-04-13,31.958747519765,NA,NA,NA,NA,NA
2001-04-20,33.3529786526346,NA,NA,NA,NA,NA
2001-04-27,30.6602038530786,NA,NA,NA,NA,NA
2001-05-04,31.5042602868309,NA,NA,NA,NA,NA
2001-05-11,31.5730410931879,NA,NA,NA,NA,NA
2001-05-18,32.3130104521135,NA,NA,NA,NA,NA
2001-05-25,31.3651683672437,NA,NA,NA,NA,NA
2001-06-01,31.4957813315708,NA,NA,NA,NA,NA
2001-06-08,31.11724696003,NA,NA,NA,NA,NA
2001-06-15,30.1797914997409,NA,NA,NA,NA,NA
2001-06-22,31.3558278283818,NA,NA,NA,NA,NA
2001-06-29,28.1012985075646,NA,NA,NA,NA,NA
2001-07-06,24.5991051172223,NA,NA,NA,NA,NA
2001-07-13,26.4003533597695,NA,NA,NA,NA,NA
2001-07-20,26.9653692031563,NA,NA,NA,NA,NA
2001-07-27,28.0678709179842,NA,NA,NA,NA,NA
2001-08-03,28.1432690482922,NA,NA,NA,NA,NA
2001-08-10,29.2216789306909,NA,NA,NA,NA,NA
2001-08-17,30.7218408808359,NA,NA,NA,NA,NA
2001-08-24,28.3256053351044,NA,NA,NA,NA,NA
2001-08-31,30.1823325795688,NA,NA,NA,NA,NA
2001-09-07,30.8446208852793,NA,NA,NA,NA,NA
2001-09-14,33.8036793119158,NA,NA,NA,NA,NA
2001-09-21,38.0861141448638,NA,NA,NA,NA,NA
2001-09-28,42.5420200318479,NA,NA,NA,NA,NA
2001-10-05,47.6049202811173,NA,NA,NA,NA,NA
2001-10-12,43.5694164726925,NA,NA,NA,NA,NA
2001-10-19,44.1698111895254,NA,NA,NA,NA,NA
2001-10-26,44.6832636599409,NA,NA,NA,NA,NA
2001-11-02,46.9963034572218,NA,NA,NA,NA,NA
2001-11-09,46.7483404238244,NA,NA,NA,NA,NA
2001-11-16,48.3728631284788,NA,NA,NA,NA,NA
2001-11-23,49.9646842204666,NA,NA,NA,NA,NA
2001-11-30,47.7867597181562,NA,NA,NA,NA,NA
2001-12-07,48.650746157128,NA,NA,NA,NA,NA
2001-12-14,50.0689729159886,NA,NA,NA,NA,NA
2001-12-21,52.2931429313305,NA,NA,NA,NA,NA
2001-12-28,50.7551947243184,NA,NA,NA,NA,NA
2002-01-04,50.7148589299792,NA,NA,NA,NA,NA
2002-01-11,49.3311514621646,NA,NA,NA,NA,NA
2002-01-18,49.0112801678107,NA,NA,NA,NA,NA
2002-01-25,46.37540991291,NA,NA,NA,NA,NA
2002-02-01,46.2685354492079,NA,NA,NA,NA,NA
2002-02-08,38.9593268468006,NA,NA,NA,NA,NA
2002-02-15,41.3779599122694,NA,NA,NA,NA,NA
2002-02-22,41.180442801383,NA,NA,NA,NA,NA
2002-03-01,42.0939339612242,NA,NA,NA,NA,NA
2002-03-08,44.7318199429869,NA,NA,NA,NA,NA
2002-03-15,45.5380372655818,NA,NA,NA,NA,NA
2002-03-22,43.6719401767878,NA,NA,NA,NA,NA
2002-03-29,42.6548772108682,NA,NA,NA,NA,NA
2002-04-05,41.883215206603,NA,NA,NA,NA,NA
2002-04-12,40.779165122412,NA,NA,NA,NA,NA
2002-04-19,35.8595291738337,NA,NA,NA,NA,NA
2002-04-26,37.9347104879699,NA,NA,NA,NA,NA
2002-05-03,38.5588342780659,NA,NA,NA,NA,NA
2002-05-10,37.5436658417924,NA,NA,NA,NA,NA
2002-05-17,36.4793525044501,NA,NA,NA,NA,NA
2002-05-24,36.6565942019115,NA,NA,NA,NA,NA
2002-05-31,37.5664530261966,NA,NA,NA,NA,NA
2002-06-07,34.2949972308159,NA,NA,NA,NA,NA
2002-06-14,36.2337474207342,NA,NA,NA,NA,NA
2002-06-21,38.5694724522023,NA,NA,NA,NA,NA
2002-06-28,37.4574063400015,NA,NA,NA,NA,NA
2002-07-05,37.0032081775114,NA,NA,NA,NA,NA
2002-07-12,34.0659025487076,NA,NA,NA,NA,NA
2002-07-19,37.2916312387185,NA,NA,NA,NA,NA
2002-07-26,39.9574913461108,NA,NA,NA,NA,NA
2002-08-02,42.3918554800692,NA,NA,NA,NA,NA
2002-08-09,39.9077858044998,NA,NA,NA,NA,NA
2002-08-16,42.7726242746763,NA,NA,NA,NA,NA
2002-08-23,40.2685694602876,NA,NA,NA,NA,NA
2002-08-30,42.2633773667346,NA,NA,NA,NA,NA
2002-09-06,43.0040222358047,NA,NA,NA,NA,NA
2002-09-13,45.216452130652,NA,NA,NA,NA,NA
2002-09-20,45.5192073952512,NA,NA,NA,NA,NA
2002-09-27,49.1373041046082,NA,NA,NA,NA,NA
2002-10-04,50.4683106111424,NA,NA,NA,NA,NA
2002-10-11,54.4966612202642,NA,NA,NA,NA,NA
2002-10-18,56.9922411662383,NA,NA,NA,NA,NA
2002-10-25,60.8686137979143,NA,NA,NA,NA,NA
2002-11-01,60.4707138380193,NA,NA,NA,NA,NA
2002-11-08,59.0923880411349,NA,NA,NA,NA,NA
2002-11-15,49.7822644395011,NA,NA,NA,NA,NA
2002-11-22,50.5909135825287,NA,NA,NA,NA,NA
2002-11-29,53.0161596066335,NA,NA,NA,NA,NA
2002-12-06,51.8127189765867,NA,NA,NA,NA,NA
2002-12-13,53.7675452303671,NA,NA,NA,NA,NA
2002-12-20,54.6794923804683,NA,NA,NA,NA,NA
2002-12-27,53.1685728831921,NA,NA,NA,NA,NA
2003-01-03,52.7820945133355,NA,NA,NA,NA,NA
2003-01-10,54.7342001713605,NA,NA,NA,NA,NA
2003-01-17,44.8643733409213,NA,NA,NA,NA,NA
2003-01-24,45.9168253639339,NA,NA,NA,NA,NA
2003-01-31,48.3603393799392,NA,NA,NA,NA,NA
2003-02-07,46.0781549245032,NA,NA,NA,NA,NA
2003-02-14,46.1840208025845,NA,NA,NA,NA,NA
2003-02-21,47.335716966166,NA,NA,NA,NA,NA
2003-02-28,38.1411916919197,NA,NA,NA,NA,NA
2003-03-07,37.7656403925003,NA,NA,NA,NA,NA
2003-03-14,40.3252142680106,NA,NA,NA,NA,NA
2003-03-21,42.3962393122076,NA,NA,NA,NA,NA
2003-03-28,45.2605341499796,NA,NA,NA,NA,NA
2003-04-04,47.4329091992461,NA,NA,NA,NA,NA
2003-04-11,49.322333986575,NA,NA,NA,NA,NA
2003-04-18,48.2314590299383,NA,NA,NA,NA,NA
2003-04-25,49.0779949800698,NA,NA,NA,NA,NA
2003-05-02,43.4177192119327,NA,NA,NA,NA,NA
2003-05-09,43.3060683611224,NA,NA,NA,NA,NA
2003-05-16,38.9977749867817,NA,NA,NA,NA,NA
2003-05-23,39.4608257586619,NA,NA,NA,NA,NA
2003-05-30,40.9016769830981,NA,NA,NA,NA,NA
2003-06-06,42.118460125944,NA,NA,NA,NA,NA
2003-06-13,43.7805885683361,NA,NA,NA,NA,NA
2003-06-20,43.4272466686928,NA,NA,NA,NA,NA
2003-06-27,43.7865646992733,NA,NA,NA,NA,NA
2003-07-04,43.2912356457526,NA,NA,NA,NA,NA
2003-07-11,41.9084067918237,NA,NA,NA,NA,NA
2003-07-18,41.9140351597123,NA,NA,NA,NA,NA
2003-07-25,38.7730121977047,NA,NA,NA,NA,NA
2003-08-01,36.5882059501704,NA,NA,NA,NA,NA
2003-08-08,36.8842723183225,NA,NA,NA,NA,NA
2003-08-15,36.7253488155446,NA,NA,NA,NA,NA
2003-08-22,37.7510951663373,NA,NA,NA,NA,NA
2003-08-29,35.750602314159,NA,NA,NA,NA,NA
2003-09-05,35.6819154593253,NA,NA,NA,NA,NA
2003-09-12,36.3365169514338,NA,NA,NA,NA,NA
2003-09-19,36.1530729373924,NA,NA,NA,NA,NA
2003-09-26,37.0262918422405,NA,NA,NA,NA,NA
2003-10-03,38.8843026973662,NA,NA,NA,NA,NA
2003-10-10,39.5385853167916,NA,NA,NA,NA,NA
2003-10-17,38.0994470104514,NA,NA,NA,NA,NA
2003-10-24,37.9218988293697,NA,NA,NA,NA,NA
2003-10-31,38.3644053245298,NA,NA,NA,NA,NA
2003-11-07,40.3348806570456,NA,NA,NA,NA,NA
2003-11-14,40.6849730626515,NA,NA,NA,NA,NA
2003-11-21,37.2850725978547,NA,NA,NA,NA,NA
2003-11-28,37.6461536639895,NA,NA,NA,NA,NA
2003-12-05,38.7711345616743,NA,NA,NA,NA,NA
2003-12-12,39.4240131611043,NA,NA,NA,NA,NA
2003-12-19,36.1044529850972,NA,NA,NA,NA,NA
2003-12-26,34.8824155437874,NA,NA,NA,NA,NA
2004-01-02,25.3534076302119,NA,NA,NA,NA,NA
2004-01-09,26.6418863255482,NA,NA,NA,NA,NA
2004-01-16,25.4373652511414,NA,NA,NA,NA,NA
2004-01-23,25.5636982082041,NA,NA,NA,NA,NA
2004-01-30,25.5014903730193,NA,NA,NA,NA,NA
2004-02-06,26.1769307215026,NA,NA,NA,NA,NA
2004-02-13,21.0702634183655,NA,NA,NA,NA,NA
2004-02-20,20.8698159085805,NA,NA,NA,NA,NA
2004-02-27,20.6119133272565,NA,NA,NA,NA,NA
2004-03-05,20.1328830553276,NA,NA,NA,NA,NA
2004-03-12,20.5157181145483,NA,NA,NA,NA,NA
2004-03-19,21.9067814944517,NA,NA,NA,NA,NA
2004-03-26,22.7590880093156,NA,NA,NA,NA,NA
2004-04-02,19.4840807824908,NA,NA,NA,NA,NA
2004-04-09,21.1100191166561,NA,NA,NA,NA,NA
2004-04-16,21.5672269560431,NA,NA,NA,NA,NA
2004-04-23,21.682790238197,NA,NA,NA,NA,NA
2004-04-30,21.4387753821426,NA,NA,NA,NA,NA
2004-05-07,22.7013195105825,NA,NA,NA,NA,NA
2004-05-14,23.5644478993808,NA,NA,NA,NA,NA
2004-05-21,23.7389577505341,NA,NA,NA,NA,NA
2004-05-28,23.3474891035671,NA,NA,NA,NA,NA
2004-06-04,22.7394329521254,NA,NA,NA,NA,NA
2004-06-11,23.3735585041134,NA,NA,NA,NA,NA
2004-06-18,22.4580509295585,NA,NA,NA,NA,NA
2004-06-25,22.3955501343423,NA,NA,NA,NA,NA
2004-07-02,22.2605782849245,NA,NA,NA,NA,NA
2004-07-09,22.1805309158638,NA,NA,NA,NA,NA
2004-07-16,21.9693431539776,NA,NA,NA,NA,NA
2004-07-23,22.6757560407009,NA,NA,NA,NA,NA
2004-07-30,22.9046666276438,NA,NA,NA,NA,NA
2004-08-06,23.6648249090101,NA,NA,NA,NA,NA
2004-08-13,24.587122335629,NA,NA,NA,NA,NA
2004-08-20,24.4470295119933,NA,NA,NA,NA,NA
2004-08-27,24.9149945341224,NA,NA,NA,NA,NA
2004-09-03,26.2407763952912,NA,NA,NA,NA,NA
2004-09-10,27.005091253687,NA,NA,NA,NA,NA
2004-09-17,25.1504257425686,NA,NA,NA,NA,NA
2004-09-24,26.0253989167181,NA,NA,NA,NA,NA
2004-10-01,25.878665391686,NA,NA,NA,NA,NA
2004-10-08,26.4795520648983,NA,NA,NA,NA,NA
2004-10-15,26.8708678304233,NA,NA,NA,NA,NA
2004-10-22,25.4691799351086,NA,NA,NA,NA,NA
2004-10-29,24.8409020825551,NA,NA,NA,NA,NA
2004-11-05,24.6921342129089,NA,NA,NA,NA,NA
2004-11-12,25.6242930750029,NA,NA,NA,NA,NA
2004-11-19,24.6885295543691,NA,NA,NA,NA,NA
2004-11-26,19.3214161644724,NA,NA,NA,NA,NA
2004-12-03,18.9585320078255,NA,NA,NA,NA,NA
2004-12-10,18.526767964685,NA,NA,NA,NA,NA
2004-12-17,16.6933988232934,NA,NA,NA,NA,NA
2004-12-24,16.6736104669525,NA,NA,NA,NA,NA
2004-12-31,17.3421470682633,NA,NA,NA,NA,NA
2005-01-07,16.6436717456898,NA,NA,NA,NA,NA
2005-01-14,17.685854968605,NA,NA,NA,NA,NA
2005-01-21,17.4991426786749,NA,NA,NA,NA,NA
2005-01-28,16.7808372750007,NA,NA,NA,NA,NA
2005-02-04,16.0137618721442,NA,NA,NA,NA,NA
2005-02-11,17.0175292745025,NA,NA,NA,NA,NA
2005-02-18,17.9305539818573,NA,NA,NA,NA,NA
2005-02-25,16.8194385963041,NA,NA,NA,NA,NA
2005-03-04,15.8650247352266,NA,NA,NA,NA,NA
2005-03-11,16.6183457323315,NA,NA,NA,NA,NA
2005-03-18,16.7651602636896,NA,NA,NA,NA,NA
2005-03-25,17.105719649202,NA,NA,NA,NA,NA
2005-04-01,16.8082997099454,NA,NA,NA,NA,NA
2005-04-08,14.0264560215904,NA,NA,NA,NA,NA
2005-04-15,14.7866968538387,NA,NA,NA,NA,NA
2005-04-22,15.8214902356713,NA,NA,NA,NA,NA
2005-04-29,16.3600917047287,NA,NA,NA,NA,NA
2005-05-06,17.2165669774132,NA,NA,NA,NA,NA
2005-05-13,18.3715399734074,NA,NA,NA,NA,NA
2005-05-20,16.851209304422,NA,NA,NA,NA,NA
2005-05-27,17.4253700049293,NA,NA,NA,NA,NA
2005-06-03,17.1299181865901,NA,NA,NA,NA,NA
2005-06-10,17.261109332243,NA,NA,NA,NA,NA
2005-06-17,17.7416408777378,NA,NA,NA,NA,NA
2005-06-24,18.4658410885875,NA,NA,NA,NA,NA
2005-07-01,18.7394049405474,NA,NA,NA,NA,NA
2005-07-08,19.3107050319704,NA,NA,NA,NA,NA
2005-07-15,18.3356259096374,NA,NA,NA,NA,NA
2005-07-22,19.5040821285003,NA,NA,NA,NA,NA
2005-07-29,20.3570781804472,NA,NA,NA,NA,NA
2005-08-05,18.5772558882039,NA,NA,NA,NA,NA
2005-08-12,18.249047690658,NA,NA,NA,NA,NA
2005-08-19,18.6939499478252,NA,NA,NA,NA,NA
2005-08-26,17.6567882210138,NA,NA,NA,NA,NA
2005-09-02,18.8174543544509,NA,NA,NA,NA,NA
2005-09-09,19.5604246930093,NA,NA,NA,NA,NA
2005-09-16,20.883625086095,NA,NA,NA,NA,NA
2005-09-23,19.9399506064698,NA,NA,NA,NA,NA
2005-09-30,19.3474964100572,NA,NA,NA,NA,NA
2005-10-07,20.8061046022603,NA,NA,NA,NA,NA
2005-10-14,20.4007382133383,NA,NA,NA,NA,NA
2005-10-21,18.6259449245627,NA,NA,NA,NA,NA
2005-10-28,19.7110423731986,NA,NA,NA,NA,NA
2005-11-04,18.1445303827229,NA,NA,NA,NA,NA
2005-11-11,19.762017795914,NA,NA,NA,NA,NA
2005-11-18,20.8852978719384,NA,NA,NA,NA,NA
2005-11-25,20.4565702634668,NA,NA,NA,NA,NA
2005-12-02,20.6592452844038,NA,NA,NA,NA,NA
2005-12-09,20.5271349258037,NA,NA,NA,NA,NA
2005-12-16,20.0855665368878,NA,NA,NA,NA,NA
2005-12-23,20.5738970387437,NA,NA,NA,NA,NA
2005-12-30,21.3370749395072,NA,NA,NA,NA,NA
2006-01-06,18.8267210974274,NA,NA,NA,NA,NA
2006-01-13,19.7804736985071,NA,NA,NA,NA,NA
2006-01-20,19.412987298245,NA,NA,NA,NA,NA
2006-01-27,20.1651113040312,NA,NA,NA,NA,NA
2006-02-03,21.9370935156324,NA,NA,NA,NA,NA
2006-02-10,21.5088265262304,NA,NA,NA,NA,NA
2006-02-17,22.308091141404,NA,NA,NA,NA,NA
2006-02-24,23.4369208825173,NA,NA,NA,NA,NA
2006-03-03,24.8068479579805,NA,NA,NA,NA,NA
2006-03-10,25.9495042277726,NA,NA,NA,NA,NA
2006-03-17,25.1864758933592,NA,NA,NA,NA,NA
2006-03-24,26.0108734225827,NA,NA,NA,NA,NA
2006-03-31,24.3328453732947,NA,NA,NA,NA,NA
2006-04-07,23.2026541912946,NA,NA,NA,NA,NA
2006-04-14,20.1914096947624,NA,NA,NA,NA,NA
2006-04-21,21.0572657724178,NA,NA,NA,NA,NA
2006-04-28,22.0971269477835,NA,NA,NA,NA,NA
2006-05-05,20.7573190536753,NA,NA,NA,NA,NA
2006-05-12,20.6637589655498,NA,NA,NA,NA,NA
2006-05-19,20.9630884180185,NA,NA,NA,NA,NA
2006-05-26,22.6587177601022,NA,NA,NA,NA,NA
2006-06-02,21.1171505884855,NA,NA,NA,NA,NA
2006-06-09,21.7315135489914,NA,NA,NA,NA,NA
2006-06-16,23.5029600983651,NA,NA,NA,NA,NA
2006-06-23,23.8220384268688,NA,NA,NA,NA,NA
2006-06-30,24.9527884245043,NA,NA,NA,NA,NA
2006-07-07,26.2885740226607,NA,NA,NA,NA,NA
2006-07-14,25.6046299469383,NA,NA,NA,NA,NA
2006-07-21,27.3572635152005,NA,NA,NA,NA,NA
2006-07-28,27.5226579988421,NA,NA,NA,NA,NA
2006-08-04,29.563890176891,NA,NA,NA,NA,NA
2006-08-11,29.1038094287085,NA,NA,NA,NA,NA
2006-08-18,28.0892302483321,NA,NA,NA,NA,NA
2006-08-25,29.7030343619642,NA,NA,NA,NA,NA
2006-09-01,24.8608265628014,NA,NA,NA,NA,NA
2006-09-08,25.2859108238321,NA,NA,NA,NA,NA
2006-09-15,25.7975856595629,NA,NA,NA,NA,NA
2006-09-22,26.8795582619517,NA,NA,NA,NA,NA
2006-09-29,25.3347991623556,NA,NA,NA,NA,NA
2006-10-06,25.6423770755139,NA,NA,NA,NA,NA
2006-10-13,26.664754631303,NA,NA,NA,NA,NA
2006-10-20,27.4960020762759,NA,NA,NA,NA,NA
2006-10-27,27.4137180771753,NA,NA,NA,NA,NA
2006-11-03,25.5496572316898,NA,NA,NA,NA,NA
2006-11-10,24.4104152172855,NA,NA,NA,NA,NA
2006-11-17,24.8543071697325,NA,NA,NA,NA,NA
2006-11-24,23.1806448547656,NA,NA,NA,NA,NA
2006-12-01,22.2986609480387,NA,NA,NA,NA,NA
2006-12-08,23.6233605234952,NA,NA,NA,NA,NA
2006-12-15,24.1521868339395,NA,NA,NA,NA,NA
2006-12-22,25.4636647039548,NA,NA,NA,NA,NA
2006-12-29,24.9277848221719,NA,NA,NA,NA,NA
2007-01-05,25.0980584111449,NA,NA,NA,NA,NA
2007-01-12,25.7363279252823,NA,NA,NA,NA,NA
2007-01-19,25.9659993275506,NA,NA,NA,NA,NA
2007-01-26,24.4705149301982,NA,NA,NA,NA,NA
2007-02-02,22.1803751607294,NA,NA,NA,NA,NA
2007-02-09,23.0387002238131,NA,NA,NA,NA,NA
2007-02-16,22.4246245273013,NA,NA,NA,NA,NA
2007-02-23,22.0080876634984,NA,NA,NA,NA,NA
2007-03-02,18.754693286595,NA,NA,NA,NA,NA
2007-03-09,20.9316590434906,NA,NA,NA,NA,NA
2007-03-16,22.0942035057283,NA,NA,NA,NA,NA
2007-03-23,23.8918187503521,NA,NA,NA,NA,NA
2007-03-30,26.3697307802699,NA,NA,NA,NA,NA
2007-04-06,26.0071092472141,NA,NA,NA,NA,NA
2007-04-13,26.5170415254587,NA,NA,NA,NA,NA
2007-04-20,26.6840620500036,NA,NA,NA,NA,NA
2007-04-27,28.5379184462369,NA,NA,NA,NA,NA
2007-05-04,28.0182527837179,NA,NA,NA,NA,NA
2007-05-11,27.6348107176109,NA,NA,NA,NA,NA
2007-05-18,26.1861529696744,NA,NA,NA,NA,NA
2007-05-25,25.5627645827148,NA,NA,NA,NA,NA
2007-06-01,26.600218899258,NA,NA,NA,NA,NA
2007-06-08,25.9592140467371,NA,NA,NA,NA,NA
2007-06-15,27.7432995565881,NA,NA,NA,NA,NA
2007-06-22,29.2053365749093,NA,NA,NA,NA,NA
2007-06-29,30.0954975366937,NA,NA,NA,NA,NA
2007-07-06,29.3413475603216,NA,NA,NA,NA,NA
2007-07-13,28.9301723117073,NA,NA,NA,NA,NA
2007-07-20,27.1942904369884,NA,NA,NA,NA,NA
2007-07-27,27.5616610426807,NA,NA,NA,NA,NA
2007-08-03,29.5286025673555,NA,NA,NA,NA,NA
2007-08-10,26.5084368028407,NA,NA,NA,NA,NA
2007-08-17,27.4894790092798,NA,NA,NA,NA,NA
2007-08-24,25.5630183601175,NA,NA,NA,NA,NA
2007-08-31,25.2986807551588,NA,NA,NA,NA,NA
2007-09-07,22.6046417081159,NA,NA,NA,NA,NA
2007-09-14,24.4337301268246,NA,NA,NA,NA,NA
2007-09-21,21.184878045783,NA,NA,NA,NA,NA
2007-09-28,22.8047144945047,NA,NA,NA,NA,NA
2007-10-05,22.2760341651041,NA,NA,NA,NA,NA
2007-10-12,24.5144418919125,NA,NA,NA,NA,NA
2007-10-19,24.7207933981597,NA,NA,NA,NA,NA
2007-10-26,26.2639325972373,NA,NA,NA,NA,NA
2007-11-02,26.3057717247618,NA,NA,NA,NA,NA
2007-11-09,26.3755062460621,NA,NA,NA,NA,NA
2007-11-16,28.7660778321128,NA,NA,NA,NA,NA
2007-11-23,29.4678651714805,NA,NA,NA,NA,NA
2007-11-30,29.8616687222075,NA,NA,NA,NA,NA
2007-12-07,32.2558328261484,NA,NA,NA,NA,NA
2007-12-14,32.1958222181275,NA,NA,NA,NA,NA
2007-12-21,33.2061505984976,NA,NA,NA,NA,NA
2007-12-28,33.0470894986976,NA,NA,NA,NA,NA
2008-01-04,32.0991185440809,NA,NA,NA,NA,NA
2008-01-11,33.6144646526331,NA,NA,NA,NA,NA
2008-01-18,33.6953157498322,NA,NA,NA,NA,NA
2008-01-25,36.9312058175925,NA,NA,NA,NA,NA
2008-02-01,38.4849726225453,NA,NA,NA,NA,NA
2008-02-08,39.3308736922385,NA,NA,NA,NA,NA
2008-02-15,42.3554459227372,NA,NA,NA,NA,NA
2008-02-22,35.7746217942072,NA,NA,NA,NA,NA
2008-02-29,31.4993246294135,NA,NA,NA,NA,NA
2008-03-07,31.7660448960853,NA,NA,NA,NA,NA
2008-03-14,33.9814268615878,NA,NA,NA,NA,NA
2008-03-21,31.6648171734272,NA,NA,NA,NA,NA
2008-03-28,30.3911748855299,NA,NA,NA,NA,NA
2008-04-04,32.6100899959545,NA,NA,NA,NA,NA
2008-04-11,34.9675728517216,NA,NA,NA,NA,NA
2008-04-18,36.2720506205885,NA,NA,NA,NA,NA
2008-04-25,38.5715631309214,NA,NA,NA,NA,NA
2008-05-02,36.0381817301403,NA,NA,NA,NA,NA
2008-05-09,37.7489536044529,NA,NA,NA,NA,NA
2008-05-16,39.3401718612665,NA,NA,NA,NA,NA
2008-05-23,36.547271319063,NA,NA,NA,NA,NA
2008-05-30,39.2817549197477,NA,NA,NA,NA,NA
2008-06-06,36.3007483389614,NA,NA,NA,NA,NA
2008-06-13,39.414196318037,NA,NA,NA,NA,NA
2008-06-20,39.1917243647027,NA,NA,NA,NA,NA
2008-06-27,41.618754676596,NA,NA,NA,NA,NA
2008-07-04,43.4005221758135,NA,NA,NA,NA,NA
2008-07-11,44.9931809658958,NA,NA,NA,NA,NA
2008-07-18,46.7311992393627,NA,NA,NA,NA,NA
2008-07-25,50.1543652247047,NA,NA,NA,NA,NA
2008-08-01,50.2060128102774,NA,NA,NA,NA,NA
2008-08-08,50.6466323874819,NA,NA,NA,NA,NA
2008-08-15,52.5483040559991,NA,NA,NA,NA,NA
2008-08-22,52.6935781769103,NA,NA,NA,NA,NA
2008-08-29,54.4143709765154,NA,NA,NA,NA,NA
2008-09-05,55.0387297413251,NA,NA,NA,NA,NA
2008-09-12,56.3190510340199,NA,NA,NA,NA,NA
2008-09-19,56.949815684554,NA,NA,NA,NA,NA
2008-09-26,52.930485399493,NA,NA,NA,NA,NA
2008-10-03,54.8137741487361,NA,NA,NA,NA,NA
2008-10-10,53.1054459487064,NA,NA,NA,NA,NA
2008-10-17,60.6639476776826,NA,NA,NA,NA,NA
2008-10-24,62.4832082497331,NA,NA,NA,NA,NA
2008-10-31,67.686219041951,NA,NA,NA,NA,NA
2008-11-07,70.726575360309,NA,NA,NA,NA,NA
2008-11-14,69.8412607163759,NA,NA,NA,NA,NA
2008-11-21,75.7296990999538,NA,NA,NA,NA,NA
2008-11-28,82.9470541604761,NA,NA,NA,NA,NA
2008-12-05,89.0796746103633,NA,NA,NA,NA,NA
2008-12-12,92.0056731786772,NA,NA,NA,NA,NA
2008-12-19,93.1924213972387,NA,NA,NA,NA,NA
2008-12-26,90.0710551784923,NA,NA,NA,NA,NA
2009-01-02,87.1663157661925,NA,NA,NA,NA,NA
2009-01-09,89.0257559431167,NA,NA,NA,NA,NA
2009-01-16,80.6019802030601,NA,NA,NA,NA,NA
2009-01-23,85.5745584242749,NA,NA,NA,NA,NA
2009-01-30,91.1469552506817,NA,NA,NA,NA,NA
2009-02-06,96.6871580795727,NA,NA,NA,NA,NA
2009-02-13,92.5874056345708,NA,NA,NA,NA,NA
2009-02-20,93.505675785019,NA,NA,NA,NA,NA
2009-02-27,99.7264829258327,NA,NA,NA,NA,NA
2009-03-06,97.4161071897474,NA,NA,NA,NA,NA
2009-03-13,104.047925448546,NA,NA,NA,NA,NA
2009-03-20,110.730180644288,NA,NA,NA,NA,NA
2009-03-27,113.86966698362,NA,NA,NA,NA,NA
2009-04-03,114.475090266816,NA,NA,NA,NA,NA
2009-04-10,115.842517557766,NA,NA,NA,NA,NA
2009-04-17,114.977658241073,NA,NA,NA,NA,NA
2009-04-24,116.690384921982,NA,NA,NA,NA,NA
2009-05-01,109.989696434594,NA,NA,NA,NA,NA
2009-05-08,107.53660950514,NA,NA,NA,NA,NA
2009-05-15,109.143879404182,NA,NA,NA,NA,NA
2009-05-22,110.729021688881,NA,NA,NA,NA,NA
2009-05-29,111.317625405287,NA,NA,NA,NA,NA
2009-06-05,102.075230834314,NA,NA,NA,NA,NA
2009-06-12,97.6543940394729,NA,NA,NA,NA,NA
2009-06-19,93.4654567266844,NA,NA,NA,NA,NA
2009-06-26,93.1799440034409,NA,NA,NA,NA,NA
2009-07-03,87.9391172694791,NA,NA,NA,NA,NA
2009-07-10,81.5798569628794,NA,NA,NA,NA,NA
2009-07-17,81.1529197257473,NA,NA,NA,NA,NA
2009-07-24,84.6998513027183,NA,NA,NA,NA,NA
2009-07-31,84.7293928348179,NA,NA,NA,NA,NA
2009-08-07,83.2410724696588,NA,NA,NA,NA,NA
2009-08-14,84.380328661356,NA,NA,NA,NA,NA
2009-08-21,76.5358954101072,NA,NA,NA,NA,NA
2009-08-28,74.9455467639321,NA,NA,NA,NA,NA
2009-09-04,75.0541547013887,NA,NA,NA,NA,NA
2009-09-11,73.7037096614981,NA,NA,NA,NA,NA
2009-09-18,67.2334608713199,NA,NA,NA,NA,NA
2009-09-25,67.0078175266408,NA,NA,NA,NA,NA
2009-10-02,62.6215899575021,NA,NA,NA,NA,NA
2009-10-09,62.7138472818003,NA,NA,NA,NA,NA
2009-10-16,64.0258147132431,NA,NA,NA,NA,NA
2009-10-23,60.9684227301163,NA,NA,NA,NA,NA
2009-10-30,55.5100352498993,NA,NA,NA,NA,NA
2009-11-06,57.805746636756,NA,NA,NA,NA,NA
2009-11-13,56.7740586844248,NA,NA,NA,NA,NA
2009-11-20,57.3584197302989,NA,NA,NA,NA,NA
2009-11-27,57.8675606424702,NA,NA,NA,NA,NA
2009-12-04,55.1854453211702,NA,NA,NA,NA,NA
2009-12-11,54.9912672129144,NA,NA,NA,NA,NA
2009-12-18,56.5967642630676,NA,NA,NA,NA,NA
2009-12-25,51.8950389236475,NA,NA,NA,NA,NA
2010-01-01,52.1203249668081,NA,NA,NA,NA,NA
2010-01-08,42.5023384086027,NA,NA,NA,NA,NA
2010-01-15,44.5780077747344,NA,NA,NA,NA,NA
2010-01-22,46.1236053371617,NA,NA,NA,NA,NA
2010-01-29,48.6052635501919,NA,NA,NA,NA,NA
2010-02-05,49.4916676269348,NA,NA,NA,NA,NA
2010-02-12,52.7514007772796,NA,NA,NA,NA,NA
2010-02-19,51.3097721473107,NA,NA,NA,NA,NA
2010-02-26,52.9661677790696,NA,NA,NA,NA,NA
2010-03-05,53.1100202312754,NA,NA,NA,NA,NA
2010-03-12,56.1173693943826,NA,NA,NA,NA,NA
2010-03-19,53.1675105015774,NA,NA,NA,NA,NA
2010-03-26,41.2197967255784,NA,NA,NA,NA,NA
2010-04-02,41.6721106317761,NA,NA,NA,NA,NA
2010-04-09,37.9321495083855,NA,NA,NA,NA,NA
2010-04-16,35.827809789956,NA,NA,NA,NA,NA
2010-04-23,34.2908583645574,NA,NA,NA,NA,NA
2010-04-30,35.853029629766,NA,NA,NA,NA,NA
2010-05-07,37.5830598738661,NA,NA,NA,NA,NA
2010-05-14,42.3557125982188,NA,NA,NA,NA,NA
2010-05-21,45.1754078134557,NA,NA,NA,NA,NA
2010-05-28,42.152578574777,NA,NA,NA,NA,NA
2010-06-04,40.6344280576756,NA,NA,NA,NA,NA
2010-06-11,43.62397584027,NA,NA,NA,NA,NA
2010-06-18,46.6380184535918,NA,NA,NA,NA,NA
2010-06-25,49.7020319332607,NA,NA,NA,NA,NA
2010-07-02,51.7723872696648,NA,NA,NA,NA,NA
2010-07-09,52.7127437457032,NA,NA,NA,NA,NA
2010-07-16,56.7854222829567,NA,NA,NA,NA,NA
2010-07-23,56.5040916201219,NA,NA,NA,NA,NA
2010-07-30,57.1687133867787,NA,NA,NA,NA,NA
2010-08-06,58.6874782218286,NA,NA,NA,NA,NA
2010-08-13,56.6704252048487,NA,NA,NA,NA,NA
2010-08-20,58.3782633327106,NA,NA,NA,NA,NA
2010-08-27,58.5228296964776,NA,NA,NA,NA,NA
2010-09-03,55.3472668709681,NA,NA,NA,NA,NA
2010-09-10,57.138475320547,NA,NA,NA,NA,NA
2010-09-17,45.3625273768382,NA,NA,NA,NA,NA
2010-09-24,44.3649037380435,NA,NA,NA,NA,NA
2010-10-01,41.3280579944801,NA,NA,NA,NA,NA
2010-10-08,43.005790809841,NA,NA,NA,NA,NA
2010-10-15,43.7391466355708,NA,NA,NA,NA,NA
2010-10-22,39.284757761032,NA,NA,NA,NA,NA
2010-10-29,39.7331990907612,NA,NA,NA,NA,NA
2010-11-05,40.3520750367618,NA,NA,NA,NA,NA
2010-11-12,41.0666832884529,NA,NA,NA,NA,NA
2010-11-19,40.7008148090415,NA,NA,NA,NA,NA
2010-11-26,38.123742721302,NA,NA,NA,NA,NA
2010-12-03,41.1490774291899,NA,NA,NA,NA,NA
2010-12-10,42.6507036281096,NA,NA,NA,NA,NA
2010-12-17,42.5334156927451,NA,NA,NA,NA,NA
2010-12-24,43.7169467873217,NA,NA,NA,NA,NA
2010-12-31,42.6008881784157,NA,NA,NA,NA,NA
2011-01-07,43.1319778205856,NA,NA,NA,NA,NA
2011-01-14,41.7038940189292,NA,NA,NA,NA,NA
2011-01-21,45.0676669620755,NA,NA,NA,NA,NA
2011-01-28,47.201627902821,NA,NA,NA,NA,NA
2011-02-04,44.960050603132,NA,NA,NA,NA,NA
2011-02-11,44.4137536489752,NA,NA,NA,NA,NA
2011-02-18,36.0109327382173,NA,NA,NA,NA,NA
2011-02-25,37.8711363694857,NA,NA,NA,NA,NA
2011-03-04,39.1862960003293,NA,NA,NA,NA,NA
2011-03-11,40.8670228982044,NA,NA,NA,NA,NA
2011-03-18,40.6554997176192,NA,NA,NA,NA,NA
2011-03-25,39.050477200862,NA,NA,NA,NA,NA
2011-04-01,40.0741757992081,NA,NA,NA,NA,NA
2011-04-08,40.3886037732837,NA,NA,NA,NA,NA
2011-04-15,40.6548440016814,NA,NA,NA,NA,NA
2011-04-22,42.5768556912351,NA,NA,NA,NA,NA
2011-04-29,41.4408989650913,NA,NA,NA,NA,NA
2011-05-06,42.6983848383603,NA,NA,NA,NA,NA
2011-05-13,42.7207946873554,NA,NA,NA,NA,NA
2011-05-20,42.8381838773818,NA,NA,NA,NA,NA
2011-05-27,42.7949406677321,NA,NA,NA,NA,NA
2011-06-03,33.8010297951797,NA,NA,NA,NA,NA
2011-06-10,31.8394936648288,NA,NA,NA,NA,NA
2011-06-17,33.8073936131513,NA,NA,NA,NA,NA
2011-06-24,34.2917785411942,NA,NA,NA,NA,NA
2011-07-01,36.4221644270867,NA,NA,NA,NA,NA
2011-07-08,39.7391959017274,NA,NA,NA,NA,NA
2011-07-15,43.2280230078324,NA,NA,NA,NA,NA
2011-07-22,45.7788637165675,NA,NA,NA,NA,NA
2011-07-29,48.9602882781207,NA,NA,NA,NA,NA
2011-08-05,51.3615543263408,NA,NA,NA,NA,NA
2011-08-12,56.164745779993,NA,NA,NA,NA,NA
2011-08-19,57.0101286165564,NA,NA,NA,NA,NA
2011-08-26,60.3176200512031,NA,NA,NA,NA,NA
2011-09-02,55.2597622504294,NA,NA,NA,NA,NA
2011-09-09,49.9689137913546,NA,NA,NA,NA,NA
2011-09-16,54.0971129008093,NA,NA,NA,NA,NA
2011-09-23,54.9402323155375,NA,NA,NA,NA,NA
2011-09-30,57.4642067685078,NA,NA,NA,NA,NA
2011-10-07,61.7549226212443,NA,NA,NA,NA,NA
2011-10-14,60.9861304987699,NA,NA,NA,NA,NA
2011-10-21,49.3583402689078,NA,NA,NA,NA,NA
2011-10-28,49.3162102237854,NA,NA,NA,NA,NA
2011-11-04,52.9484203288336,NA,NA,NA,NA,NA
2011-11-11,57.7784654230393,NA,NA,NA,NA,NA
2011-11-18,57.1214897598368,NA,NA,NA,NA,NA
2011-11-25,59.7564324370939,NA,NA,NA,NA,NA
2011-12-02,62.7239954382119,NA,NA,NA,NA,NA
2011-12-09,67.9605793293487,NA,NA,NA,NA,NA
2011-12-16,64.3439690746951,NA,NA,NA,NA,NA
2011-12-23,67.4898319498709,NA,NA,NA,NA,NA
2011-12-30,69.2246390862641,NA,NA,NA,NA,NA
2012-01-06,63.0651003854641,NA,NA,NA,NA,NA
2012-01-13,66.4053860447705,NA,NA,NA,NA,NA
2012-01-20,68.5074765459605,NA,NA,NA,NA,NA
2012-01-27,71.8928169426294,NA,NA,NA,NA,NA
2012-02-03,71.5440851302942,NA,NA,NA,NA,NA
2012-02-10,72.8011807488638,NA,NA,NA,NA,NA
2012-02-17,64.5526985433046,NA,NA,NA,NA,NA
2012-02-24,56.0406460589886,NA,NA,NA,NA,NA
2012-03-02,54.0330197853309,NA,NA,NA,NA,NA
2012-03-09,53.5176327519104,NA,NA,NA,NA,NA
2012-03-16,54.0959043947179,NA,NA,NA,NA,NA
2012-03-23,55.6292651487638,NA,NA,NA,NA,NA
2012-03-30,56.5841992628136,NA,NA,NA,NA,NA
2012-04-06,58.3421964690055,NA,NA,NA,NA,NA
2012-04-13,61.1626667934562,NA,NA,NA,NA,NA
2012-04-20,63.5704453328331,NA,NA,NA,NA,NA
2012-04-27,61.2119395098337,NA,NA,NA,NA,NA
2012-05-04,59.7695548941747,NA,NA,NA,NA,NA
2012-05-11,61.7146033593799,NA,NA,NA,NA,NA
2012-05-18,57.935979654231,NA,NA,NA,NA,NA
2012-05-25,61.1445896471666,NA,NA,NA,NA,NA
2012-06-01,58.0604829409717,NA,NA,NA,NA,NA
2012-06-08,59.5455531427787,NA,NA,NA,NA,NA
2012-06-15,62.8238710716842,NA,NA,NA,NA,NA
2012-06-22,58.224953445873,NA,NA,NA,NA,NA
2012-06-29,56.3460359500867,NA,NA,NA,NA,NA
2012-07-06,56.6678994360985,NA,NA,NA,NA,NA
2012-07-13,58.7483819069685,NA,NA,NA,NA,NA
2012-07-20,57.3165836718335,NA,NA,NA,NA,NA
2012-07-27,59.8672569737687,NA,NA,NA,NA,NA
2012-08-03,62.5957056345316,NA,NA,NA,NA,NA
2012-08-10,63.0697393886372,NA,NA,NA,NA,NA
2012-08-17,63.8388716705038,NA,NA,NA,NA,NA
2012-08-24,66.1011939210047,NA,NA,NA,NA,NA
2012-08-31,63.33448679475,NA,NA,NA,NA,NA
2012-09-07,62.8788740023633,NA,NA,NA,NA,NA
2012-09-14,66.0403543011801,NA,NA,NA,NA,NA
2012-09-21,66.5709012595469,NA,NA,NA,NA,NA
2012-09-28,65.2543978522976,NA,NA,NA,NA,NA
2012-10-05,67.4528435917583,NA,NA,NA,NA,NA
2012-10-12,68.7701611090802,NA,NA,NA,NA,NA
2012-10-19,67.6456962945332,NA,NA,NA,NA,NA
2012-10-26,68.2620690691224,NA,NA,NA,NA,NA
2012-11-02,67.067397577097,NA,NA,NA,NA,NA
2012-11-09,64.7435266489803,NA,NA,NA,NA,NA
2012-11-16,65.3299347270344,NA,NA,NA,NA,NA
2012-11-23,62.119000529811,NA,NA,NA,NA,NA
2012-11-30,64.1419054644367,NA,NA,NA,NA,NA
2012-12-07,61.6351997820435,NA,NA,NA,NA,NA
2012-12-14,57.8527002663027,NA,NA,NA,NA,NA
2012-12-21,41.0601785131048,NA,NA,NA,NA,NA
2012-12-28,41.0156885884662,NA,NA,NA,NA,NA
2013-01-04,40.1357556086049,NA,NA,NA,NA,NA
2013-01-11,42.0801222571518,NA,NA,NA,NA,NA
2013-01-18,44.4053074372964,NA,NA,NA,NA,NA
2013-01-25,35.2275159458302,NA,NA,NA,NA,NA
2013-02-01,34.244166661275,NA,NA,NA,NA,NA
2013-02-08,34.8700514264427,NA,NA,NA,NA,NA
2013-02-15,35.803088956482,NA,NA,NA,NA,NA
2013-02-22,33.840120037479,NA,NA,NA,NA,NA
2013-03-01,33.5108168050974,NA,NA,NA,NA,NA
2013-03-08,34.8057324314404,NA,NA,NA,NA,NA
2013-03-15,36.3999998588288,NA,NA,NA,NA,NA
2013-03-22,35.9610083948351,NA,NA,NA,NA,NA
2013-03-29,38.132879172281,NA,NA,NA,NA,NA
2013-04-05,40.3415399395022,NA,NA,NA,NA,NA
2013-04-12,39.1555321857428,NA,NA,NA,NA,NA
2013-04-19,40.4280823696536,NA,NA,NA,NA,NA
2013-04-26,39.2117224221718,NA,NA,NA,NA,NA
2013-05-03,41.2904791909376,NA,NA,NA,NA,NA
2013-05-10,42.8305517324019,NA,NA,NA,NA,NA
2013-05-17,40.6918669547186,NA,NA,NA,NA,NA
2013-05-24,41.2355325498266,NA,NA,NA,NA,NA
2013-05-31,42.8638905414242,NA,NA,NA,NA,NA
2013-06-07,43.4511381349897,NA,NA,NA,NA,NA
2013-06-14,43.5253676913444,NA,NA,NA,NA,NA
2013-06-21,44.7443039828941,NA,NA,NA,NA,NA
2013-06-28,47.0337970145262,NA,NA,NA,NA,NA
2013-07-05,44.0501513868768,NA,NA,NA,NA,NA
2013-07-12,43.4194694828719,NA,NA,NA,NA,NA
2013-07-19,41.4476788472723,NA,NA,NA,NA,NA
2013-07-26,42.349429082348,NA,NA,NA,NA,NA
2013-08-02,44.5959614337912,NA,NA,NA,NA,NA
2013-08-09,44.4234710522335,NA,NA,NA,NA,NA
2013-08-16,45.6871851901486,NA,NA,NA,NA,NA
2013-08-23,46.1257512928152,NA,NA,NA,NA,NA
2013-08-30,45.4590093208793,NA,NA,NA,NA,NA
2013-09-06,47.3081657946159,NA,NA,NA,NA,NA
2013-09-13,48.4056836550367,NA,NA,NA,NA,NA
2013-09-20,49.0524865324793,NA,NA,NA,NA,NA
2013-09-27,49.3831479096177,NA,NA,NA,NA,NA
2013-10-04,47.1259271287389,NA,NA,NA,NA,NA
2013-10-11,48.2252737990404,NA,NA,NA,NA,NA
2013-10-18,49.0907961347178,NA,NA,NA,NA,NA
2013-10-25,49.7069161624425,NA,NA,NA,NA,NA
2013-11-01,49.9781592108633,NA,NA,NA,NA,NA
2013-11-08,46.4239665438494,NA,NA,NA,NA,NA
2013-11-15,44.68732727315,NA,NA,NA,NA,NA
2013-11-22,42.2098678609433,NA,NA,NA,NA,NA
2013-11-29,39.760122821826,NA,NA,NA,NA,NA
2013-12-06,40.2637025405874,NA,NA,NA,NA,NA
2013-12-13,41.8059806902625,NA,NA,NA,NA,NA
2013-12-20,40.8937537061279,NA,NA,NA,NA,NA
2013-12-27,42.6704882618962,NA,NA,NA,NA,NA
2014-01-03,42.5722925301612,NA,NA,NA,NA,NA
2014-01-10,40.7794140452762,NA,NA,NA,NA,NA
2014-01-17,43.2907541410244,NA,NA,NA,NA,NA
2014-01-24,43.2253158897785,NA,NA,NA,NA,NA
2014-01-31,45.0038839427424,NA,NA,NA,NA,NA
2014-02-07,41.0463505997481,NA,NA,NA,NA,NA
2014-02-14,41.6690109975127,NA,NA,NA,NA,NA
2014-02-21,41.2759951353198,NA,NA,NA,NA,NA
2014-02-28,37.1386416143903,NA,NA,NA,NA,NA
2014-03-07,36.4590894054517,NA,NA,NA,NA,NA
2014-03-14,34.7638179479477,NA,NA,NA,NA,NA
2014-03-21,36.1118357575716,NA,NA,NA,NA,NA
2014-03-28,37.0674310103083,NA,NA,NA,NA,NA
2014-04-04,36.4388213868316,NA,NA,NA,NA,NA
2014-04-11,38.6124737090644,NA,NA,NA,NA,NA
2014-04-18,40.9323801891941,NA,NA,NA,NA,NA
2014-04-25,38.1544848604332,NA,NA,NA,NA,NA
2014-05-02,36.2645140773454,NA,NA,NA,NA,NA
2014-05-09,34.7806623149222,NA,NA,NA,NA,NA
2014-05-16,33.93894797873,NA,NA,NA,NA,NA
2014-05-23,34.6258412336603,NA,NA,NA,NA,NA
2014-05-30,34.1218533758182,NA,NA,NA,NA,NA
2014-06-06,34.8754389084774,NA,NA,NA,NA,NA
2014-06-13,36.3149767382889,NA,NA,NA,NA,NA
2014-06-20,35.5346740954783,NA,NA,NA,NA,NA
2014-06-27,35.3419771554046,NA,NA,NA,NA,NA
2014-07-04,36.949967487174,NA,NA,NA,NA,NA
2014-07-11,35.4196721249166,NA,NA,NA,NA,NA
2014-07-18,37.3910800610906,NA,NA,NA,NA,NA
2014-07-25,35.8368188514414,NA,NA,NA,NA,NA
2014-08-01,36.9619302865974,NA,NA,NA,NA,NA
2014-08-08,38.0380699045637,NA,NA,NA,NA,NA
2014-08-15,39.5390842467931,NA,NA,NA,NA,NA
2014-08-22,37.7390115357239,NA,NA,NA,NA,NA
2014-08-29,38.7542144394584,NA,NA,NA,NA,NA
2014-09-05,39.5252294607363,NA,NA,NA,NA,NA
2014-09-12,41.6526807523454,NA,NA,NA,NA,NA
2014-09-19,40.5209309405831,NA,NA,NA,NA,NA
2014-09-26,37.7939157986904,NA,NA,NA,NA,NA
2014-10-03,37.7066551001644,NA,NA,NA,NA,NA
2014-10-10,38.3445271655433,NA,NA,NA,NA,NA
2014-10-17,39.8947866891486,NA,NA,NA,NA,NA
2014-10-24,40.3853764736736,NA,NA,NA,NA,NA
2014-10-31,42.4569333900378,NA,NA,NA,NA,NA
2014-11-07,41.4220376359266,NA,NA,NA,NA,NA
2014-11-14,42.9129335426459,NA,NA,NA,NA,NA
2014-11-21,41.4306876559948,NA,NA,NA,NA,NA
2014-11-28,42.9570596727676,NA,NA,NA,NA,NA
2014-12-05,43.9877927621972,NA,NA,NA,NA,NA
2014-12-12,41.9537103693752,NA,NA,NA,NA,NA
2014-12-19,44.8409973244363,NA,NA,NA,NA,NA
2014-12-26,41.9324825045894,NA,NA,NA,NA,NA
2015-01-02,41.5259922066951,NA,NA,NA,NA,NA
2015-01-09,39.2181199304472,NA,NA,NA,NA,NA
2015-01-16,42.3211164648731,NA,NA,NA,NA,NA
2015-01-23,43.2695440738819,NA,NA,NA,NA,NA
2015-01-30,45.1676891302237,NA,NA,NA,NA,NA
2015-02-06,46.5957230132561,NA,NA,NA,NA,NA
2015-02-13,47.3755744306455,NA,NA,NA,NA,NA
2015-02-20,48.8914553937767,NA,NA,NA,NA,NA
2015-02-27,49.5596571274315,NA,NA,NA,NA,NA
2015-03-06,48.8259980002371,NA,NA,NA,NA,NA
2015-03-13,44.3101660178581,NA,NA,NA,NA,NA
2015-03-20,41.8009591317393,NA,NA,NA,NA,NA
2015-03-27,42.2593887996021,NA,NA,NA,NA,NA
2015-04-03,40.33258392518,NA,NA,NA,NA,NA
2015-04-10,40.7963992671375,NA,NA,NA,NA,NA
2015-04-17,36.9818069631905,-0.858196684567794,0.114578979431013,0.0526588687194584,0.940310507288768,0.00584703420330419
2015-04-24,38.9622472964699,-0.866575203453822,0.110801644595794,0.0529272364099564,0.940575732318485,0.00597543428422635
2015-05-01,40.0176690644018,-0.809356490653258,0.144833820852566,0.0575162120681044,0.932393711888648,0.00586850503601427
2015-05-08,39.4061415973207,-0.774565031096428,0.138306045067545,0.0576572986145987,0.933045011877265,0.00609333864219974
2015-05-15,38.7449465067361,-0.759906164261642,0.122728718092352,0.0565027504741652,0.935942476643144,0.0064278416684913
2015-05-22,34.7258649029998,-0.812866362670112,0.110842462108345,0.0575276494613431,0.936526179329063,0.00698212511596325
2015-05-29,33.5317964672538,-0.846316509126849,0.112497473670788,0.0534186435907354,0.93977476257959,0.00641611412418366
2015-06-05,34.1596618880056,-0.859788227288009,0.110923410716057,0.053860456321785,0.939511461385024,0.00672544549726525
2015-06-12,32.5098647539066,-0.90002735547442,0.109332015756625,0.0540401574735163,0.939549184277959,0.00676576086197749
2015-06-19,29.7123172129765,-0.813661103429242,0.115010390373563,0.0520228172512264,0.940678451983349,0.00635937349046411
2015-06-26,29.7532636608445,-0.906103213432836,0.110295332047596,0.0531934440573059,0.940322960208962,0.00633601860819024
2015-07-03,32.4370397056446,-0.877999302269789,0.11199272620725,0.0529936818402088,0.940278531692741,0.00622645732577884
2015-07-10,34.4656655398199,-0.798763350045913,0.115720528033828,0.0520198541709045,0.940714760467806,0.0060657253312141
2015-07-17,34.4892858653577,-0.861753964685096,0.110704419047958,0.0527476465142539,0.940647416297527,0.00640713898865708
2015-07-24,36.2733159871368,-0.869717831599564,0.123384445453039,0.0619751689930932,0.931107131927187,0.00717930510393482
2015-07-31,34.4300978783464,-0.861034640107425,0.108903144155976,0.0524564242914753,0.941011083558139,0.00657809835057561
2015-08-07,31.3542951202493,-0.911788993005173,0.114368094755807,0.0551482618053778,0.938071542334428,0.00662133399457008
2015-08-14,30.9810959725193,-1.00596102421097,0.108684651881754,0.0527597607039157,0.940890059587013,0.00629399378577196
2015-08-21,31.8154587516137,-1.00251685072009,0.120222178923383,0.0591965390009409,0.933982360588239,0.00677529891879485
2015-08-28,34.3629868508354,-1.06331773482421,0.110102976281699,0.0522859836555826,0.941160530211663,0.00596774158833433
2015-09-04,33.703886847967,-1.03730466851563,0.106188849323666,0.051905711681799,0.941874964839401,0.00630709289400688
2015-09-11,35.7485721652939,-1.12209538778956,0.0990247725776178,0.0475339445802181,0.946497311085301,0.00604029374375723
2015-09-18,32.8242688129006,-1.15539921942009,0.103568859298813,0.0522938619445367,0.941849785812584,0.00642699954041889
2015-09-25,33.1517033752694,-1.15911659004594,0.340371067681204,0.0775659413263901,0.890861909051998,0.00126357286468911
2015-10-02,33.0550229275209,-1.05961712390016,0.103147868091669,0.0507087536155636,0.943234789485385,0.00634615436935839
2015-10-09,31.1410897937636,-1.08936260633739,0.0892024484486194,0.0518819237057764,0.943847299364333,0.00745887490098682
2015-10-16,31.9095258023175,-1.09148661670322,0.0937499531682445,0.0497502220168402,0.945078331636072,0.00711412298345238
2015-10-23,26.0343119768093,-1.11958003459108,0.0985552150840835,0.0510304679477259,0.943355373452419,0.00687805769128927
2015-10-30,26.5298113626094,-1.10172078710001,0.093743288284161,0.0492892621281842,0.945473045604734,0.00680553577830315
2015-11-06,27.0149424888404,-1.15144967421858,0.0978411360596523,0.050042822318588,0.944338404825603,0.00640076867214725
2015-11-13,27.9330043727183,-1.15540783130005,0.120321015884173,0.0566407296362195,0.935850028475159,0.00665029023303422
2015-11-20,29.2180763491049,-1.18830217838226,0.0942713628623271,0.0500370510393374,0.944713852679903,0.00676712930382397
2015-11-27,27.8044006261773,-1.23508636955407,0.0946799957724646,0.0497235574722865,0.94498388783619,0.00667294704831771
2015-12-04,26.9979888062821,-1.31384056908204,0.0956209773710469,0.0503335585742452,0.944380317988972,0.00647927992537581
2015-12-11,27.824732688855,-1.27049817394156,0.157732990718175,0.0872555852742523,0.902818345305471,0.0148179000649468
2015-12-18,29.6230059510027,-1.27470789178531,0.0962747630694316,0.0495649390378466,0.944914861428827,0.00644357951855678
2015-12-25,29.1444097797913,-1.26896239661378,0.0941426854147093,0.049376988672011,0.945291141924165,0.00662833917036873
2016-01-01,28.2689356135163,-1.35021498396919,0.0985515086557815,0.0503792819457787,0.944027350511616,0.00647242348656509
2016-01-08,26.5796077952284,-1.42866415129326,0.0974128284046377,0.0494649588591904,0.94500552165199,0.006360968230492
2016-01-15,29.310026646391,-1.46060000316661,0.0848629515530548,0.0509105877527929,0.94538867815008,0.0067461212416631
2016-01-22,30.6953687205061,-1.40731686365227,0.101218007495649,0.0502052158555105,0.943888198790334,0.00622235396252092
2016-01-29,30.6054678514133,-1.51515189150103,0.100819656547728,0.0504981804517476,0.943830154289102,0.0062948444021653
2016-02-05,31.9064994015597,-1.58838650494084,0.101249694699184,0.048799485576082,0.94527306183751,0.0059781582492154
2016-02-12,33.700410562124,-1.63849020906533,0.101590211068846,0.0444768362644951,0.948838674670731,0.00567125416820089
2016-02-19,35.1561079456682,-1.55867329246929,0.10548523258774,0.0503005241184178,0.943462333708471,0.00605808895483264
2016-02-26,33.7367094874184,-1.45347559552707,0.124948029814741,0.0544248735514312,0.937595637907074,0.00533813483155968
2016-03-04,36.6325297792909,-1.33722639732181,0.130033473780146,0.0556041972075724,0.935979035195452,0.005224124826969
2016-03-11,41.2658956243838,-1.37578908258489,0.144288770257267,0.0610464051182659,0.929687905193942,0.00524480555672008
2016-03-18,44.1304381081583,-1.46550362649888,0.813154666236336,0.113715790258735,0.802145572100719,-0.0106368901433297
2016-03-25,47.6595773877675,-1.47834870824211,0.14551500658342,0.0589502996036879,0.931396313250063,0.00494850816090563
2016-04-01,68.2534254828559,-1.51591408972191,0.809763240235777,0.112940893892007,0.803462335505244,-0.0107577777752174
2016-04-08,49.7316516303904,-1.4477699173423,0.152657503617703,0.0608378807505213,0.928978315313237,0.00470471588300138
2016-04-15,65.7069209156718,-1.40608920891803,0.157884914875355,0.0623404381823612,0.927078044451108,0.00464330012982556
2016-04-22,55.1929609510364,-1.4752007066182,0.159794275578781,0.062506415309171,0.92677259986622,0.00463012102317436
2016-04-29,58.2834060149734,-1.56472121530521,0.156781963094381,0.061264901906059,0.928275973007938,0.00441929992663011
2016-05-06,58.8702685071822,-1.57898639145075,0.133362317538328,0.0552507309388348,0.936146837184096,0.00501221370709797
2016-05-13,61.0393903119765,-1.52620509880569,0.14589257183084,0.0588369551913157,0.931507562224156,0.0048688149176476
2016-05-20,51.241129998172,-1.45662954608271,0.155189262181915,0.0613322298425344,0.928175377457611,0.00432266646288097
2016-05-27,52.3037099437204,-1.52523153666989,0.158465889398985,0.0604693617195114,0.928612809818961,0.00396109427651899
2016-06-03,55.0470380253288,-1.53455725441439,0.816176910424207,0.114159237227291,0.801473292855565,-0.0113751192758302
2016-06-10,57.4759783209608,-1.54702393515073,0.158336910865588,0.0615850424128586,0.927678731907838,0.00411624869637913
2016-06-17,66.616366117662,-1.69871040565406,0.234274116965271,0.073692969727874,0.908113329719914,0.00248277689521021
2016-06-24,57.1102977219576,-1.62963244587981,0.14927958920672,0.0574185257882642,0.932356850637013,0.00419216858911137
2016-07-01,64.9898715265913,-1.58543561126831,0.146095546467241,0.0585122739904246,0.931747957489557,0.00478665346245863
2016-07-08,54.6288379136929,-1.57774278429379,0.214560817944177,0.0685174700952924,0.914792024445359,0.00375483172785324
2016-07-15,49.7596264014145,-1.55178553067582,0.150487729411915,0.0602601403648912,0.929692747692572,0.0047839084342869
2016-07-22,54.6117377141073,-1.59620915251598,0.146949526583966,0.0588665217124553,0.931256718538672,0.00516441061836031
2016-07-29,50.9460802248311,-1.62116359597518,0.148054172200513,0.0589901810305871,0.930957819637202,0.00513088757370254
2016-08-05,45.4359736892115,-1.59845539254482,0.145490941390112,0.0584273491541819,0.931803463068548,0.00508565699098642
2016-08-12,44.0766013323709,-1.64115477098754,0.14742297666076,0.0578377911267983,0.93207269984348,0.00491793303130943
2016-08-19,45.615366460012,-1.59166926047466,0.143274833290805,0.0581097055790604,0.932436702112244,0.00491340339659571
2016-08-26,47.108824274817,-1.5288996313755,0.148453454956125,0.0599471662878226,0.930227117619301,0.00471683694542022
2016-09-02,49.9145354227578,-1.50658393836068,0.146932284048152,0.059021907176928,0.931144910452456,0.00499682847454104
2016-09-09,52.4978375932645,-1.58651337175032,0.138393322775572,0.0569475450317354,0.934018964741606,0.00490986176072541
2016-09-16,46.697036504976,-1.56623288509186,0.137472298855415,0.0570288660099422,0.934020636297696,0.00489827304239715
2016-09-23,49.5354381687257,-1.55128599513571,0.139654951333163,0.0577774237969164,0.933064458710972,0.00503085855703493
2016-09-30,49.0688216116085,-1.51268089124245,0.141488873269061,0.0581062407529305,0.932544757350056,0.00479003275934504
2016-10-07,47.0043096805266,-1.50572786945759,0.147122583343554,0.0592298714818507,0.93076396165298,0.00468198539899857
2016-10-14,47.7053311935609,-1.38129301442142,0.143453141080954,0.0595699881669879,0.930819048741115,0.00463161299473997
2016-10-21,43.1197248263079,-1.31209730013937,0.143491132541385,0.059508159875712,0.930877422800579,0.00450359877701094
2016-10-28,45.3004996032699,-1.34577959124227,0.151814166941867,0.0569658793079513,0.932084180077178,0.00379884633412807
2016-11-04,46.5466075400166,-1.25395573825499,0.146602412818,0.0566812122661745,0.933019007640153,0.00374487592844298
2016-11-11,48.7194692631609,-1.3058958487315,0.146710020281689,0.0603707417322743,0.929831057973227,0.00421521155446326
2016-11-18,51.0524231121427,-1.27241759440216,0.142387746709604,0.058984788208472,0.931479637123247,0.00451645429609877
2016-11-25,49.5640814689665,-1.2658234626179,0.14801668171553,0.0603791825440453,0.929473355354297,0.00449497193642334
2016-12-02,44.1574363605193,-1.17791211927567,0.144897870120894,0.0590008966801022,0.931230002845162,0.00421978115181221
2016-12-09,41.1287541154689,-1.12093605893924,0.144081027257458,0.058351182361425,0.931928065838711,0.00414398869780237
2016-12-16,45.7564448857533,-1.0340462227299,0.512297806547937,0.0871812282630502,0.861421011837017,-0.00400359188953391
2016-12-23,46.0005606487531,-0.874873025660141,0.809043887275078,0.106075746000547,0.807965812541159,-0.00927285660797522
2016-12-30,41.6681885469388,-0.647362091065734,0.129091720803729,0.0509757654252786,0.940082794026385,0.00455028522993049
2017-01-06,39.7045555923427,-0.868450273862249,0.129679644406522,0.0545065839949325,0.936695204773104,0.004818670544512
2017-01-13,42.5029333741789,-0.888358282513634,0.131936012489708,0.0553546866461856,0.935640351616404,0.00482828434344111
2017-01-20,39.9290048442142,-0.89134236412472,0.131269125423473,0.0552365954703808,0.935836367939694,0.00481523918752387
2017-01-27,38.3771585387536,-0.874608780351463,0.132873842645683,0.0564934291391188,0.934527917838341,0.00498890720605161
2017-02-03,38.6230733925615,-1.01368427017869,0.125005416134388,0.055207003214917,0.936692436896014,0.00492004908732347
2017-02-10,37.1980335773576,-0.971870714823487,0.128324394962398,0.0550840006697084,0.936374251675881,0.00489036455683258
2017-02-17,39.4502374390675,-1.06155293372645,0.754500580616514,0.104418497396566,0.815957927776941,-0.00937555349180063
2017-02-24,38.4979615717753,-1.017423455117,0.127455874471653,0.0551982264406128,0.936489372357139,0.00472625420858188
2017-03-03,43.8177835679282,-0.982863619164323,0.128812776192514,0.05520434717853,0.936339684237906,0.0045895454778475
2017-03-10,42.2375286170838,-0.938087142181772,0.126499544653967,0.0545685423231509,0.937097939354494,0.00489273143498519
2017-03-17,43.4711478171347,-0.988322746992188,0.125829500306479,0.0552700735514464,0.936413847408601,0.00563702761416479
2017-03-24,39.283049439733,-0.901196539313882,0.12459003708063,0.054616819094883,0.937131566944238,0.00566306451587084
2017-03-31,30.5090688424847,-0.933365255974421,0.124421202556115,0.0549650902286312,0.936837504153909,0.00574308952236815
2017-04-07,30.9006992781268,-1.02101448544479,0.122510142835015,0.0546436261986029,0.937404621854816,0.00564556428680298
2017-04-14,30.0358957678823,-0.98661208314114,0.122507068812688,0.0541074356190058,0.93791139383476,0.00545910919155825
2017-04-21,31.4888285613172,-0.888355787709881,0.124627732620245,0.0542651640149484,0.937583481268822,0.00528895495528282
2017-04-28,33.4108826664459,-0.829660886269362,0.167094977101454,0.0610446934744104,0.926504509398289,0.00465648259330265
2017-05-05,36.1726574408703,-0.887180902387674,0.12501259765717,0.0532813616082217,0.938433229199281,0.00496947532227654
2017-05-12,39.2445820396181,-0.900727093674751,0.126041381296801,0.0538198989660658,0.937771352045328,0.00492388339381038
2017-05-19,38.7901482895777,-0.835534885712329,0.125782391216359,0.052968411143498,0.938488093718445,0.00516850200323273
2017-05-26,37.0211093827293,-0.896211906133702,0.124120672744071,0.0536107560271499,0.93815282645539,0.00516527908860745
2017-06-02,33.9371543978891,-0.830575943466283,0.126535337102596,0.0527388198539271,0.938632614781634,0.00504005830342606
2017-06-09,34.6047986467401,-0.944124792160495,0.119745452663124,0.0505908715887839,0.941272519746662,0.00500792760649991
2017-06-16,35.4374699629313,-0.990836375199541,0.124119138265572,0.054879454626941,0.937073708689371,0.00543106963940434
2017-06-23,35.7815562894399,-0.969747186913048,0.12374107803004,0.0538975587814464,0.937982447958316,0.00526127335804853
2017-06-30,33.736095297705,-0.9370170600935,0.124615999553767,0.0539425004553534,0.937850268408401,0.00511749181473371
2017-07-07,34.6065628870559,-0.951683656098452,0.121070166035651,0.0535884705851659,0.93852268588313,0.00547682442410022
2017-07-14,36.1393863780635,-0.971930597919093,0.120872730012937,0.0533582345795092,0.938763553361063,0.00537756612730961
2017-07-21,31.7925404851014,-0.930854653996848,0.128090460746745,0.0561234447807692,0.935460797170566,0.00517345965619736
2017-07-28,32.6186078324441,-0.969722565208823,0.122252838066801,0.0535467196019013,0.938419057434061,0.00519894265764688
2017-08-04,33.575532606031,-0.991462046133191,0.123105320297051,0.053869178938198,0.938064796161229,0.00509208488460714
2017-08-11,33.3416637800933,-0.990132455054496,0.122471096175947,0.0537985073036901,0.938180950423132,0.00513065041589178
2017-08-18,34.8326258811053,-0.997023029730778,0.122419921636691,0.053857528268812,0.938119936936922,0.00511585020754557
2017-08-25,33.8575918966287,-1.02086570228023,0.118462970239348,0.0537485442038279,0.938624416392279,0.00557101141744479
2017-09-01,33.4380802069991,-1.01839568503037,0.118637438882876,0.0535892809187524,0.938761770225925,0.00549880184572851
2017-09-08,28.4573762006359,-0.966341472243428,0.122272012529252,0.053216531214002,0.938653951167789,0.00515775218755595
2017-09-15,29.2053593294249,-0.891632932896156,0.122446168999602,0.0533415980821347,0.938509963677203,0.00517246483853487
2017-09-22,30.9735567042464,-0.801503419946863,0.195736737720286,0.0620274433623041,0.921843572918272,0.0039752873289322
2017-09-29,31.0590348267291,-0.803357956571899,0.126597392892527,0.0522629058665959,0.938929493591552,0.00505231939370192
2017-10-06,32.4222916658276,-0.847092559849855,0.124527595878713,0.0530344962273879,0.938520849598554,0.00505159410168161
2017-10-13,30.9997266255229,-0.82705824637562,0.129448016320992,0.0533262027782794,0.937618168636183,0.0048927495294245
2017-10-20,31.2113638115153,-0.717610913784749,0.125772794264668,0.0546666992527798,0.936936894998966,0.00537861285982659
2017-10-27,30.7986755179674,-0.653666591106775,0.0705864710008915,0.050315702020481,0.947775057814435,0.00667752282371917
2017-11-03,27.8703371311637,-0.597058119674234,0.111293518712042,0.050994987836781,0.942025722792918,0.00571852585075695
2017-11-10,26.7592729298726,-0.617835135269732,0.117777819613179,0.0490437730637533,0.942860388742335,0.0053500504091857
2017-11-17,27.3966138082061,-0.692500379442071,0.115044293205782,0.0514432382572254,0.941000921353848,0.00557315750903718
2017-11-24,27.417001871251,-0.697218023659041,0.117729575329062,0.0522497881549143,0.939940744680319,0.00554206337703409
2017-12-01,25.9496574348672,-0.710240082082388,0.116613482104569,0.0516722382260794,0.940612902625574,0.00540893462743642
2017-12-08,25.4469766949839,-0.703521175584899,0.116124924130469,0.0512631078788661,0.941051693164887,0.0053338687092716
2017-12-15,26.8588986507138,-0.632946174320537,0.775374606588901,0.0981462177345711,0.817412594447045,-0.00658307541414959
2017-12-22,27.5259264005863,-0.621692079601797,0.111222776326655,0.0479677344650858,0.944624390690382,0.00545568980377596
2017-12-29,31.4126540454686,-0.469284267995157,0.0983521552742713,0.0468000914643306,0.9472584698065,0.00575659017445831
2018-01-05,26.554155784334,-0.36589521027011,0.0923904424867858,0.0447849059141345,0.949719867254627,0.00542418460495216
2018-01-12,27.2914880286244,-0.236821535699009,0.0786202702818579,0.0423301539171657,0.953463443045896,0.00579643396734165
2018-01-19,28.6984065456098,-0.287175000598125,0.0807654960953119,0.0419976349815743,0.953532043044533,0.00572474386947159
2018-01-26,25.2272438744218,-0.447884294124698,0.0835581185478404,0.0425366533301043,0.952759656336875,0.00579852918054734
2018-02-02,25.8548149704654,-0.472431070003691,0.0828847785090591,0.0407047492602195,0.954464153399178,0.00557621981273054
2018-02-09,26.7207099335712,-0.47558531403499,0.0779211986911736,0.0393847610461185,0.956238908772857,0.00556804462720681
2018-02-16,28.3528213722976,-0.477213054091677,0.0805831838156113,0.0416264067888407,0.953856304180474,0.00593114803269208
2018-02-23,28.401107893971,-0.553193764958112,0.525258124848752,0.078949108097277,0.865286297264935,-0.00172390665752984
2018-03-02,24.3356114139763,-0.620321860740339,0.093795768577981,0.0452015760290492,0.949141566882555,0.00598560935144598
2018-03-09,29.5253348718573,-0.643527840749906,0.0916159975357743,0.0466456559909297,0.948099736795881,0.0062940700284049
2018-03-16,23.6649237592048,-0.640616569591885,0.0919739934768884,0.0457149476190826,0.948919792424115,0.00609565107894416
2018-03-23,21.2956504751532,-0.579318778265779,0.092301037594313,0.0459704884632971,0.948660942319289,0.00613907352171696
2018-03-30,23.0579825981528,-0.592682147233844,0.0883834064870336,0.045073829303618,0.949918386909396,0.00623601326250404
2018-04-06,23.2262560422643,-0.547672463518798,0.087063745594889,0.0445801785851745,0.950492335524552,0.00621999723204883
2018-04-13,22.1866866519727,-0.584181477082298,0.0885775718961919,0.0448103078574144,0.950138142025181,0.00617172716286988
2018-04-20,22.3748261845905,-0.592933888304575,0.0935845547215631,0.0464140200701698,0.948069262173311,0.00616788196010997
2018-04-27,22.9882837045965,-0.557003614689551,0.093838776815037,0.0457813652844916,0.94854696488294,0.00622777010970015
2018-05-04,22.1889047976476,-0.471799098207537,0.0774060526508444,0.0417027122112199,0.954186552819983,0.00638164311238858
2018-05-11,21.4563178269825,-0.513361913380857,0.0866315202530963,0.0448747666478237,0.95028059871503,0.00620843426533439
2018-05-18,21.4448450306275,-0.533463052787492,0.0914739017576394,0.0452976479652107,0.949339902833174,0.00602392711664137
2018-05-25,22.4730602286913,-0.642780991094812,0.0999969148147289,0.0466115113085362,0.947221547231961,0.00581047198070758
2018-06-01,23.8774329152891,-0.660099661161944,0.112633819016849,0.0504542803045008,0.942236142801097,0.00567963584385247
2018-06-08,25.624590728128,-0.63829574314267,0.107391989752155,0.0491453727228682,0.944032825903066,0.00592461194374297
2018-06-15,25.6890096119999,-0.551630482481178,0.102208093475604,0.0482073960903123,0.945430054695774,0.00605103072415772
2018-06-22,23.3424998869754,-0.637724760357793,0.133577094418342,0.0585759913897302,0.932709307430978,0.00621132160326136
2018-06-29,22.4667246801204,-0.695421184366991,0.0990461191431924,0.0486290736336147,0.94546372843257,0.00600316822401174
2018-07-06,23.1416888943603,-0.655153874489508,0.13811236226105,0.0577471417554344,0.93285167455535,0.00581917422025497
2018-07-13,23.4455875426942,-0.721384630563581,0.0769781156488012,0.0485817188807725,0.948378317331366,0.00655659263266345
2018-07-20,25.1773221407606,-0.686514709356937,0.0977919532821807,0.0478677517319066,0.946321629153388,0.00595744925653387
2018-07-27,21.8706363294588,-0.741467913007866,0.0966029256679231,0.0480734928171279,0.94627290154348,0.00601043149809703
2018-08-03,24.259204880246,-0.784526700453755,0.105075401798167,0.0494249792661731,0.944042514318724,0.00579190172323244
2018-08-10,23.879605002561,-0.858553567888936,0.10770512899491,0.0502267850655725,0.943051590783627,0.0056774871612639
2018-08-17,25.35204960228,-0.836459905341,0.111333868872214,0.0543412532558067,0.939169195206912,0.00578116773222188
2018-08-24,26.6966577942481,-0.894031641168813,0.113719005312554,0.0518714842762554,0.940873728640015,0.00557145672546574
2018-08-31,26.9676676218843,-0.845054687835255,0.101986136021136,0.0492454576606804,0.944574410383116,0.00592223817839512
2018-09-07,27.4785266566408,-0.855761192604375,0.102806363631679,0.0493688302954148,0.944386436142648,0.0058511770343699
2018-09-14,23.9173098462441,-0.850292334063873,0.105975255562282,0.0495076242222039,0.943918346268691,0.00568670843869636
2018-09-21,24.8310282315692,-0.935250400921218,0.110539005602888,0.0507802541141448,0.942307347227936,0.00554488867622434
2018-09-28,26.6693819527946,-0.983706960232313,0.10906046070607,0.0504886797321068,0.942759913280477,0.00559365733379994
2018-10-05,28.5516478523382,-0.999411272981298,0.112149416432324,0.0510151809488796,0.941941786002783,0.00550051385838185
2018-10-12,28.1817498492331,-1.01279853811135,0.114518783908263,0.0513957666861297,0.941326985030969,0.00544338579190518
2018-10-19,29.2981105934971,-1.09020959450757,0.115598327576565,0.0512804325509453,0.9413675755211,0.00531391700685345
2018-10-26,29.8764689264154,-1.03968594485695,0.135564560747341,0.054441837323337,0.936109158515198,0.00516830184536402
2018-11-02,31.5982123093123,-1.03790303025251,0.122526674878404,0.0524042474034786,0.939488902901114,0.0052996636571374
2018-11-09,33.947959886513,-1.09044013173746,0.117013303234024,0.0514923829463092,0.940998363685286,0.00527133563925069
2018-11-16,30.9455850275677,-1.08987567591742,0.120095313376609,0.0522246776143214,0.939981796297089,0.00525955780992304
2018-11-23,31.4205003969711,-1.10717332414345,0.120049210611897,0.0526295122002518,0.939621194620397,0.00528709569222392
2018-11-30,31.4480126069928,-1.16805430182408,0.137863619524124,0.0573184385110105,0.933377368201909,0.00504139797437455
2018-12-07,31.3960848924968,-1.13992856303545,0.12380088783764,0.0536640003987452,0.938249673994205,0.00523590427009518
2018-12-14,34.4288334191683,-1.2435094025216,0.125983777783643,0.0537713945481108,0.937927233917942,0.00509286544618207
2018-12-21,31.7220330628157,-1.22221159244708,0.117233935962423,0.0522125395414679,0.940311448310135,0.00544080840233434
2018-12-28,34.0981812174949,-1.20286805843505,0.119574151883551,0.0525390481738656,0.939778360381638,0.00531931120393834
2019-01-04,29.3893098973118,-1.12765628180297,0.098505605556612,0.0498265437065231,0.944837371156795,0.0056596554633348
2019-01-11,31.1290106391315,-1.12422611866071,0.119022958521907,0.0521620467374349,0.940223903681601,0.00530975134457885
2019-01-18,30.1345779138643,-1.11862353851727,0.119073204636258,0.0524004047916984,0.940014263247741,0.00534586946070585
2019-01-25,31.829563692478,-1.21288681912311,0.123053505698309,0.0529858145983121,0.939032479036183,0.00516348783503328
2019-02-01,31.519324720644,-1.20371907319898,0.139523015202565,0.0579293233091366,0.932749455573366,0.0052740987175363
2019-02-08,34.0026786495085,-1.20782071679595,0.127716338801556,0.0539739186075857,0.937642224866185,0.00509142636390723
2019-02-15,34.3062263174777,-1.2344370926398,0.116913803074965,0.0515202212103876,0.941067039010411,0.00540562609706649
2019-02-22,35.6485924048317,-1.16318005533763,0.133070567048209,0.0560967291002606,0.93515014301353,0.00526759952039359
2019-03-01,31.4504901138505,-1.20964037554712,0.124881908428549,0.0530446739821249,0.938837241439856,0.00510981292020296
2019-03-08,33.8873636550531,-1.18538321245006,0.128319574194098,0.0538213790093773,0.937793729339422,0.00501416253776442
2019-03-15,35.9811439398881,-1.27456719508865,0.127372987383056,0.0523544013801713,0.939206181411742,0.00495488239801888
2019-03-22,38.1585767151863,-1.25762464159568,0.126697500607768,0.0528376094313743,0.938834189837851,0.00501877027399501
2019-03-29,39.850745924591,-1.20523450449575,0.137967451662938,0.0562362268498813,0.934607788841005,0.00476929547856774
2019-04-05,38.213512537746,-1.16655771823002,0.132574559018531,0.0523393465424707,0.938479386573008,0.00463462282148235
2019-04-12,40.9288745362508,-1.17206646735216,0.133946409286632,0.0562737221602282,0.935031174711294,0.00490750039147237
2019-04-19,40.8447748837977,-1.22402735284084,0.136163706048521,0.055255141678589,0.93558358411111,0.00471473153312957
2019-04-26,41.7047563164861,-1.23385369594517,0.132334018392155,0.0515921781187662,0.939097291214609,0.0046967006850519
2019-05-03,42.7867969391232,-1.32897679115653,0.127555865720678,0.0525059654733853,0.939038046961287,0.00474997600816618
2019-05-10,39.0478419367947,-1.31021855431922,0.131167417833298,0.0537106752704759,0.93752077367437,0.00497811311341291
2019-05-17,41.6355966416541,-1.36532690389105,0.138252517287567,0.0552509326289918,0.935312090543998,0.00478425564008622
2019-05-24,37.9648370610134,-1.41514497839245,0.141122781411078,0.0549087311889657,0.935213745943999,0.00455618722330625
2019-05-31,39.8139944434311,-1.42700651932481,0.133216992826662,0.0539260304467789,0.936996123798849,0.00498019626843277
2019-06-07,40.7379867689673,-1.42374635865619,0.138277977892648,0.056503468992702,0.934126967770326,0.00522322051418127
2019-06-14,34.8461988231021,-1.42664047550796,0.13596807293605,0.0555680000744287,0.935208037282364,0.00524208773366694
2019-06-21,31.1668039059977,-1.36312716127067,0.135288126905728,0.0545889272311403,0.936136051310524,0.00527182605907826
2019-06-28,30.5453096905976,-1.28204431070988,0.132726616220317,0.0534373262015297,0.937445979886909,0.00516777180584702
2019-07-05,30.9835209575033,-1.29796029832258,0.139231680002973,0.0553362558544163,0.934954618526373,0.00513885529229067
2019-07-12,32.8593957966483,-1.38142347909451,0.139729692376583,0.0558050652717744,0.93454219884282,0.00510661956240346
2019-07-19,32.0475877859904,-1.38196643590031,0.139845509109074,0.0558399602714267,0.934495854922161,0.00512920705265363
2019-07-26,32.7983031354932,-1.44989968606597,0.142443103852829,0.0563855114387488,0.933791318457393,0.00492107748095854
2019-08-02,32.4464748322086,-1.51030970356837,0.146035413163403,0.0565863051599833,0.933282570302351,0.00474000517857438
2019-08-09,35.1131607346501,-1.48312965147578,0.140835385590256,0.0558345007252343,0.934514982606711,0.00494794259315398
2019-08-16,36.9144163934774,-1.47188878563277,0.141786156091608,0.0562384046439307,0.93402277252783,0.00503209902857807
2019-08-23,34.4287250654324,-1.42640749735677,0.142334451142843,0.0562307782092194,0.933925323546579,0.00501853558713277
2019-08-30,33.472647228972,-1.38692995437502,0.144393484703505,0.0561821619906365,0.933711544665856,0.00492673470106028
2019-09-06,34.0827262275361,-1.29979140008118,0.147091644439441,0.0560218469403605,0.933538265068069,0.00475372419894162
2019-09-13,35.7337645108827,-1.33332996496304,0.146321038481664,0.05594964505218,0.933698053561427,0.00487003851374008
2019-09-20,38.8601703784811,-1.37113486476895,0.158382203075824,0.0565921713631197,0.931587753541126,0.0046262820725862
2019-09-27,36.9782503371568,-1.43722742874846,0.151808308725943,0.0574899990681048,0.931744405034083,0.00466094048771667
2019-10-04,37.6592756350244,-1.34313354314264,0.155407596552437,0.0573340042893257,0.931439852387441,0.00455224655592941
2019-10-11,39.2295121695447,-1.29723251583792,0.156401816547095,0.0575072598756209,0.931138127286204,0.00451368216857265
2019-10-18,42.1414991853917,-1.26192134292682,0.157318839559332,0.0572765868440497,0.931195716527827,0.0045174791201214
2019-10-25,42.6252877530628,-1.27077933001009,0.154978762663359,0.0557989201747325,0.932763061583262,0.00454143531363001
2019-11-01,42.2753587774938,-1.19205493003477,0.163331071953984,0.0592249870065934,0.928801936234674,0.00438387263599356
2019-11-08,42.3468699628292,-1.23794305845827,0.161653216131536,0.0581182959731061,0.929944102279474,0.00442504004648159
2019-11-15,44.809082090702,-1.20135624781377,0.176050044298154,0.0549839767517909,0.930629348678359,0.00403985606467066
2019-11-22,43.6798872770056,-1.20125532081407,0.159660140961636,0.0582689834923965,0.930022965120923,0.00472406967109852
2019-11-29,40.8259084379287,-1.21091151172625,0.158692944372416,0.0580505762210284,0.930313937419042,0.00484915818275292
2019-12-06,38.7116842758653,-1.21811687586328,0.157628311942183,0.0578488919823488,0.930642461572522,0.00486433288800354
2019-12-13,36.7418150652122,-1.21020215144971,0.156046335636777,0.0564802257771054,0.932016517779176,0.00478716530521989
2019-12-20,37.3178919824531,-1.22463832801865,0.160019434131185,0.058081685653581,0.930122928762425,0.0048591391368143
2019-12-27,38.0864405401136,-1.23891482329995,0.158574435360027,0.0577316665860773,0.930602356909665,0.00497034032125345
2020-01-03,37.2714809326555,-1.23318384158845,0.154854208338831,0.0561000416109353,0.932414706365647,0.00506434166522564
2020-01-10,36.0097904069571,-1.27814732255886,0.155552790651493,0.0563572371791963,0.932145751952854,0.00517247278052603
2020-01-17,33.63943236395,-1.33141429117836,0.333413607167012,0.0748212464546578,0.893534587306805,0.00242549765209714
2020-01-24,33.6080029144513,-1.34860486434468,0.155693489012795,0.0549236741664231,0.933364481016063,0.00504107812283449
2020-01-31,34.9887366569584,-1.24836012483295,0.165186168342504,0.0569175796425594,0.930485770034301,0.00487269574225133
2020-02-07,34.4634170765245,-1.240789695279,0.159758515745469,0.0551399714301168,0.932681234653483,0.00488516014183654
2020-02-14,37.8420826792122,-1.30272654480208,0.160119822351128,0.0568684778710953,0.931226341172724,0.00500904210839515
2020-02-21,37.3846108753835,-1.50472796465192,0.173127314138507,0.0529385571308594,0.93323390390479,0.00414150496941783
2020-02-28,37.9883344794518,-1.64868110436323,0.170998473654705,0.0573815608881543,0.92983295075639,0.00437052726412131
2020-03-06,43.5718714580755,-1.98830634933523,0.179652850289093,0.0606027458728087,0.926386776116078,0.00421431832200492
2020-03-13,47.9679909860471,-2.07203290732729,0.187615471767983,0.0625962124178028,0.923724741112977,0.00399852845739295
2020-03-20,56.6542555641961,-1.98347332293364,0.19652174705814,0.0629599108919974,0.922123160586064,0.00348491264967073
2020-03-27,59.7812709388911,-2.16827337680101,0.205989600730549,0.0666802274082238,0.917983439627054,0.00347014018171471
2020-04-03,62.6491753409712,-2.0518425126688,0.217936823301658,0.0689314943752293,0.914780268944975,0.00320761472494528
2020-04-10,70.5789974072912,-2.1638994425585,0.217258683813948,0.0695812189726791,0.914219010413627,0.00318731678606871
2020-04-17,77.5957887745385,-2.21518808502715,0.215575669992292,0.0676441396406272,0.91611792287698,0.00321316555101305
2020-04-24,80.9777660297556,-2.09176128677261,0.215408675962629,0.0687977140357108,0.915130857216335,0.0032785607525753
2020-05-01,74.6611931153038,-2.12701859784196,0.210892222498998,0.0669623327411446,0.917182481799046,0.0033944230216381
2020-05-08,79.2040898062531,-2.21084014519075,0.220895165560313,0.0686805346264936,0.914513574296538,0.0030614921890611
2020-05-15,74.6628586527423,-2.17859390120876,0.212134786855644,0.0658828206810667,0.917945528505953,0.00307729347279347
2020-05-22,77.7407714334975,-2.0878536751372,0.223587696893319,0.0676237395628452,0.915083203206116,0.00297080960443272
2020-05-29,77.0983704082164,-1.85352702843033,0.224468508164354,0.067397630454865,0.915140470018738,0.00275027324908063
2020-06-05,81.8105187009072,-1.97805866838203,0.220506235452173,0.0701491606910167,0.913430486416485,0.00269687677333185
2020-06-12,89.531918740516,-1.99226588489574,0.225208285793287,0.0704206636360231,0.912503732583903,0.00303327083826003
2020-06-19,95.5373497402096,-2.00944514197026,0.243894065689517,0.0732728227627868,0.907663830592394,0.00303999620870661
2020-06-26,81.2804155577854,-1.93052119586045,0.223374908328572,0.0703510889292989,0.912732226843133,0.00317164361976336
2020-07-03,76.5045277893476,-1.92528897138909,0.225306366565156,0.068839731575163,0.913668622418754,0.00324608774668617
2020-07-10,77.4639794445042,-1.89494349033621,0.234171139301908,0.0698608894758892,0.911592021598358,0.00314411822649815
2020-07-17,69.3895353175131,-1.9450987836648,0.237799358570098,0.0702787401727982,0.910773589013292,0.00318382381413158
2020-07-24,66.7107108524604,-2.04145795834056,0.242596129500295,0.0707532287932682,0.910026544570117,0.00295069899952418
2020-07-31,64.2385579066888,-1.97848958218367,0.247451706194849,0.0728284057958043,0.907468102382647,0.00309450573102736
2020-08-07,69.6940073444951,-1.90627703152837,0.227405061146654,0.071115259150987,0.911483247242708,0.00342397082558125
2020-08-14,68.8770208038375,-1.98815249088474,0.234472536427688,0.070337981966101,0.911292925937644,0.00320299674151242
2020-08-21,69.3058111806373,-1.91975742116742,0.255932283296782,0.0751367045130032,0.904445107278215,0.00299569529818857
2020-08-28,69.0727331541853,-1.96121184682229,0.26148522566316,0.0751986122322871,0.903661788695713,0.00302730874048391
2020-09-04,70.2200586250891,-1.9949427662388,0.245082219770113,0.070464050636128,0.909702109476014,0.00308523777321081
2020-09-11,65.8308037522198,-2.06158773429171,0.272271905198584,0.0731527265966072,0.904046826723019,0.00271765787137744
2020-09-18,63.0753359050482,-2.20260923422498,0.250390333074438,0.0716079542370532,0.908181925357239,0.00287678912790249
2020-09-25,63.5419977731019,-2.19506490507231,0.250321173126279,0.0715387071439135,0.908225105520669,0.00299000509267209
2020-10-02,68.8709793421686,-2.09653743502757,0.257344503214719,0.0739252348945444,0.905375717825661,0.00300081990989879
2020-10-09,66.320269394319,-2.16580508945361,0.244823044400461,0.0710035065773434,0.909398699112305,0.00304170850848732
2020-10-16,69.4304094385869,-2.11899865416323,0.234612782752912,0.0672691204956004,0.913805116375239,0.00313328737763478
2020-10-23,69.2369192912882,-2.24163142270154,0.248309745951034,0.0715875831858345,0.908475372544327,0.002904808858734
2020-10-30,68.3948152430836,-2.18288046931633,0.243618944796957,0.0711991646023959,0.909445185579864,0.00294420979695081
2020-11-06,71.5043430852473,-1.95125088537183,0.239615032595986,0.0716550668169454,0.90961011299842,0.00271313929935525
2020-11-13,74.2386849229647,-1.89365825489598,0.235323572640312,0.0727683661061921,0.909209583490595,0.00285168189897092
2020-11-20,82.7155377806503,-1.83365645750532,0.253677830682752,0.0747620958059869,0.90522563431985,0.00266938915889297
2020-11-27,81.9948169396165,-1.77519412787836,0.240028906922539,0.0708074102845327,0.910245340201757,0.00259407044784553
2020-12-04,83.3551389153695,-1.82113218457853,0.240479812678571,0.071573700904736,0.909548194287776,0.00260086754043248
2020-12-11,81.9468717789211,-1.83388698360809,0.242204735393095,0.0715424052434377,0.909279796281201,0.00287452947261373
2020-12-18,83.4781200298072,-1.86489324108685,0.25149706124551,0.0712685605618968,0.908250943783301,0.00302582269927725
2020-12-25,72.8953415140338,-1.86953717575501,0.261591373715102,0.0717723019820761,0.906429155751488,0.00310189906929247
2021-01-01,63.1152952558442,-1.79655700906668,0.256138532655643,0.0704394627599806,0.908276880020729,0.00301290403987116
2021-01-08,55.3053400935487,-1.86901585318226,0.259701410983423,0.0714267521933774,0.906968047636328,0.00310485319965075
2021-01-15,57.9042906260606,-1.89692943786815,0.260029473992639,0.071215489280454,0.907075036167309,0.00308267916866176
2021-01-22,56.2803541634266,-1.95750764815695,0.268700083954742,0.0724323820264697,0.904902441875286,0.0027806171100644
2021-01-29,55.7284464508243,-1.80424192867289,0.257047426717039,0.0705893134085829,0.908054488034072,0.00279520155182526
2021-02-05,57.2919603567416,-1.77260347548031,0.262420231813125,0.0707664378406211,0.907194565227969,0.00270015914952066
2021-02-12,62.6640119171561,-1.77489921944137,0.259965830949746,0.0707344723066102,0.907556591635868,0.00278156293164502
2021-02-19,61.4044867880799,-1.78703902211423,0.261946092722895,0.0709566367799995,0.907088841763987,0.00292545338306745
2021-02-26,61.972698406859,-1.74753550960457,0.258638643466163,0.069768005096875,0.908544989714174,0.00292851667688394
2021-03-05,58.4447561309817,-1.73445676204039,0.256756338419512,0.0688359472148654,0.909575237597502,0.00303321286378203
2021-03-12,59.2494644995076,-1.75005215733748,0.266132095362123,0.0698193695718833,0.907431732343629,0.00324574339952137
2021-03-19,57.6093965205519,-1.74921228603627,0.274917741888527,0.0705808989283179,0.905582107048577,0.00341758628667392
2021-03-26,48.9618371114971,-1.75831746531584,0.282533145263243,0.071862168171854,0.90348107715978,0.00357826698305226
2021-04-02,42.807806089085,-1.79181181829417,0.291749489346447,0.0738173211721631,0.9006000190798,0.00372948885512501
2021-04-09,39.252062862546,-1.78022847570127,0.322860382199685,0.0786937472562698,0.892364739168766,0.00337573932105764
2021-04-16,36.2335826479167,-1.84338856179153,0.319221361746625,0.0783199747158442,0.893149069893355,0.00337195048564303
2021-04-23,33.4641060127736,-1.75907744184025,0.315670073626421,0.0764825252500864,0.895261106533842,0.003122686786278
2021-04-30,35.104405173936,-1.70884254905971,0.316117878992046,0.0758768374850392,0.895755044311447,0.00310417090606521
2021-05-07,39.8149521621469,-1.71581376863072,0.311458910997663,0.0754631895247633,0.896728738607394,0.00315460382748808
2021-05-14,40.4795647905999,-1.72469200058505,0.31796709039124,0.0767529064546426,0.894675703851587,0.003738307710594
2021-05-21,42.5494128407017,-1.731794015611,0.318064571638114,0.0769061918642625,0.894527110516425,0.00382055881689539
2021-05-28,31.0135291987991,-1.75276869481169,0.318829153711218,0.0776244587303356,0.893805906399835,0.00400141636845984
2021-06-04,30.9761562040602,-1.80297854494814,0.31971286928621,0.0786365931119792,0.892817540595486,0.00420591290132192
2021-06-11,29.9006508247867,-1.8214853307537,0.316486099441059,0.0776495316928792,0.894104867360507,0.00416198603142042
2021-06-18,28.9077232255199,-1.80177462824925,0.313981376316552,0.0766482375640182,0.89526211837427,0.00414637031826841
2021-06-25,31.7535368517572,-1.8590133564556,0.314218514658176,0.0768006477432316,0.895107184400557,0.00418593601781868
2021-07-02,32.9051606155605,-1.88669976430748,0.310087662771,0.0765294192453583,0.895836962523146,0.00423439124261226
2021-07-09,34.1934349271655,-1.91783343686669,0.302632637375885,0.0736233929943138,0.899212785432297,0.00405366228598498
2021-07-16,34.4236382934806,-1.88588978334603,0.315327404031946,0.0755508703722411,0.89587713627895,0.00375903307714364
2021-07-23,35.996336713856,-1.84091499824647,0.314067006360044,0.0751949482875215,0.896332354768282,0.00384698033439961
2021-07-30,36.9569295038469,-1.80671109006207,0.316527635604499,0.0750114574796347,0.896222873561145,0.00376691335581537
2021-08-06,36.791821625264,-1.78489414806389,0.32139213051476,0.0753483701857177,0.895263740200123,0.00366709275931494
2021-08-13,39.8189017210961,-1.84866695226264,0.3278031588132,0.0762409130052386,0.893690175920513,0.00349826172191061
2021-08-20,38.9935412448696,-1.80430712435637,0.32320065213013,0.0734890839571071,0.896613075317236,0.00335165519485627
2021-08-27,41.512169104976,-1.75388261497025,0.316997568570301,0.0745440647512595,0.896472318632834,0.00400298496785571
2021-09-03,41.8974283734061,-1.77124471129566,0.32489778581954,0.0758206806068352,0.89432454572224,0.00396136307619245
2021-09-10,34.7946640075981,-1.73925267758327,0.325851898251264,0.075814918212463,0.894204615573375,0.00404021733051574
2021-09-17,33.5214931889084,-1.6708215108743,0.323721621559917,0.0744976737304794,0.895655769116175,0.00415468861175104
2021-09-24,32.5171905801422,-1.63322966400237,0.325399640880745,0.0740222662166258,0.89587907321724,0.00406442332515221
2021-10-01,32.4012075547399,-1.62207066536738,0.324405218291877,0.0734998553876857,0.896491404064724,0.00396761066815644
2021-10-08,32.8201256096249,-1.64853459498197,0.325363363223006,0.0731847878622787,0.896611478343412,0.00432104573068433
2021-10-15,34.9163577341548,-1.66465809531329,0.32413522884228,0.0745616144691138,0.895525146698206,0.0045103964210557
2021-10-22,33.3375186392877,-1.61558513901941,0.300140250961513,0.0748500855330854,0.898434884574346,0.00507919680062231
2021-10-29,30.489063494777,-1.60675500843582,0.31293283050827,0.0723757465030717,0.898946883560542,0.00464610724743208
2021-11-05,24.6043603421059,-1.67214107725015,0.312232507404734,0.0757337752939069,0.89601974269245,0.00547140576523682
2021-11-12,26.4845600322971,-1.73793421526062,0.312865165838225,0.0756146854245165,0.896008236140508,0.0053468041733267
2021-11-19,24.2849899486321,-1.80510866241452,0.321606946187042,0.0757756748945081,0.894775085160515,0.00507956499154825
2021-11-26,27.1247252871295,-1.83309665723614,0.319627553106496,0.075941823581922,0.894884573620929,0.00528466897662421
2021-12-03,30.8861776048777,-1.80733372413787,0.331946421147021,0.0767833782661309,0.892546553310531,0.00507018357139457
2021-12-10,30.797524875245,-1.83477089313333,0.327170380287643,0.0767265702737308,0.893183968683603,0.0053124353633922
2021-12-17,31.9189462677057,-1.76976979180248,0.331138583897634,0.0761008943440312,0.893233057577396,0.00526091785742492
2021-12-24,29.778762154598,-1.78530084092446,0.32830611066417,0.0760276685396313,0.893647539903802,0.00546351547590883
2021-12-31,32.2342003287371,-1.70946826319068,0.341406407626139,0.0757363180561929,0.8922899090297,0.00520065400652365
2022-01-07,31.7295863436805,-1.70186647637965,0.342801714039568,0.0756075946583655,0.892215128259072,0.00527913094562256
2022-01-14,35.7961687064863,-1.77882292887322,0.347223106537991,0.0768064181271041,0.890612660462459,0.00533955134663826
2022-01-21,36.2593141005482,-1.78893771448275,0.343032558586502,0.0764135310099011,0.891465130790979,0.0055855557691341
2022-01-28,38.5347491086649,-1.72630789806604,0.347017529771931,0.0758033522432844,0.891495960915248,0.00557769576331203
2022-02-04,37.3399600856277,-1.67894902409082,0.354381287792863,0.075189803409807,0.891088154525009,0.00544724506991902
2022-02-11,39.6286428981971,-1.73741230149696,0.364969647524657,0.0760125904206933,0.888967904248669,0.00529504050993189
2022-02-18,41.9999108468461,-1.86599903284274,0.377324782346201,0.0791979776172648,0.884744132553485,0.00520269699479746
2022-02-25,44.9789080983075,-2.12764087047662,0.401323046826095,0.0818992593430301,0.879758103920757,0.00474093018567371
2022-03-04,50.4595174384836,-2.06569787309134,0.423285892380182,0.084579435731388,0.874758507382155,0.00435499759292211
2022-03-11,61.0573272143064,-1.92523687402671,0.430588836760289,0.0860690995104305,0.872467404125166,0.00460701901540086
2022-03-18,63.3027526528487,-1.97959032871574,0.429892754504945,0.0858592691024831,0.872751807224558,0.00469746469773961
2022-03-25,67.9041625494218,-1.97777325354821,0.427458316868359,0.0856087662060832,0.873265887609568,0.0049491936447737
2022-04-01,65.3042175264121,-2.01511140112485,0.43291451025942,0.0859226342627987,0.8723292532541,0.00485652830706638
2022-04-08,63.5688127697482,-2.02748318552344,0.424839327801279,0.0833888336111911,0.875424351793989,0.00530990705876478
2022-04-15,63.2454287812155,-2.0244782041518,0.423682688686466,0.0831142801003963,0.87576708242053,0.00555944966376225
2022-04-22,50.8582239761699,-2.09647939192344,0.409967121478195,0.0809485111126909,0.879311265468675,0.0057256905967407
2022-04-29,49.4684977603769,-2.15052402869898,0.412615842395641,0.0809306159445927,0.878909730537688,0.0056749203174352
2022-05-06,51.477846349312,-2.10713405363581,0.412126428281733,0.080131544156377,0.879615318072141,0.00561870092030805
2022-05-13,52.649365967402,-2.10992839972088,0.409398900150203,0.0794545345807546,0.880510175392643,0.00586079404081067
2022-05-20,53.530818074056,-2.0456725030713,0.441080669788763,0.0833620250709122,0.873473310734712,0.00524860666057152
2022-05-27,51.2053829990017,-2.06151141880497,0.436918321236207,0.0828984142006431,0.874083490998394,0.0056261893245799
2022-06-03,54.8808754445197,-2.15614912298285,0.45499341869245,0.0849218050430501,0.869900180352018,0.00538211119225182
2022-06-10,51.9013644798488,-2.08722830062802,0.422991346613234,0.0823272365900181,0.876232482473585,0.00579282621509297
2022-06-17,55.9930091936544,-2.10567739705718,0.437772578181158,0.0819493213328754,0.874564621882847,0.00617948726650963
2022-06-24,47.2117464927872,-2.11905483911504,0.408877574251871,0.0771587282541669,0.882376460904108,0.00639734339407474
2022-07-01,43.7354671118164,-2.19736944834018,0.43592140189873,0.0840431826775351,0.873036538946456,0.00669051601288703
2022-07-08,46.9459736832497,-2.27976613167546,0.443336563022313,0.0832609630095138,0.872678155641353,0.00673299976579818
2022-07-15,38.9892668957513,-2.25484281067758,0.441607805991803,0.0826279137475968,0.873464287742561,0.00678367197524452
2022-07-22,43.7585966184735,-2.21493567471304,0.442815732863224,0.0812228820400692,0.87462682620209,0.00649033073754974
2022-07-29,45.7225666266582,-2.22101478713178,0.437825670663491,0.0808754324742238,0.875577639512374,0.00677658337733843
2022-08-05,48.4616747779833,-2.17605862896106,0.436815882093609,0.0813586657385826,0.875142141036581,0.00737481572724226
2022-08-12,49.9022220452813,-2.2434087470266,0.446817587708821,0.0822866697585495,0.87304356678146,0.00745865598989344
2022-08-19,49.992865910551,-2.30238447483137,0.460467588377056,0.0838865556284196,0.869817474654079,0.00777295293184433
2022-08-26,52.0739721885099,-2.26975860863398,0.467930956031054,0.084053409237438,0.868699609841083,0.0078378437559989
2022-09-02,53.7212451151424,-2.18526165790495,0.460449366353514,0.0828050103122003,0.870771196430666,0.00801003431120727
2022-09-09,54.384866663895,-2.15706599209712,0.464266830795416,0.0826776418883536,0.870324483270849,0.00830867784494401
2022-09-16,56.4192632526556,-2.15746444735616,0.869713769178881,0.104666052812812,0.799078650332136,0.00969150951324406
2022-09-23,56.266852135297,-2.26500002085578,0.465075138041991,0.0838612501371755,0.869185811487459,0.00920886404916343
2022-09-30,56.9784336215372,-2.21795292333759,0.46091942168992,0.0802229929600163,0.873022260659432,0.00869394020870307
2022-10-07,60.0392369882548,-2.18208639446733,0.456201231459556,0.0807866104884885,0.87286015623683,0.00986587760602735
2022-10-14,56.9047729958613,-2.13695890443242,0.443299870043512,0.0783997279970434,0.876497890129273,0.0104139316387943
2022-10-21,55.3014643147404,-2.09607479613257,0.447850597374372,0.0774937705205359,0.876578377395398,0.0106574477344553
2022-10-28,57.4853356267838,-2.02651983873453,0.46108978012344,0.0787866661839223,0.873751941029209,0.0112319378587356
2022-11-04,57.2458285405435,-1.97158885367142,0.464375426342644,0.078125995750588,0.873794554695606,0.0117426755338183
2022-11-11,58.8570972410833,-1.9352890596405,0.453255221769329,0.0744851145573918,0.878135865996106,0.0116065455085796
2022-11-18,48.9065048338839,-1.88400519193211,0.454812110903438,0.0739734046503099,0.878331264715226,0.0121267406953105
2022-11-25,49.6217997867538,-1.89968292272138,0.446031518198089,0.0713055696550908,0.881625704649988,0.0120823277298937
2022-12-02,49.1590454258588,-1.91582104757232,0.450639839784985,0.0710073207696399,0.881246661418753,0.0122413059257905
2022-12-09,47.5870151575447,-1.91904485272966,0.472455742370257,0.0732004039950881,0.876408184732239,0.0117501106102454
2022-12-16,41.7690931294221,-1.82373760377,0.46742139189785,0.0715859483973088,0.87843734047251,0.0123976003229081
2022-12-23,35.8105138395982,-1.82772284429129,0.50101332966801,0.0761319338742508,0.87011569266114,0.0119945636202686
2022-12-30,39.2093399168653,-1.76533499731899,0.487221047573783,0.072636262481488,0.874949770021772,0.0125834450434933
2023-01-06,33.6851224540892,-1.74187062906486,0.497418543279569,0.0734115088173182,0.872926476153465,0.0126068622487405
2023-01-13,39.8713498763816,-1.81439044306374,0.495977694184557,0.0752435486985563,0.871587373977926,0.0123971423084214
2023-01-20,39.444164963335,-1.74815294481094,0.496094354448857,0.0735751060429264,0.872959448563099,0.012828200783043
2023-01-27,34.6906398713184,-1.67952414357237,0.495281764968624,0.0723345409141618,0.874147139318082,0.0131963472934138
2023-02-03,38.5134649773386,-1.65047243778573,0.503481416008021,0.0707495563471573,0.874466543129476,0.0134258317309862
2023-02-10,40.4485613523299,-1.59577100431,0.500881739488942,0.0719438185967235,0.87375392352853,0.013183480241139
2023-02-17,40.3818796247019,-1.5559874387562,0.486952287483595,0.0707871250438545,0.876476075249636,0.0137495333352022
2023-02-24,42.4707483127303,-1.53237214765922,0.485792331731136,0.0699856298812809,0.877255602636896,0.0143026960484298
2023-03-03,43.732938059421,-1.5774637095344,0.497182468212092,0.070502198124867,0.875316488359576,0.0147921711527093
2023-03-10,46.5985661138757,-1.82275915899898,0.568108616514614,0.0744542990098049,0.862548966442851,0.0175793137206825
2023-03-17,50.2761327844889,-1.85133421241528,0.504354613855732,0.0713453686791697,0.873610699036704,0.0159791611272729
2023-03-24,59.2253310900472,-1.74450324652272,0.508401402903628,0.0708619993118413,0.873482498350848,0.0168713403430532
2023-03-31,53.6226332877845,-1.70406102061725,0.507063151349641,0.0697632238652183,0.874577222802913,0.0170453966527258
2023-04-07,58.199429076955,-1.66223716885665,0.514065142170493,0.0687230998826032,0.874519189673333,0.0176890535221343
2023-04-14,57.3472567500846,-1.62640711048848,0.493918683436496,0.066872410546526,0.878841787108671,0.016554351078863
2023-04-21,59.8395539575933,-1.65680352997939,0.499402704454903,0.0663414026111101,0.878510262983551,0.0172929991745569
2023-04-28,50.6502085859472,-1.56977340577001,0.490037282911309,0.0667011029144527,0.879414943722596,0.0173348375510484
2023-05-05,53.3586828111704,-1.51409245366674,0.488521580907299,0.0666336150574521,0.879666014310242,0.017511989439215
2023-05-12,51.0755819408586,-1.5304841933775,0.497031145585023,0.0674491106476657,0.877867948082111,0.0179503496382399
2023-05-19,49.2197301963445,-1.46057103520576,0.510932474650848,0.0691345495474442,0.874607982164889,0.0188278934311275
2023-05-26,48.1646266799471,-1.45770419681062,0.487929644833862,0.0675658944507228,0.878924304407518,0.0166503194489886
2023-06-02,47.4990332862807,-1.45419412889195,0.496356339667258,0.0712364706418197,0.874774391114823,0.0150658867064243
2023-06-09,40.4675943053317,-1.44876965427045,0.495378566652901,0.0706052416217888,0.875405452128477,0.0153286322847544
2023-06-16,34.0358307458527,-1.42413579528749,0.495952122521264,0.0696818044295943,0.876081476616123,0.0160822431154425
2023-06-23,36.0094711569743,-1.36328902984958,0.849948178049327,0.0823540467961867,0.818574056460441,0.0255236794362588
2023-06-30,38.9708130950397,-1.39043796500741,0.48637033486625,0.0673856552507679,0.879198700600314,0.0161646750160791
2023-07-07,46.4098162537049,-1.40488473070687,0.494479616645613,0.06775423693355,0.877774496135684,0.0168985240728651
2023-07-14,43.5291614863693,-1.43959553547421,0.506100161166661,0.0691998384242463,0.874991564371702,0.0174207611384625
2023-07-21,46.7023891461918,-1.38118273883349,0.491236342314061,0.0670615725235483,0.878796536399597,0.0173668306806001
2023-07-28,48.0474830952483,-1.45292005163842,0.510899880404395,0.0708103406478092,0.873057060881643,0.0172535612234666
2023-08-04,48.480057409823,-1.45767372354641,0.502149697778483,0.0713569471062098,0.873771416698904,0.0160683407721191
2023-08-11,45.43894716194,-1.52398730382499,0.514947845450956,0.0732477244042947,0.870481825824685,0.0163114086689302
2023-08-18,42.3535479015815,-1.47556412137844,0.856925287875541,0.0921893038885658,0.809480810598919,0.0223784542163353
2023-08-25,42.5600273945823,-1.46836365338602,0.863881485818467,0.0933969490207662,0.807476316530013,0.022258219694142
2023-09-01,39.0200713554256,-1.43534280953379,0.506543610401141,0.0738767256424686,0.871155081729642,0.0153837935835771
2023-09-08,38.3839782487324,-1.39771527642664,0.639478165064228,0.0819540255226034,0.846283977856932,0.0218368935863384
2023-09-15,40.9545329579458,-1.30936489954552,0.46823954595532,0.072095025609399,0.877961163712794,0.0123132412131726
2023-09-22,46.3357389364779,-1.27584267390907,0.463021260104999,0.0709808627245913,0.879629254024647,0.0118796656077576
2023-09-29,33.2605309360981,-1.21972571347816,0.479947927388718,0.0761778459334727,0.873114504256901,0.0110112836245741
2023-10-06,33.842366496842,-1.1858747968472,0.486526464929951,0.0775237499451871,0.871165479404613,0.010765819482394
2023-10-13,31.1558984495161,-1.1713279935822,0.493741220852666,0.0775455302952501,0.870183638001595,0.0111969496614123
2023-10-20,31.2660608267017,-1.12185526993496,0.473921393329223,0.0797447621875241,0.871274838829265,0.00825586120146337
2023-10-27,33.7819869738864,-1.17269632053569,0.486248362364451,0.0790684672468607,0.870129732714035,0.00953687608518511
2023-11-03,26.1934886176381,-1.19988142921489,0.451656871098007,0.0810880733674701,0.873347785035986,0.00588408208677765
2023-11-10,30.2521024949501,-1.11691203833257,0.463192728958434,0.079859777317227,0.872853742258584,0.00671550968695307
2023-11-17,22.1135858223694,-1.16880484085863,0.451471449540987,0.0813856227902516,0.873301538327541,0.00517112572263755
2023-11-24,25.8651140454828,-1.12001407389428,0.456115309361308,0.0814528769032667,0.87266908596943,0.00505271790766237
2023-12-01,22.8834202363728,-1.0422142538073,0.456190106040644,0.0791225661132302,0.874750507216551,0.00539258466234149
2023-12-08,24.1616864019195,-1.08938250323997,0.497150282377099,0.0830326139472916,0.866090365133243,0.00512362807878963
2023-12-15,26.3097149881752,-1.03787229101095,0.449558166500093,0.0810500447860596,0.874265201008069,0.00336442768934631
2023-12-22,26.3435649332872,-1.07666296961869,0.418630344495683,0.0830693619508424,0.876946623203886,0.000145767551719511
2023-12-29,23.9220988609331,-1.04244838825092,0.409361706802637,0.0793672942801765,0.8811163630048,0.00035047694970959
2024-01-05,18.0877204142816,-1.02200114975383,0.43568027624453,0.0811513508082391,0.876201876933295,0.000588089106782167
2024-01-12,21.1988598675268,-1.04714294490929,0.411994349788912,0.0795199982221463,0.880685070178964,-0.000845564398791474
2024-01-19,23.9014737814094,-0.672372650678935,0.504637019409608,0.0810866182502473,0.867160793738281,-0.00150529657883496
2024-01-26,22.7953843342912,-0.618782456119788,0.491122385872399,0.0769281795319052,0.872781801308052,-0.00360809262595058
2024-02-02,24.8071505795009,-0.481527875871793,0.4648099817596,0.0749303832418807,0.877580236907661,-0.00368731996418206
2024-02-09,23.0559856973316,-0.548292263071753,0.50337888853252,0.0772837813065441,0.870712270907955,-0.00402968250316956
2024-02-16,24.1943261330947,-0.537323517138168,0.515220904057833,0.0776612165454047,0.868825352823584,-0.00417328427939274
2024-02-23,25.7343540707573,-0.340503911371404,0.447387388819957,0.0719954416644708,0.882498965630566,-0.00568989541801782
2024-03-01,28.484701134276,-0.0485169160773671,0.846699202646443,0.093960204277351,0.811301262240605,-0.00711769723943146
2024-03-08,25.3048889108618,-0.199284529035886,0.488869493880143,0.0740234633356271,0.874856814081406,-0.00495333421699872
2024-03-15,31.8612646552873,-0.0613648214922887,0.50341956903932,0.0768810327863826,0.870334904211364,-0.00417654113609663
2024-03-22,30.5133469314519,-0.102053543689096,0.529219851141072,0.0777411468603125,0.866318564223958,-0.00449848880136654
2024-03-29,32.7746926407988,-0.0549730693336831,0.517346732084414,0.0772097887447031,0.86831068774869,-0.00501032854967113
2024-04-05,34.5756689589635,-0.0553507135974996,0.526659682232819,0.0776073012587271,0.866751078285747,-0.00518292042995411
2024-04-12,33.2206103916482,-0.117615583594722,0.543676068358066,0.0772734197772414,0.864977480355731,-0.00600647137422325
2024-04-19,34.622715496527,-0.0633414002204868,0.548296748591814,0.0791482971936709,0.862551214499974,-0.00582776142861018
2024-04-26,34.6443932857075,0.0737457062132102,0.534878617547828,0.0775004850141975,0.865598849173582,-0.00548439478387039
2024-05-03,36.6685822062817,0.30395858265604,0.500693870178746,0.0733379673294762,0.873459729262014,-0.00469928562271469
2024-05-10,37.1053593917219,0.14438332406397,0.5406379749712,0.0753191195519233,0.866499656768317,-0.00531188372966837
2024-05-17,38.176379614057,0.150038165339317,0.540254559819465,0.0750484602765003,0.866771721487824,-0.00560354276249497
2024-05-24,38.9057040181074,0.230421455691913,0.433243164175018,0.0610358143789299,0.892854231540912,-0.00574370507964498
2024-05-31,38.5965239379325,0.440565874283294,0.458658000000034,0.0667841355461826,0.884509475604562,-0.00735355157249724
2024-06-07,31.657945640983,0.29144416644121,0.47126965625971,0.0663367934098529,0.883301663570861,-0.00633321534935786
2024-06-14,29.4508812961478,0.551618219693893,0.467452740357161,0.0652570500015071,0.884571050878682,-0.00721448096692247
2024-06-21,34.2333855879527,0.3196236499336,0.431704094477622,0.0615505392374701,0.892105727354875,-0.00675269680458947
2024-06-28,33.1475231661843,0.235023095201382,0.426874202456267,0.0587736830017109,0.895042894190133,-0.00594172188461102
2024-07-05,30.9018521305084,0.152979083760821,0.458369282063941,0.0619649931568477,0.88824409974509,-0.00743400091483115
2024-07-12,33.3010774171054,0.055830645364648,0.476686510924101,0.0628835224664409,0.885139949824698,-0.00884489658962646
2024-07-19,30.9556393418753,-0.00172062752843617,0.488117824813788,0.062976560360482,0.88360707727089,-0.00939130120020498
2024-07-26,28.3842468811216,-0.226898841129945,0.534327369430566,0.060078648915637,0.880336570829335,-0.0100749651201311
2024-08-02,28.1404914565849,-0.195308801310814,0.519888457408316,0.0604464056291114,0.881928838673861,-0.0108343155546917
2024-08-09,32.777665377679,-0.200479855039999,0.519936955082622,0.0596898330164235,0.882542623810346,-0.0103778378721452
2024-08-16,28.6882627165875,-0.280020889157103,0.566884712132955,0.0524618828844755,0.883041715223972,-0.0139045332197554
2024-08-23,30.7944373009947,-0.149665545327066,0.507938054025299,0.0597976339071435,0.88388575478509,-0.00968755896254716
2024-08-30,31.0106180117216,-0.277118108073758,0.567476301204658,0.0498122437337866,0.885052958535297,-0.012916343397188
2024-09-06,31.706143633801,-0.262290773390986,0.548924549801547,0.0557291562401293,0.882198277144861,-0.011160462473194
2024-09-13,33.0837605762289,-0.259958298785728,0.551431713720821,0.056316231544055,0.881339359535909,-0.0109204579564762
2024-09-20,33.9864239835912,-0.278215589744188,0.576785210560371,0.0493299638979208,0.88425827742986,-0.0133434580729738
2024-09-27,34.9325516249657,-0.253779561574682,0.547889328059633,0.0567801199427741,0.881384155601926,-0.0107631047407687
2024-10-04,33.2496704555549,-0.209666394658691,0.535487352152621,0.0592488687468568,0.88076440202862,-0.0100013825634239
2024-10-11,34.8265378865277,-0.198213781570696,0.538639602590698,0.0600991356600041,0.87957281245996,-0.00995015140981583
2024-10-18,34.7011735810294,-0.173117933029561,0.52922378259374,0.0601962404553248,0.880681542153619,-0.00952217619328121
2024-10-25,34.9871344517894,-0.273487436449047,0.554039002664809,0.050343073040422,0.886133025479306,-0.0116232703721423
2024-11-01,35.4875640043735,-0.373628510315514,0.579056632843282,0.0604143472272427,0.874005235929606,-0.0103873822387095
2024-11-08,35.7019907274885,-0.395449272246098,0.585229779708912,0.0603957714283432,0.873217691801227,-0.01052245705763
2024-11-15,37.4568368427963,-0.520018541154425,0.651754626703827,0.0645356975857547,0.860993911342885,-0.011103762270103
2024-11-22,37.0564154051864,-0.537845980390524,0.664604974021819,0.0648482900614357,0.859053993289528,-0.0118621946285253
2024-11-29,39.1285329384065,-0.514242429397187,0.644467117600518,0.0640131997739285,0.862378921671064,-0.0110609871848143
2024-12-06,36.1718500669071,-0.555399483905775,0.696966716586044,0.0649400854620289,0.854783140583771,-0.0122653706738948
2024-12-13,38.583580504612,-0.554601631184554,0.693721587785671,0.0650812595058856,0.85508968877762,-0.0119662158781083
2024-12-20,36.8421814935755,-0.546167808340938,0.675106194738633,0.0651611896411876,0.85741681953999,-0.0118107268233574
2024-12-27,38.003976161681,-0.587021077562853,0.70047707117085,0.0660401893666335,0.853521331351928,-0.0133158313464067
2025-01-03,36.9258005897388,-0.531197319566557,0.657782690076674,0.0643092846583302,0.860441298429515,-0.0121474041484395
2025-01-10,31.9465729816936,-0.433519507354386,0.596691799305199,0.0585503523605957,0.87331823189824,-0.0109624384224605
2025-01-17,33.8442887794279,-0.466945545952829,0.635129226435692,0.060462237403468,0.866660479363213,-0.01151350897605
2025-01-24,35.9563073475576,-0.469743851439612,0.6487604791884,0.059654054950902,0.865555783544229,-0.01207092361978
2025-01-31,36.7045286813368,-0.407710977989707,0.59452246368138,0.0604016204130563,0.871967561843232,-0.0106124488251101
2025-02-07,35.5393951791334,-0.292642026641506,0.561913565527938,0.0563461779936246,0.879878109883918,-0.0107249548595143
2025-02-14,37.4621055314443,-0.29478267616275,0.561828427000843,0.0566638617477363,0.87960530312455,-0.0106269259165063
2025-02-21,37.8612862061598,-0.289938627825638,0.563597355403136,0.0562081725046831,0.879819314458276,-0.0105506643909367
2025-02-28,37.908444171541,-0.184678838749455,0.53718052566676,0.0606190712470468,0.87925878458143,-0.00865847574718515
2025-03-07,39.6013697342009,-0.179866616263993,0.530625090464963,0.060055632960024,0.880581276681916,-0.00878032626549616
2025-03-14,41.66582393048,-0.201476632517035,0.5362160390515,0.0595373136569144,0.880359289440034,-0.00920999137070595
2025-03-21,39.3362511164985,-0.154993683993891,0.536791966206958,0.0611078611705899,0.878920190859351,-0.00905702466261441
2025-03-28,37.6097305321091,-0.326097915944004,0.56245255734465,0.05906783209706,0.87764104576871,-0.00936985143836575
2025-04-04,37.0130475834248,-0.34833117696404,0.572067621893436,0.0599360336311047,0.875649230231573,-0.00957197193411604
2025-04-11,42.4239513642384,-0.275133829259867,0.611457937340759,0.0606429165960714,0.869900190360069,-0.0112465170736295
2025-04-18,40.7615663849721,-0.286244648255099,0.606431148247762,0.062643655950136,0.868819004539139,-0.0107001009053425
2025-04-25,42.8097893739692,-0.198551847997443,0.564437237455424,0.0649287308980884,0.872083567129021,-0.0087035304311466
2025-05-02,44.7042611759275,-0.0763296785577321,0.530282010429785,0.0647263411332701,0.876623105718755,-0.007590335770634
2025-05-09,44.6636134314737,0.0154702020672611,0.509224628903811,0.064068674389778,0.879918061827738,-0.00692444284673437
2025-05-16,45.0927570086278,0.109637716824328,0.492052144720116,0.0628851649936856,0.883156625693394,-0.00658440403884261
2025-05-23,45.973336666206,0.103679498048403,0.493469141274081,0.062697656632692,0.883122670602064,-0.00681692314099927
2025-05-30,44.1913674064402,0.0587955442897866,0.514025147481313,0.0640118535220702,0.879369561133855,-0.00734885643285706
2025-06-06,41.8734640213023,0.0596611279415169,0.51569846380103,0.0642491092024137,0.878974169542815,-0.00725935785120898
2025-06-13,40.5127440365999,-0.0480726299307691,0.583719954449043,0.0682210862090771,0.866824026451246,-0.00902741953385683
2025-06-20,41.4709890358991,-0.0332568477635904,0.557027279860261,0.0665105946545126,0.871705504368915,-0.00847552369935303
2025-06-27,37.0643382044562,NA,NA,NA,NA,NA
