"Date","sigma_hat","mu","w","a1","b1","lam_VSTOXX_1"
2000-01-14,37.4039160417786,NA,NA,NA,NA,NA
2000-01-21,36.0403585661093,NA,NA,NA,NA,NA
2000-01-28,37.9544265788605,NA,NA,NA,NA,NA
2000-02-04,39.1031810081581,NA,NA,NA,NA,NA
2000-02-11,30.0638269923396,NA,NA,NA,NA,NA
2000-02-18,30.7209781882645,NA,NA,NA,NA,NA
2000-02-25,32.6998152887089,NA,NA,NA,NA,NA
2000-03-03,33.2984305644535,NA,NA,NA,NA,NA
2000-03-10,33.7245619946291,NA,NA,NA,NA,NA
2000-03-17,33.1034117153659,NA,NA,NA,NA,NA
2000-03-24,34.2432598787774,NA,NA,NA,NA,NA
2000-03-31,31.2314691223653,NA,NA,NA,NA,NA
2000-04-07,32.5161369810505,NA,NA,NA,NA,NA
2000-04-14,35.6898378369853,NA,NA,NA,NA,NA
2000-04-21,29.2275845225799,NA,NA,NA,NA,NA
2000-04-28,30.4899131390733,NA,NA,NA,NA,NA
2000-05-05,30.7477247274359,NA,NA,NA,NA,NA
2000-05-12,30.9909734265576,NA,NA,NA,NA,NA
2000-05-19,31.1118100650119,NA,NA,NA,NA,NA
2000-05-26,25.6658606530171,NA,NA,NA,NA,NA
2000-06-02,27.2901624863847,NA,NA,NA,NA,NA
2000-06-09,30.7568382783763,NA,NA,NA,NA,NA
2000-06-16,28.9375908493736,NA,NA,NA,NA,NA
2000-06-23,22.7394994415028,NA,NA,NA,NA,NA
2000-06-30,24.5135817773265,NA,NA,NA,NA,NA
2000-07-07,26.4318692291908,NA,NA,NA,NA,NA
2000-07-14,27.4597703311763,NA,NA,NA,NA,NA
2000-07-21,23.7493366863803,NA,NA,NA,NA,NA
2000-07-28,24.1245894447138,NA,NA,NA,NA,NA
2000-08-04,18.6149094508354,NA,NA,NA,NA,NA
2000-08-11,19.6718988332458,NA,NA,NA,NA,NA
2000-08-18,22.5843338586705,NA,NA,NA,NA,NA
2000-08-25,23.1521485484865,NA,NA,NA,NA,NA
2000-09-01,21.3333017264263,NA,NA,NA,NA,NA
2000-09-08,21.2234578741617,NA,NA,NA,NA,NA
2000-09-15,21.1773323269096,NA,NA,NA,NA,NA
2000-09-22,21.8091326334089,NA,NA,NA,NA,NA
2000-09-29,24.405470948544,NA,NA,NA,NA,NA
2000-10-06,25.983027373267,NA,NA,NA,NA,NA
2000-10-13,22.7534354659535,NA,NA,NA,NA,NA
2000-10-20,27.2119909301512,NA,NA,NA,NA,NA
2000-10-27,29.8008548203708,NA,NA,NA,NA,NA
2000-11-03,27.1455778290533,NA,NA,NA,NA,NA
2000-11-10,30.9132311494791,NA,NA,NA,NA,NA
2000-11-17,32.3152097490996,NA,NA,NA,NA,NA
2000-11-24,27.0893689003744,NA,NA,NA,NA,NA
2000-12-01,29.9894207848789,NA,NA,NA,NA,NA
2000-12-08,31.3804974450025,NA,NA,NA,NA,NA
2000-12-15,32.4946732567151,NA,NA,NA,NA,NA
2000-12-22,33.7039018538788,NA,NA,NA,NA,NA
2000-12-29,32.4431827746792,NA,NA,NA,NA,NA
2001-01-05,34.7127522696576,NA,NA,NA,NA,NA
2001-01-12,36.3584055209229,NA,NA,NA,NA,NA
2001-01-19,36.491024314701,NA,NA,NA,NA,NA
2001-01-26,31.1101993308838,NA,NA,NA,NA,NA
2001-02-02,29.5541475323969,NA,NA,NA,NA,NA
2001-02-09,29.7903612705605,NA,NA,NA,NA,NA
2001-02-16,22.9968227799234,NA,NA,NA,NA,NA
2001-02-23,22.8701016454504,NA,NA,NA,NA,NA
2001-03-02,26.3798501926497,NA,NA,NA,NA,NA
2001-03-09,25.9538681276319,NA,NA,NA,NA,NA
2001-03-16,26.9074739807328,NA,NA,NA,NA,NA
2001-03-23,31.0844463016512,NA,NA,NA,NA,NA
2001-03-30,34.432348897223,NA,NA,NA,NA,NA
2001-04-06,39.1378466168016,NA,NA,NA,NA,NA
2001-04-13,37.0394463010823,NA,NA,NA,NA,NA
2001-04-20,38.6000109742847,NA,NA,NA,NA,NA
2001-04-27,33.628458633952,NA,NA,NA,NA,NA
2001-05-04,34.4475858862642,NA,NA,NA,NA,NA
2001-05-11,33.7981037240712,NA,NA,NA,NA,NA
2001-05-18,34.2361129438489,NA,NA,NA,NA,NA
2001-05-25,32.2054364483765,NA,NA,NA,NA,NA
2001-06-01,31.8217320917437,NA,NA,NA,NA,NA
2001-06-08,30.8996394907261,NA,NA,NA,NA,NA
2001-06-15,29.2804936839995,NA,NA,NA,NA,NA
2001-06-22,30.916110994701,NA,NA,NA,NA,NA
2001-06-29,26.5161549379509,NA,NA,NA,NA,NA
2001-07-06,22.3058886351212,NA,NA,NA,NA,NA
2001-07-13,25.2123363741615,NA,NA,NA,NA,NA
2001-07-20,26.6071447631749,NA,NA,NA,NA,NA
2001-07-27,28.7151848029043,NA,NA,NA,NA,NA
2001-08-03,29.1695029028426,NA,NA,NA,NA,NA
2001-08-10,30.6533506634566,NA,NA,NA,NA,NA
2001-08-17,32.7968063428128,NA,NA,NA,NA,NA
2001-08-24,29.2224491205623,NA,NA,NA,NA,NA
2001-08-31,32.2446611549465,NA,NA,NA,NA,NA
2001-09-07,33.2576313831376,NA,NA,NA,NA,NA
2001-09-14,38.1313922015689,NA,NA,NA,NA,NA
2001-09-21,46.9923573440641,NA,NA,NA,NA,NA
2001-09-28,56.7610261399179,NA,NA,NA,NA,NA
2001-10-05,66.6462286124748,NA,NA,NA,NA,NA
2001-10-12,57.455031248601,NA,NA,NA,NA,NA
2001-10-19,57.7481318395749,NA,NA,NA,NA,NA
2001-10-26,58.5028663103512,NA,NA,NA,NA,NA
2001-11-02,61.776265901456,NA,NA,NA,NA,NA
2001-11-09,60.1909116083288,NA,NA,NA,NA,NA
2001-11-16,61.3522204063084,NA,NA,NA,NA,NA
2001-11-23,62.3450716359114,NA,NA,NA,NA,NA
2001-11-30,55.9237683704527,NA,NA,NA,NA,NA
2001-12-07,55.2896007941763,NA,NA,NA,NA,NA
2001-12-14,55.4777314748606,NA,NA,NA,NA,NA
2001-12-21,57.1204828830084,NA,NA,NA,NA,NA
2001-12-28,52.9587010529653,NA,NA,NA,NA,NA
2002-01-04,51.3881855335296,NA,NA,NA,NA,NA
2002-01-11,48.3717635386863,NA,NA,NA,NA,NA
2002-01-18,47.1568972188086,NA,NA,NA,NA,NA
2002-01-25,43.2961233783756,NA,NA,NA,NA,NA
2002-02-01,42.8459451150651,NA,NA,NA,NA,NA
2002-02-08,33.4513269126496,NA,NA,NA,NA,NA
2002-02-15,37.2496209326074,NA,NA,NA,NA,NA
2002-02-22,37.3019551080688,NA,NA,NA,NA,NA
2002-03-01,38.878304449631,NA,NA,NA,NA,NA
2002-03-08,42.2990556858487,NA,NA,NA,NA,NA
2002-03-15,42.8309657853504,NA,NA,NA,NA,NA
2002-03-22,39.8391563841967,NA,NA,NA,NA,NA
2002-03-29,37.9753201412973,NA,NA,NA,NA,NA
2002-04-05,36.4846757001496,NA,NA,NA,NA,NA
2002-04-12,34.9812121753269,NA,NA,NA,NA,NA
2002-04-19,29.4163763562925,NA,NA,NA,NA,NA
2002-04-26,32.4091962274237,NA,NA,NA,NA,NA
2002-05-03,33.580267063295,NA,NA,NA,NA,NA
2002-05-10,32.788015798762,NA,NA,NA,NA,NA
2002-05-17,31.9910260032432,NA,NA,NA,NA,NA
2002-05-24,32.6652335225996,NA,NA,NA,NA,NA
2002-05-31,34.2880356017851,NA,NA,NA,NA,NA
2002-06-07,30.4859153366043,NA,NA,NA,NA,NA
2002-06-14,33.8247707512261,NA,NA,NA,NA,NA
2002-06-21,37.7381333260591,NA,NA,NA,NA,NA
2002-06-28,37.1303873330323,NA,NA,NA,NA,NA
2002-07-05,37.8393418478892,NA,NA,NA,NA,NA
2002-07-12,34.9895175959987,NA,NA,NA,NA,NA
2002-07-19,41.7482798166374,NA,NA,NA,NA,NA
2002-07-26,48.7635784726089,NA,NA,NA,NA,NA
2002-08-02,56.3751352001444,NA,NA,NA,NA,NA
2002-08-09,52.6525203779664,NA,NA,NA,NA,NA
2002-08-16,59.9814269067231,NA,NA,NA,NA,NA
2002-08-23,55.5718927972958,NA,NA,NA,NA,NA
2002-08-30,58.2984109555348,NA,NA,NA,NA,NA
2002-09-06,59.157075571735,NA,NA,NA,NA,NA
2002-09-13,64.9661760467217,NA,NA,NA,NA,NA
2002-09-20,65.4716505982378,NA,NA,NA,NA,NA
2002-09-27,73.8410968674741,NA,NA,NA,NA,NA
2002-10-04,77.658653068533,NA,NA,NA,NA,NA
2002-10-11,87.3382823255956,NA,NA,NA,NA,NA
2002-10-18,92.1163998738496,NA,NA,NA,NA,NA
2002-10-25,97.7107975742891,NA,NA,NA,NA,NA
2002-11-01,93.3871409489908,NA,NA,NA,NA,NA
2002-11-08,86.6875470818751,NA,NA,NA,NA,NA
2002-11-15,65.9032554584421,NA,NA,NA,NA,NA
2002-11-22,66.9372963600866,NA,NA,NA,NA,NA
2002-11-29,69.1590862826244,NA,NA,NA,NA,NA
2002-12-06,64.3021584059682,NA,NA,NA,NA,NA
2002-12-13,66.6450631373859,NA,NA,NA,NA,NA
2002-12-20,68.0212076588104,NA,NA,NA,NA,NA
2002-12-27,65.3095377272154,NA,NA,NA,NA,NA
2003-01-03,65.3433809950155,NA,NA,NA,NA,NA
2003-01-10,69.237099850743,NA,NA,NA,NA,NA
2003-01-17,52.0882481615102,NA,NA,NA,NA,NA
2003-01-24,54.1033363669491,NA,NA,NA,NA,NA
2003-01-31,59.4671898566106,NA,NA,NA,NA,NA
2003-02-07,56.8556484082604,NA,NA,NA,NA,NA
2003-02-14,57.7533092696871,NA,NA,NA,NA,NA
2003-02-21,60.0896876999524,NA,NA,NA,NA,NA
2003-02-28,44.238457006333,NA,NA,NA,NA,NA
2003-03-07,45.4478101203827,NA,NA,NA,NA,NA
2003-03-14,51.1741869440721,NA,NA,NA,NA,NA
2003-03-21,56.1509480010125,NA,NA,NA,NA,NA
2003-03-28,62.9083276290924,NA,NA,NA,NA,NA
2003-04-04,67.3651707986646,NA,NA,NA,NA,NA
2003-04-11,70.4002492406793,NA,NA,NA,NA,NA
2003-04-18,65.9572201662188,NA,NA,NA,NA,NA
2003-04-25,64.5579927691329,NA,NA,NA,NA,NA
2003-05-02,52.2377454335493,NA,NA,NA,NA,NA
2003-05-09,50.9739940491724,NA,NA,NA,NA,NA
2003-05-16,43.3092721682396,NA,NA,NA,NA,NA
2003-05-23,43.8912384946441,NA,NA,NA,NA,NA
2003-05-30,46.4570543312449,NA,NA,NA,NA,NA
2003-06-06,47.9027347196649,NA,NA,NA,NA,NA
2003-06-13,49.7210969036263,NA,NA,NA,NA,NA
2003-06-20,47.9767259485335,NA,NA,NA,NA,NA
2003-06-27,47.4436617454408,NA,NA,NA,NA,NA
2003-07-04,45.8585385967578,NA,NA,NA,NA,NA
2003-07-11,43.3281236107796,NA,NA,NA,NA,NA
2003-07-18,42.8558867030855,NA,NA,NA,NA,NA
2003-07-25,38.2008609528058,NA,NA,NA,NA,NA
2003-08-01,35.4450260670183,NA,NA,NA,NA,NA
2003-08-08,36.0737474652403,NA,NA,NA,NA,NA
2003-08-15,36.3537529648888,NA,NA,NA,NA,NA
2003-08-22,37.9570273218087,NA,NA,NA,NA,NA
2003-08-29,34.9853768155962,NA,NA,NA,NA,NA
2003-09-05,35.0921924129037,NA,NA,NA,NA,NA
2003-09-12,36.1895258600101,NA,NA,NA,NA,NA
2003-09-19,36.1360324487786,NA,NA,NA,NA,NA
2003-09-26,37.3193138523962,NA,NA,NA,NA,NA
2003-10-03,40.5847956005611,NA,NA,NA,NA,NA
2003-10-10,41.8950633914682,NA,NA,NA,NA,NA
2003-10-17,39.6910470674099,NA,NA,NA,NA,NA
2003-10-24,39.2278563134604,NA,NA,NA,NA,NA
2003-10-31,39.668671510864,NA,NA,NA,NA,NA
2003-11-07,41.9847464399956,NA,NA,NA,NA,NA
2003-11-14,41.5469402812647,NA,NA,NA,NA,NA
2003-11-21,36.1153150849584,NA,NA,NA,NA,NA
2003-11-28,37.0855913679736,NA,NA,NA,NA,NA
2003-12-05,38.3552902934182,NA,NA,NA,NA,NA
2003-12-12,38.7247188621687,NA,NA,NA,NA,NA
2003-12-19,33.7441098476262,NA,NA,NA,NA,NA
2003-12-26,32.0908110794878,NA,NA,NA,NA,NA
2004-01-02,20.6376624802371,NA,NA,NA,NA,NA
2004-01-09,23.1882769577036,NA,NA,NA,NA,NA
2004-01-16,22.407290043519,NA,NA,NA,NA,NA
2004-01-23,23.2556293574252,NA,NA,NA,NA,NA
2004-01-30,23.6946625741398,NA,NA,NA,NA,NA
2004-02-06,25.1320659592455,NA,NA,NA,NA,NA
2004-02-13,18.9634132859832,NA,NA,NA,NA,NA
2004-02-20,19.4557890373863,NA,NA,NA,NA,NA
2004-02-27,19.7359105665747,NA,NA,NA,NA,NA
2004-03-05,19.6989289385346,NA,NA,NA,NA,NA
2004-03-12,20.7318819674543,NA,NA,NA,NA,NA
2004-03-19,23.3530707878321,NA,NA,NA,NA,NA
2004-03-26,25.4861848162941,NA,NA,NA,NA,NA
2004-04-02,21.152614515042,NA,NA,NA,NA,NA
2004-04-09,24.2539639333031,NA,NA,NA,NA,NA
2004-04-16,25.0924347580987,NA,NA,NA,NA,NA
2004-04-23,25.3931573081408,NA,NA,NA,NA,NA
2004-04-30,24.9108179075988,NA,NA,NA,NA,NA
2004-05-07,27.0730872458656,NA,NA,NA,NA,NA
2004-05-14,28.4736081826031,NA,NA,NA,NA,NA
2004-05-21,28.8971318172312,NA,NA,NA,NA,NA
2004-05-28,28.2258639105426,NA,NA,NA,NA,NA
2004-06-04,27.0394029623557,NA,NA,NA,NA,NA
2004-06-11,27.9683093209138,NA,NA,NA,NA,NA
2004-06-18,26.106655499245,NA,NA,NA,NA,NA
2004-06-25,25.8238246834028,NA,NA,NA,NA,NA
2004-07-02,25.4218607830755,NA,NA,NA,NA,NA
2004-07-09,25.2003807243927,NA,NA,NA,NA,NA
2004-07-16,24.840469353296,NA,NA,NA,NA,NA
2004-07-23,25.9092611930543,NA,NA,NA,NA,NA
2004-07-30,26.1350684865948,NA,NA,NA,NA,NA
2004-08-06,27.2467550352336,NA,NA,NA,NA,NA
2004-08-13,28.549805614031,NA,NA,NA,NA,NA
2004-08-20,28.2999109572529,NA,NA,NA,NA,NA
2004-08-27,28.8587191619639,NA,NA,NA,NA,NA
2004-09-03,30.4549721952887,NA,NA,NA,NA,NA
2004-09-10,31.0172100240172,NA,NA,NA,NA,NA
2004-09-17,27.3812271031205,NA,NA,NA,NA,NA
2004-09-24,28.3574885465194,NA,NA,NA,NA,NA
2004-10-01,27.7497098243073,NA,NA,NA,NA,NA
2004-10-08,28.3176885337791,NA,NA,NA,NA,NA
2004-10-15,28.5260011713481,NA,NA,NA,NA,NA
2004-10-22,26.2142862679461,NA,NA,NA,NA,NA
2004-10-29,25.2918564628857,NA,NA,NA,NA,NA
2004-11-05,25.2069705081446,NA,NA,NA,NA,NA
2004-11-12,26.5185877396898,NA,NA,NA,NA,NA
2004-11-19,24.9168051335423,NA,NA,NA,NA,NA
2004-11-26,17.6940256995232,NA,NA,NA,NA,NA
2004-12-03,17.8051852724162,NA,NA,NA,NA,NA
2004-12-10,17.7820671547923,NA,NA,NA,NA,NA
2004-12-17,15.8418681583538,NA,NA,NA,NA,NA
2004-12-24,16.3691060250624,NA,NA,NA,NA,NA
2004-12-31,17.7070473882682,NA,NA,NA,NA,NA
2005-01-07,17.0080290843535,NA,NA,NA,NA,NA
2005-01-14,18.9047904265396,NA,NA,NA,NA,NA
2005-01-21,18.7840510153497,NA,NA,NA,NA,NA
2005-01-28,17.8800040894978,NA,NA,NA,NA,NA
2005-02-04,16.9593188753409,NA,NA,NA,NA,NA
2005-02-11,18.6906222548091,NA,NA,NA,NA,NA
2005-02-18,20.1331584627462,NA,NA,NA,NA,NA
2005-02-25,18.3884789722029,NA,NA,NA,NA,NA
2005-03-04,17.0878916131745,NA,NA,NA,NA,NA
2005-03-11,18.4390882177925,NA,NA,NA,NA,NA
2005-03-18,18.7374521940163,NA,NA,NA,NA,NA
2005-03-25,19.3546471480613,NA,NA,NA,NA,NA
2005-04-01,18.8921577878601,NA,NA,NA,NA,NA
2005-04-08,14.7469461578811,NA,NA,NA,NA,NA
2005-04-15,16.2634582071842,NA,NA,NA,NA,NA
2005-04-22,18.130273834135,NA,NA,NA,NA,NA
2005-04-29,19.3067709060534,NA,NA,NA,NA,NA
2005-05-06,20.8510286462635,NA,NA,NA,NA,NA
2005-05-13,22.6634148821633,NA,NA,NA,NA,NA
2005-05-20,19.8629579796359,NA,NA,NA,NA,NA
2005-05-27,20.7979327514927,NA,NA,NA,NA,NA
2005-06-03,20.1266583657631,NA,NA,NA,NA,NA
2005-06-10,20.2246922412076,NA,NA,NA,NA,NA
2005-06-17,20.8839245708888,NA,NA,NA,NA,NA
2005-06-24,21.8700932470851,NA,NA,NA,NA,NA
2005-07-01,22.0015208252008,NA,NA,NA,NA,NA
2005-07-08,22.6188486001256,NA,NA,NA,NA,NA
2005-07-15,20.7629073856928,NA,NA,NA,NA,NA
2005-07-22,22.5125574471942,NA,NA,NA,NA,NA
2005-07-29,23.5896576426521,NA,NA,NA,NA,NA
2005-08-05,20.4632975324434,NA,NA,NA,NA,NA
2005-08-12,19.9765145503465,NA,NA,NA,NA,NA
2005-08-19,20.7717868993194,NA,NA,NA,NA,NA
2005-08-26,19.2740192520245,NA,NA,NA,NA,NA
2005-09-02,21.2943814208563,NA,NA,NA,NA,NA
2005-09-09,22.4848691882748,NA,NA,NA,NA,NA
2005-09-16,24.4092443968572,NA,NA,NA,NA,NA
2005-09-23,22.6080908489001,NA,NA,NA,NA,NA
2005-09-30,21.5738302904474,NA,NA,NA,NA,NA
2005-10-07,23.8199868203627,NA,NA,NA,NA,NA
2005-10-14,22.9877798605738,NA,NA,NA,NA,NA
2005-10-21,20.2584809047501,NA,NA,NA,NA,NA
2005-10-28,22.2266191018766,NA,NA,NA,NA,NA
2005-11-04,19.8789155114769,NA,NA,NA,NA,NA
2005-11-11,22.6257672686499,NA,NA,NA,NA,NA
2005-11-18,24.2592364402869,NA,NA,NA,NA,NA
2005-11-25,23.2386167208527,NA,NA,NA,NA,NA
2005-12-02,23.2236211572213,NA,NA,NA,NA,NA
2005-12-09,22.7210884572401,NA,NA,NA,NA,NA
2005-12-16,21.8279976938363,NA,NA,NA,NA,NA
2005-12-23,22.4098641175014,NA,NA,NA,NA,NA
2005-12-30,23.2966011638305,NA,NA,NA,NA,NA
2006-01-06,19.3689037812026,NA,NA,NA,NA,NA
2006-01-13,20.93616436914,NA,NA,NA,NA,NA
2006-01-20,20.4310356797614,NA,NA,NA,NA,NA
2006-01-27,21.6954174811897,NA,NA,NA,NA,NA
2006-02-03,24.402324229687,NA,NA,NA,NA,NA
2006-02-10,23.5270707210339,NA,NA,NA,NA,NA
2006-02-17,24.6348678294001,NA,NA,NA,NA,NA
2006-02-24,26.1051767664702,NA,NA,NA,NA,NA
2006-03-03,27.7249508301952,NA,NA,NA,NA,NA
2006-03-10,28.8353382950218,NA,NA,NA,NA,NA
2006-03-17,27.0102535141494,NA,NA,NA,NA,NA
2006-03-24,27.6465680519865,NA,NA,NA,NA,NA
2006-03-31,24.6440022281482,NA,NA,NA,NA,NA
2006-04-07,22.888301302389,NA,NA,NA,NA,NA
2006-04-14,18.8590819422108,NA,NA,NA,NA,NA
2006-04-21,20.4186259633359,NA,NA,NA,NA,NA
2006-04-28,22.0831245390791,NA,NA,NA,NA,NA
2006-05-05,20.3105620434863,NA,NA,NA,NA,NA
2006-05-12,20.4104691916663,NA,NA,NA,NA,NA
2006-05-19,21.0320437276075,NA,NA,NA,NA,NA
2006-05-26,23.8860702514037,NA,NA,NA,NA,NA
2006-06-02,22.0434827646338,NA,NA,NA,NA,NA
2006-06-09,23.4409201121156,NA,NA,NA,NA,NA
2006-06-16,26.5912866659323,NA,NA,NA,NA,NA
2006-06-23,27.3811794916097,NA,NA,NA,NA,NA
2006-06-30,29.0330707702678,NA,NA,NA,NA,NA
2006-07-07,30.7879490068893,NA,NA,NA,NA,NA
2006-07-14,28.9475730341907,NA,NA,NA,NA,NA
2006-07-21,31.3215616483632,NA,NA,NA,NA,NA
2006-07-28,31.0887671123316,NA,NA,NA,NA,NA
2006-08-04,33.558571676539,NA,NA,NA,NA,NA
2006-08-11,31.9351855238616,NA,NA,NA,NA,NA
2006-08-18,29.8521001086974,NA,NA,NA,NA,NA
2006-08-25,31.6756297576448,NA,NA,NA,NA,NA
2006-09-01,24.1362287743774,NA,NA,NA,NA,NA
2006-09-08,24.7321654392618,NA,NA,NA,NA,NA
2006-09-15,25.4506257348443,NA,NA,NA,NA,NA
2006-09-22,26.8590252896381,NA,NA,NA,NA,NA
2006-09-29,24.4921840872613,NA,NA,NA,NA,NA
2006-10-06,24.8902503901957,NA,NA,NA,NA,NA
2006-10-13,26.2375241717838,NA,NA,NA,NA,NA
2006-10-20,27.1182062293721,NA,NA,NA,NA,NA
2006-10-27,26.6780614721962,NA,NA,NA,NA,NA
2006-11-03,23.8778926000467,NA,NA,NA,NA,NA
2006-11-10,22.3907193332599,NA,NA,NA,NA,NA
2006-11-17,23.0266497265938,NA,NA,NA,NA,NA
2006-11-24,20.9057271110266,NA,NA,NA,NA,NA
2006-12-01,19.9649377877995,NA,NA,NA,NA,NA
2006-12-08,22.0644653050037,NA,NA,NA,NA,NA
2006-12-15,22.9474748704174,NA,NA,NA,NA,NA
2006-12-22,24.6397341118918,NA,NA,NA,NA,NA
2006-12-29,23.6862025739353,NA,NA,NA,NA,NA
2007-01-05,23.8377889417575,NA,NA,NA,NA,NA
2007-01-12,24.6542977452704,NA,NA,NA,NA,NA
2007-01-19,24.9184534731772,NA,NA,NA,NA,NA
2007-01-26,22.8590406368595,NA,NA,NA,NA,NA
2007-02-02,20.0470867530219,NA,NA,NA,NA,NA
2007-02-09,21.471577570244,NA,NA,NA,NA,NA
2007-02-16,20.7865772070553,NA,NA,NA,NA,NA
2007-02-23,20.4130540004527,NA,NA,NA,NA,NA
2007-03-02,16.4897172658644,NA,NA,NA,NA,NA
2007-03-09,20.0240983597495,NA,NA,NA,NA,NA
2007-03-16,22.1209955561075,NA,NA,NA,NA,NA
2007-03-23,25.1099016448137,NA,NA,NA,NA,NA
2007-03-30,28.6673850810216,NA,NA,NA,NA,NA
2007-04-06,27.682792551586,NA,NA,NA,NA,NA
2007-04-13,27.8977226842844,NA,NA,NA,NA,NA
2007-04-20,27.6403536693448,NA,NA,NA,NA,NA
2007-04-27,29.9615819200316,NA,NA,NA,NA,NA
2007-05-04,28.6743781229111,NA,NA,NA,NA,NA
2007-05-11,27.7427406121591,NA,NA,NA,NA,NA
2007-05-18,25.4666567274743,NA,NA,NA,NA,NA
2007-05-25,24.5719330651325,NA,NA,NA,NA,NA
2007-06-01,25.8820487020287,NA,NA,NA,NA,NA
2007-06-08,24.8155661602217,NA,NA,NA,NA,NA
2007-06-15,27.2748554117272,NA,NA,NA,NA,NA
2007-06-22,29.0519595070998,NA,NA,NA,NA,NA
2007-06-29,29.7710636035695,NA,NA,NA,NA,NA
2007-07-06,28.3462743524851,NA,NA,NA,NA,NA
2007-07-13,27.4910586568913,NA,NA,NA,NA,NA
2007-07-20,25.0938453503612,NA,NA,NA,NA,NA
2007-07-27,25.7062109289908,NA,NA,NA,NA,NA
2007-08-03,28.7224204246402,NA,NA,NA,NA,NA
2007-08-10,25.0710437138161,NA,NA,NA,NA,NA
2007-08-17,27.0699019995949,NA,NA,NA,NA,NA
2007-08-24,25.2784798318704,NA,NA,NA,NA,NA
2007-08-31,25.5825313097445,NA,NA,NA,NA,NA
2007-09-07,22.2857982835077,NA,NA,NA,NA,NA
2007-09-14,25.5559560120049,NA,NA,NA,NA,NA
2007-09-21,21.4156635001512,NA,NA,NA,NA,NA
2007-09-28,24.3832046761817,NA,NA,NA,NA,NA
2007-10-05,23.5796993765371,NA,NA,NA,NA,NA
2007-10-12,26.9440181807157,NA,NA,NA,NA,NA
2007-10-19,26.804080530954,NA,NA,NA,NA,NA
2007-10-26,28.8902210350253,NA,NA,NA,NA,NA
2007-11-02,28.6522279131341,NA,NA,NA,NA,NA
2007-11-09,28.4157178725807,NA,NA,NA,NA,NA
2007-11-16,32.0269464890882,NA,NA,NA,NA,NA
2007-11-23,32.7745280279765,NA,NA,NA,NA,NA
2007-11-30,33.0570928449658,NA,NA,NA,NA,NA
2007-12-07,36.167051870295,NA,NA,NA,NA,NA
2007-12-14,34.7775885735134,NA,NA,NA,NA,NA
2007-12-21,35.1356137716473,NA,NA,NA,NA,NA
2007-12-28,33.9325032384702,NA,NA,NA,NA,NA
2008-01-04,31.6869584548122,NA,NA,NA,NA,NA
2008-01-11,33.4121706734348,NA,NA,NA,NA,NA
2008-01-18,33.1169882960615,NA,NA,NA,NA,NA
2008-01-25,37.4487609879487,NA,NA,NA,NA,NA
2008-02-01,40.5080582957691,NA,NA,NA,NA,NA
2008-02-08,41.671599881328,NA,NA,NA,NA,NA
2008-02-15,45.9142530193194,NA,NA,NA,NA,NA
2008-02-22,35.6624695534798,NA,NA,NA,NA,NA
2008-02-29,30.0322065143446,NA,NA,NA,NA,NA
2008-03-07,30.8583348167022,NA,NA,NA,NA,NA
2008-03-14,34.7196524820355,NA,NA,NA,NA,NA
2008-03-21,31.7882137503742,NA,NA,NA,NA,NA
2008-03-28,30.8095837910322,NA,NA,NA,NA,NA
2008-04-04,34.3075469882332,NA,NA,NA,NA,NA
2008-04-11,37.4346751578466,NA,NA,NA,NA,NA
2008-04-18,38.5688165058897,NA,NA,NA,NA,NA
2008-04-25,41.0223936583439,NA,NA,NA,NA,NA
2008-05-02,36.0965100985165,NA,NA,NA,NA,NA
2008-05-09,37.6058753672321,NA,NA,NA,NA,NA
2008-05-16,38.7066740103699,NA,NA,NA,NA,NA
2008-05-23,33.9429633150028,NA,NA,NA,NA,NA
2008-05-30,36.930796141249,NA,NA,NA,NA,NA
2008-06-06,32.4584486615534,NA,NA,NA,NA,NA
2008-06-13,36.2687743438971,NA,NA,NA,NA,NA
2008-06-20,35.7201327978761,NA,NA,NA,NA,NA
2008-06-27,38.4928519552546,NA,NA,NA,NA,NA
2008-07-04,40.2306461835622,NA,NA,NA,NA,NA
2008-07-11,41.8754995975313,NA,NA,NA,NA,NA
2008-07-18,43.6876973969811,NA,NA,NA,NA,NA
2008-07-25,47.6639928822009,NA,NA,NA,NA,NA
2008-08-01,46.3066482887753,NA,NA,NA,NA,NA
2008-08-08,45.6591918817886,NA,NA,NA,NA,NA
2008-08-15,46.7966852764596,NA,NA,NA,NA,NA
2008-08-22,45.6983789146347,NA,NA,NA,NA,NA
2008-08-29,46.6372542110414,NA,NA,NA,NA,NA
2008-09-05,46.0880063160138,NA,NA,NA,NA,NA
2008-09-12,46.6383318880371,NA,NA,NA,NA,NA
2008-09-19,46.9756404079711,NA,NA,NA,NA,NA
2008-09-26,43.2653211750569,NA,NA,NA,NA,NA
2008-10-03,46.2904684665754,NA,NA,NA,NA,NA
2008-10-10,45.8520339311717,NA,NA,NA,NA,NA
2008-10-17,60.5146188542415,NA,NA,NA,NA,NA
2008-10-24,69.4231295832668,NA,NA,NA,NA,NA
2008-10-31,81.9275011662652,NA,NA,NA,NA,NA
2008-11-07,91.8687243214721,NA,NA,NA,NA,NA
2008-11-14,89.3502874499856,NA,NA,NA,NA,NA
2008-11-21,102.127392021306,NA,NA,NA,NA,NA
2008-11-28,119.281711738441,NA,NA,NA,NA,NA
2008-12-05,128.284346225539,NA,NA,NA,NA,NA
2008-12-12,129.809342493551,NA,NA,NA,NA,NA
2008-12-19,126.387214119025,NA,NA,NA,NA,NA
2008-12-26,114.797166321611,NA,NA,NA,NA,NA
2009-01-02,103.143687198245,NA,NA,NA,NA,NA
2009-01-09,102.193557917631,NA,NA,NA,NA,NA
2009-01-16,85.5107958595025,NA,NA,NA,NA,NA
2009-01-23,93.5736944688359,NA,NA,NA,NA,NA
2009-01-30,102.551982085752,NA,NA,NA,NA,NA
2009-02-06,108.47011898386,NA,NA,NA,NA,NA
2009-02-13,98.9445997317393,NA,NA,NA,NA,NA
2009-02-20,98.1106468384253,NA,NA,NA,NA,NA
2009-02-27,106.33524513919,NA,NA,NA,NA,NA
2009-03-06,101.194713986924,NA,NA,NA,NA,NA
2009-03-13,110.130635683152,NA,NA,NA,NA,NA
2009-03-20,117.418128396602,NA,NA,NA,NA,NA
2009-03-27,118.010318820763,NA,NA,NA,NA,NA
2009-04-03,114.160226269848,NA,NA,NA,NA,NA
2009-04-10,112.755363924105,NA,NA,NA,NA,NA
2009-04-17,107.774396488658,NA,NA,NA,NA,NA
2009-04-24,106.616468256579,NA,NA,NA,NA,NA
2009-05-01,95.8422247983364,NA,NA,NA,NA,NA
2009-05-08,91.2608848981431,NA,NA,NA,NA,NA
2009-05-15,91.743714027498,NA,NA,NA,NA,NA
2009-05-22,91.8330607121378,NA,NA,NA,NA,NA
2009-05-29,90.0205385882328,NA,NA,NA,NA,NA
2009-06-05,78.1093417078307,NA,NA,NA,NA,NA
2009-06-12,72.5965453018236,NA,NA,NA,NA,NA
2009-06-19,67.5922801913311,NA,NA,NA,NA,NA
2009-06-26,67.7573886122859,NA,NA,NA,NA,NA
2009-07-03,62.9626763144761,NA,NA,NA,NA,NA
2009-07-10,57.1555793290498,NA,NA,NA,NA,NA
2009-07-17,58.2625071601099,NA,NA,NA,NA,NA
2009-07-24,62.2118773013637,NA,NA,NA,NA,NA
2009-07-31,62.0182116246399,NA,NA,NA,NA,NA
2009-08-07,60.4378245673008,NA,NA,NA,NA,NA
2009-08-14,61.6740273323349,NA,NA,NA,NA,NA
2009-08-21,53.7523903973758,NA,NA,NA,NA,NA
2009-08-28,53.2362801506073,NA,NA,NA,NA,NA
2009-09-04,54.0927150972313,NA,NA,NA,NA,NA
2009-09-11,53.7203446853018,NA,NA,NA,NA,NA
2009-09-18,47.6407024051574,NA,NA,NA,NA,NA
2009-09-25,48.2299193208115,NA,NA,NA,NA,NA
2009-10-02,44.5857066238784,NA,NA,NA,NA,NA
2009-10-09,45.8842163517712,NA,NA,NA,NA,NA
2009-10-16,48.2042019855708,NA,NA,NA,NA,NA
2009-10-23,45.4757214687768,NA,NA,NA,NA,NA
2009-10-30,40.3843705365597,NA,NA,NA,NA,NA
2009-11-06,44.2130843364473,NA,NA,NA,NA,NA
2009-11-13,44.3137428631559,NA,NA,NA,NA,NA
2009-11-20,45.6248714802833,NA,NA,NA,NA,NA
2009-11-27,46.6977889711965,NA,NA,NA,NA,NA
2009-12-04,44.1155288718332,NA,NA,NA,NA,NA
2009-12-11,44.5766366527982,NA,NA,NA,NA,NA
2009-12-18,46.9329090193547,NA,NA,NA,NA,NA
2009-12-25,41.5821837653957,NA,NA,NA,NA,NA
2010-01-01,42.1555123765025,NA,NA,NA,NA,NA
2010-01-08,32.0312111938321,NA,NA,NA,NA,NA
2010-01-15,35.3085103277803,NA,NA,NA,NA,NA
2010-01-22,37.6865543837293,NA,NA,NA,NA,NA
2010-01-29,41.1353633816128,NA,NA,NA,NA,NA
2010-02-05,42.8673966219074,NA,NA,NA,NA,NA
2010-02-12,47.3896847525294,NA,NA,NA,NA,NA
2010-02-19,45.96506527404,NA,NA,NA,NA,NA
2010-02-26,48.0030459286945,NA,NA,NA,NA,NA
2010-03-05,47.8091915875363,NA,NA,NA,NA,NA
2010-03-12,50.8796532245189,NA,NA,NA,NA,NA
2010-03-19,46.208790077233,NA,NA,NA,NA,NA
2010-03-26,32.0766229439277,NA,NA,NA,NA,NA
2010-04-02,33.2465548995791,NA,NA,NA,NA,NA
2010-04-09,29.672034826007,NA,NA,NA,NA,NA
2010-04-16,28.2308930555119,NA,NA,NA,NA,NA
2010-04-23,27.4293639528604,NA,NA,NA,NA,NA
2010-04-30,30.338958300454,NA,NA,NA,NA,NA
2010-05-07,33.8414798326035,NA,NA,NA,NA,NA
2010-05-14,42.1854922412109,NA,NA,NA,NA,NA
2010-05-21,47.6727506787513,NA,NA,NA,NA,NA
2010-05-28,45.0998191403235,NA,NA,NA,NA,NA
2010-06-04,44.1152346124126,NA,NA,NA,NA,NA
2010-06-11,49.4589077641266,NA,NA,NA,NA,NA
2010-06-18,54.7033507596884,NA,NA,NA,NA,NA
2010-06-25,58.1234825281313,NA,NA,NA,NA,NA
2010-07-02,59.6584128208493,NA,NA,NA,NA,NA
2010-07-09,60.1902080793431,NA,NA,NA,NA,NA
2010-07-16,64.89432160908,NA,NA,NA,NA,NA
2010-07-23,61.7930421889491,NA,NA,NA,NA,NA
2010-07-30,60.7726037131043,NA,NA,NA,NA,NA
2010-08-06,60.9504669022183,NA,NA,NA,NA,NA
2010-08-13,56.1240971053307,NA,NA,NA,NA,NA
2010-08-20,57.4979890128801,NA,NA,NA,NA,NA
2010-08-27,56.7030115277228,NA,NA,NA,NA,NA
2010-09-03,51.8663148473988,NA,NA,NA,NA,NA
2010-09-10,53.6483255654235,NA,NA,NA,NA,NA
2010-09-17,38.2048550333789,NA,NA,NA,NA,NA
2010-09-24,37.4777273172713,NA,NA,NA,NA,NA
2010-10-01,34.5141688853692,NA,NA,NA,NA,NA
2010-10-08,37.3768491170318,NA,NA,NA,NA,NA
2010-10-15,38.7667978617,NA,NA,NA,NA,NA
2010-10-22,33.4231985899912,NA,NA,NA,NA,NA
2010-10-29,34.4279353719017,NA,NA,NA,NA,NA
2010-11-05,35.6474075785714,NA,NA,NA,NA,NA
2010-11-12,36.9298270724629,NA,NA,NA,NA,NA
2010-11-19,36.6323506128893,NA,NA,NA,NA,NA
2010-11-26,33.7675132058459,NA,NA,NA,NA,NA
2010-12-03,38.4302311063736,NA,NA,NA,NA,NA
2010-12-10,40.9771860702215,NA,NA,NA,NA,NA
2010-12-17,40.4636497736426,NA,NA,NA,NA,NA
2010-12-24,41.3226252209917,NA,NA,NA,NA,NA
2010-12-31,39.0752274977991,NA,NA,NA,NA,NA
2011-01-07,39.7109163303438,NA,NA,NA,NA,NA
2011-01-14,37.8890717418689,NA,NA,NA,NA,NA
2011-01-21,42.2676537953206,NA,NA,NA,NA,NA
2011-01-28,44.3742859213321,NA,NA,NA,NA,NA
2011-02-04,40.7742931872583,NA,NA,NA,NA,NA
2011-02-11,39.8360473726958,NA,NA,NA,NA,NA
2011-02-18,29.5188646304204,NA,NA,NA,NA,NA
2011-02-25,32.2962273666881,NA,NA,NA,NA,NA
2011-03-04,34.6177947206669,NA,NA,NA,NA,NA
2011-03-11,37.1912555958846,NA,NA,NA,NA,NA
2011-03-18,37.1607044229248,NA,NA,NA,NA,NA
2011-03-25,36.081952498357,NA,NA,NA,NA,NA
2011-04-01,37.6136600813384,NA,NA,NA,NA,NA
2011-04-08,37.8582686584304,NA,NA,NA,NA,NA
2011-04-15,37.8597356863266,NA,NA,NA,NA,NA
2011-04-22,40.0301511927048,NA,NA,NA,NA,NA
2011-04-29,38.0265986235017,NA,NA,NA,NA,NA
2011-05-06,39.1548239932585,NA,NA,NA,NA,NA
2011-05-13,38.8442198295271,NA,NA,NA,NA,NA
2011-05-20,38.8073829499123,NA,NA,NA,NA,NA
2011-05-27,38.6366143547205,NA,NA,NA,NA,NA
2011-06-03,27.8883651517605,NA,NA,NA,NA,NA
2011-06-10,26.4023297796585,NA,NA,NA,NA,NA
2011-06-17,29.6649655518652,NA,NA,NA,NA,NA
2011-06-24,30.9480537030949,NA,NA,NA,NA,NA
2011-07-01,34.4811933688564,NA,NA,NA,NA,NA
2011-07-08,39.2216109851838,NA,NA,NA,NA,NA
2011-07-15,43.365211709828,NA,NA,NA,NA,NA
2011-07-22,46.7367214538978,NA,NA,NA,NA,NA
2011-07-29,50.6208576809632,NA,NA,NA,NA,NA
2011-08-05,52.8346821636431,NA,NA,NA,NA,NA
2011-08-12,59.4770652265402,NA,NA,NA,NA,NA
2011-08-19,62.5446787567327,NA,NA,NA,NA,NA
2011-08-26,68.0254254833561,NA,NA,NA,NA,NA
2011-09-02,60.6081597762949,NA,NA,NA,NA,NA
2011-09-09,52.5720065967332,NA,NA,NA,NA,NA
2011-09-16,60.8377812181084,NA,NA,NA,NA,NA
2011-09-23,63.5951286113009,NA,NA,NA,NA,NA
2011-09-30,68.5928792808587,NA,NA,NA,NA,NA
2011-10-07,76.3406837478565,NA,NA,NA,NA,NA
2011-10-14,74.5538494887124,NA,NA,NA,NA,NA
2011-10-21,53.9808173300396,NA,NA,NA,NA,NA
2011-10-28,54.7077229170367,NA,NA,NA,NA,NA
2011-11-04,59.9915454304684,NA,NA,NA,NA,NA
2011-11-11,67.8584818229665,NA,NA,NA,NA,NA
2011-11-18,66.3791316279392,NA,NA,NA,NA,NA
2011-11-25,69.8747061848096,NA,NA,NA,NA,NA
2011-12-02,73.9290157890122,NA,NA,NA,NA,NA
2011-12-09,80.5107307644892,NA,NA,NA,NA,NA
2011-12-16,72.1505963625461,NA,NA,NA,NA,NA
2011-12-23,74.6393468183496,NA,NA,NA,NA,NA
2011-12-30,73.9157424507842,NA,NA,NA,NA,NA
2012-01-06,62.6966008217597,NA,NA,NA,NA,NA
2012-01-13,66.0140821375844,NA,NA,NA,NA,NA
2012-01-20,66.9440403902848,NA,NA,NA,NA,NA
2012-01-27,69.1551378077163,NA,NA,NA,NA,NA
2012-02-03,65.8731984057779,NA,NA,NA,NA,NA
2012-02-10,65.2364852757357,NA,NA,NA,NA,NA
2012-02-17,53.6914519406707,NA,NA,NA,NA,NA
2012-02-24,43.8650348277122,NA,NA,NA,NA,NA
2012-03-02,41.967155236229,NA,NA,NA,NA,NA
2012-03-09,41.8043387370228,NA,NA,NA,NA,NA
2012-03-16,43.1368758632388,NA,NA,NA,NA,NA
2012-03-23,44.6786226668468,NA,NA,NA,NA,NA
2012-03-30,45.4119594901609,NA,NA,NA,NA,NA
2012-04-06,47.3668168232317,NA,NA,NA,NA,NA
2012-04-13,50.4754009519749,NA,NA,NA,NA,NA
2012-04-20,53.7638064101488,NA,NA,NA,NA,NA
2012-04-27,50.8957312419667,NA,NA,NA,NA,NA
2012-05-04,49.4110889529412,NA,NA,NA,NA,NA
2012-05-11,52.0309753919287,NA,NA,NA,NA,NA
2012-05-18,48.0401391119101,NA,NA,NA,NA,NA
2012-05-25,53.094538500399,NA,NA,NA,NA,NA
2012-06-01,49.8153905975756,NA,NA,NA,NA,NA
2012-06-08,52.7409461124904,NA,NA,NA,NA,NA
2012-06-15,57.5032197300747,NA,NA,NA,NA,NA
2012-06-22,51.9458603046923,NA,NA,NA,NA,NA
2012-06-29,49.3548266047674,NA,NA,NA,NA,NA
2012-07-06,49.7728416526859,NA,NA,NA,NA,NA
2012-07-13,51.8762552059255,NA,NA,NA,NA,NA
2012-07-20,49.4943486373996,NA,NA,NA,NA,NA
2012-07-27,51.796827120233,NA,NA,NA,NA,NA
2012-08-03,54.9682741152773,NA,NA,NA,NA,NA
2012-08-10,55.0525710791552,NA,NA,NA,NA,NA
2012-08-17,54.9934677275433,NA,NA,NA,NA,NA
2012-08-24,56.6507034104171,NA,NA,NA,NA,NA
2012-08-31,52.454833365057,NA,NA,NA,NA,NA
2012-09-07,51.7670167098089,NA,NA,NA,NA,NA
2012-09-14,55.2835485763504,NA,NA,NA,NA,NA
2012-09-21,55.0401379918595,NA,NA,NA,NA,NA
2012-09-28,52.331666674301,NA,NA,NA,NA,NA
2012-10-05,54.0977692472127,NA,NA,NA,NA,NA
2012-10-12,54.8292630877,NA,NA,NA,NA,NA
2012-10-19,52.865646340869,NA,NA,NA,NA,NA
2012-10-26,52.748826555055,NA,NA,NA,NA,NA
2012-11-02,51.1056700174526,NA,NA,NA,NA,NA
2012-11-09,48.4066020768947,NA,NA,NA,NA,NA
2012-11-16,49.1441326200028,NA,NA,NA,NA,NA
2012-11-23,45.8065209816796,NA,NA,NA,NA,NA
2012-11-30,47.6185014205365,NA,NA,NA,NA,NA
2012-12-07,44.5230463213535,NA,NA,NA,NA,NA
2012-12-14,40.5893917927158,NA,NA,NA,NA,NA
2012-12-21,25.360015779998,NA,NA,NA,NA,NA
2012-12-28,26.5579263888683,NA,NA,NA,NA,NA
2013-01-04,27.1271620983125,NA,NA,NA,NA,NA
2013-01-11,30.0908797431555,NA,NA,NA,NA,NA
2013-01-18,33.1542250572824,NA,NA,NA,NA,NA
2013-01-25,24.3239006628469,NA,NA,NA,NA,NA
2013-02-01,24.3240091348272,NA,NA,NA,NA,NA
2013-02-08,25.8844533583335,NA,NA,NA,NA,NA
2013-02-15,27.9881200460447,NA,NA,NA,NA,NA
2013-02-22,26.6185585595278,NA,NA,NA,NA,NA
2013-03-01,27.2054456287599,NA,NA,NA,NA,NA
2013-03-08,29.8056388483208,NA,NA,NA,NA,NA
2013-03-15,32.2959237224362,NA,NA,NA,NA,NA
2013-03-22,31.7636397416087,NA,NA,NA,NA,NA
2013-03-29,34.8764197811095,NA,NA,NA,NA,NA
2013-04-05,37.9485185194672,NA,NA,NA,NA,NA
2013-04-12,36.3068399051976,NA,NA,NA,NA,NA
2013-04-19,37.8988357722085,NA,NA,NA,NA,NA
2013-04-26,36.2659756489783,NA,NA,NA,NA,NA
2013-05-03,38.8590932111973,NA,NA,NA,NA,NA
2013-05-10,40.4565291923744,NA,NA,NA,NA,NA
2013-05-17,36.986021049707,NA,NA,NA,NA,NA
2013-05-24,37.2545989995014,NA,NA,NA,NA,NA
2013-05-31,38.9352899690758,NA,NA,NA,NA,NA
2013-06-07,39.3350287585547,NA,NA,NA,NA,NA
2013-06-14,39.3857730349826,NA,NA,NA,NA,NA
2013-06-21,40.841991832905,NA,NA,NA,NA,NA
2013-06-28,43.6432378046604,NA,NA,NA,NA,NA
2013-07-05,39.6388400240135,NA,NA,NA,NA,NA
2013-07-12,38.8840145685041,NA,NA,NA,NA,NA
2013-07-19,36.3435876487902,NA,NA,NA,NA,NA
2013-07-26,37.3592468829495,NA,NA,NA,NA,NA
2013-08-02,39.8319466014641,NA,NA,NA,NA,NA
2013-08-09,39.3267497815411,NA,NA,NA,NA,NA
2013-08-16,40.4269402376519,NA,NA,NA,NA,NA
2013-08-23,40.3425289627751,NA,NA,NA,NA,NA
2013-08-30,39.2031340623493,NA,NA,NA,NA,NA
2013-09-06,41.5557851209645,NA,NA,NA,NA,NA
2013-09-13,42.824315806212,NA,NA,NA,NA,NA
2013-09-20,43.0464521126554,NA,NA,NA,NA,NA
2013-09-27,42.7434897627663,NA,NA,NA,NA,NA
2013-10-04,39.3421456980809,NA,NA,NA,NA,NA
2013-10-11,40.578155011963,NA,NA,NA,NA,NA
2013-10-18,41.578592084404,NA,NA,NA,NA,NA
2013-10-25,41.8500892031398,NA,NA,NA,NA,NA
2013-11-01,41.4317665810436,NA,NA,NA,NA,NA
2013-11-08,36.8487047088811,NA,NA,NA,NA,NA
2013-11-15,34.9589107011277,NA,NA,NA,NA,NA
2013-11-22,32.4571342470797,NA,NA,NA,NA,NA
2013-11-29,30.1026289226599,NA,NA,NA,NA,NA
2013-12-06,30.9877497939287,NA,NA,NA,NA,NA
2013-12-13,33.1880249492385,NA,NA,NA,NA,NA
2013-12-20,32.5004279165295,NA,NA,NA,NA,NA
2013-12-27,34.8206439504761,NA,NA,NA,NA,NA
2014-01-03,34.7049599973246,NA,NA,NA,NA,NA
2014-01-10,32.9067244721847,NA,NA,NA,NA,NA
2014-01-17,36.0587214763073,NA,NA,NA,NA,NA
2014-01-24,35.8791664701943,NA,NA,NA,NA,NA
2014-01-31,37.9448552217696,NA,NA,NA,NA,NA
2014-02-07,33.6190363143205,NA,NA,NA,NA,NA
2014-02-14,35.0380351570651,NA,NA,NA,NA,NA
2014-02-21,34.6524632961487,NA,NA,NA,NA,NA
2014-02-28,29.9987077938656,NA,NA,NA,NA,NA
2014-03-07,29.6375802777936,NA,NA,NA,NA,NA
2014-03-14,28.393404407228,NA,NA,NA,NA,NA
2014-03-21,30.8601555710832,NA,NA,NA,NA,NA
2014-03-28,32.4734269746065,NA,NA,NA,NA,NA
2014-04-04,31.8732957128819,NA,NA,NA,NA,NA
2014-04-11,34.6261596679393,NA,NA,NA,NA,NA
2014-04-18,37.4129472191511,NA,NA,NA,NA,NA
2014-04-25,33.6503093209481,NA,NA,NA,NA,NA
2014-05-02,31.3644376105376,NA,NA,NA,NA,NA
2014-05-09,29.8313881598902,NA,NA,NA,NA,NA
2014-05-16,29.1729352146015,NA,NA,NA,NA,NA
2014-05-23,30.2706989249121,NA,NA,NA,NA,NA
2014-05-30,29.7482067250904,NA,NA,NA,NA,NA
2014-06-06,30.7756497248678,NA,NA,NA,NA,NA
2014-06-13,32.5678392743023,NA,NA,NA,NA,NA
2014-06-20,31.2667516049529,NA,NA,NA,NA,NA
2014-06-27,30.8711514433266,NA,NA,NA,NA,NA
2014-07-04,32.7526006027399,NA,NA,NA,NA,NA
2014-07-11,30.6161252447075,NA,NA,NA,NA,NA
2014-07-18,33.1184988059507,NA,NA,NA,NA,NA
2014-07-25,31.1275117835914,NA,NA,NA,NA,NA
2014-08-01,32.598764055398,NA,NA,NA,NA,NA
2014-08-08,34.0815115361996,NA,NA,NA,NA,NA
2014-08-15,36.1528111644884,NA,NA,NA,NA,NA
2014-08-22,33.7942668456215,NA,NA,NA,NA,NA
2014-08-29,34.936322935267,NA,NA,NA,NA,NA
2014-09-05,35.6613349389781,NA,NA,NA,NA,NA
2014-09-12,38.0549143330071,NA,NA,NA,NA,NA
2014-09-19,36.074415535367,NA,NA,NA,NA,NA
2014-09-26,32.4881679286458,NA,NA,NA,NA,NA
2014-10-03,32.5200513432986,NA,NA,NA,NA,NA
2014-10-10,33.659040281782,NA,NA,NA,NA,NA
2014-10-17,36.0123509075321,NA,NA,NA,NA,NA
2014-10-24,37.4598711183644,NA,NA,NA,NA,NA
2014-10-31,40.3002600629023,NA,NA,NA,NA,NA
2014-11-07,38.6669691416379,NA,NA,NA,NA,NA
2014-11-14,40.5615279182926,NA,NA,NA,NA,NA
2014-11-21,38.1678249695245,NA,NA,NA,NA,NA
2014-11-28,39.8828439251065,NA,NA,NA,NA,NA
2014-12-05,40.7019916947286,NA,NA,NA,NA,NA
2014-12-12,37.574950042897,NA,NA,NA,NA,NA
2014-12-19,41.360574262622,NA,NA,NA,NA,NA
2014-12-26,37.9948248986699,NA,NA,NA,NA,NA
2015-01-02,37.6988350359203,NA,NA,NA,NA,NA
2015-01-09,35.4088850642533,NA,NA,NA,NA,NA
2015-01-16,40.5130161238628,NA,NA,NA,NA,NA
2015-01-23,42.5083539273428,NA,NA,NA,NA,NA
2015-01-30,45.1083277620672,NA,NA,NA,NA,NA
2015-02-06,46.4136592990552,NA,NA,NA,NA,NA
2015-02-13,46.7109989270026,NA,NA,NA,NA,NA
2015-02-20,48.3496102960176,NA,NA,NA,NA,NA
2015-02-27,48.5649616127437,NA,NA,NA,NA,NA
2015-03-06,46.0700801418405,NA,NA,NA,NA,NA
2015-03-13,39.3142163155123,NA,NA,NA,NA,NA
2015-03-20,36.0879635680819,NA,NA,NA,NA,NA
2015-03-27,36.7537153539403,NA,NA,NA,NA,NA
2015-04-03,34.5226717039173,NA,NA,NA,NA,NA
2015-04-10,35.4957173209135,NA,NA,NA,NA,NA
2015-04-17,31.0790420714229,-0.858196684567794,0.561553848116648,0.0728104998275341,0.842050230463461,0.00630292880391999
2015-04-24,34.0624633777038,-0.866575203453822,0.281634832907084,0.0625158805593489,0.90204724622588,0.00265139421694249
2015-05-01,35.935805515559,-0.809356490653258,0.360973954276283,0.0629593097223948,0.88687494263876,0.00380250343835977
2015-05-08,38.7386202736345,-0.774565031096428,0.299101848501894,0.0625040286339413,0.898863679785704,0.00290731755348331
2015-05-15,36.9809475479047,-0.759906164261642,0.558247050336694,0.0695773842246091,0.848513144810774,0.00543001916750358
2015-05-22,33.9496942979977,-0.812866362670112,0.348325445030382,0.0647318178657462,0.887732734026993,0.00360618205998117
2015-05-29,31.103337588982,-0.846316509126849,0.321645960083228,0.064980919620962,0.892375014135434,0.00325663834103647
2015-06-05,33.7238879381832,-0.859788227288009,0.337198412153813,0.0648631676165966,0.891486371683708,0.00296651651949047
2015-06-12,31.8156522058029,-0.90002735547442,0.545995667623118,0.0730133180284912,0.847457448822685,0.00539738769845777
2015-06-19,29.5256089232495,-0.813661103429242,0.36222122500771,0.0649625111738332,0.884803923398363,0.00386810143178183
2015-06-26,29.5631662376486,-0.906103213432836,0.315108602621437,0.0646462957959136,0.893723862832819,0.00323091957495386
2015-07-03,33.2646239706697,-0.877999302269789,0.330883008703035,0.0650030879860639,0.890432389972863,0.00345990162127437
2015-07-10,36.728894615557,-0.798763350045913,0.366715473582963,0.0651776152417645,0.88380023323527,0.00394469861825276
2015-07-17,37.1836747697589,-0.861753964685096,0.600005001869619,0.0934574877077358,0.815024512121179,0.00779874576961799
2015-07-24,39.2501806962255,-0.869717831599564,0.348854024708085,0.0656369975542714,0.886405796190657,0.0037510848569069
2015-07-31,36.7606693695262,-0.861034640107425,0.354448671548272,0.0657630815877239,0.885252278234148,0.003837915930146
2015-08-07,33.5326517434362,-0.911788993005173,0.341941407685673,0.0654692586534441,0.887672553185855,0.00369956628876086
2015-08-14,32.0877835620487,-1.00596102421097,0.327692386968109,0.0649259656912011,0.890654439550606,0.00354573966558839
2015-08-21,33.4711939631078,-1.00251685072009,0.330171077204952,0.0647610946026032,0.890246059180686,0.00360379330986587
2015-08-28,36.8057648603694,-1.06331773482421,0.264026404972457,0.0687269500951352,0.90085041692176,0.00231302172420013
2015-09-04,36.8740158737591,-1.03730466851563,0.337461777826679,0.0645084996438506,0.88878907020071,0.00377295442333019
2015-09-11,40.1253902552353,-1.12209538778956,0.325050844374557,0.0642271454977112,0.891250551114326,0.00362634176462937
2015-09-18,36.6103396893892,-1.15539921942009,0.307438176761459,0.0664361989413195,0.892662969040893,0.00339605236173422
2015-09-25,37.03763534545,-1.15911659004594,0.326230651188414,0.0636982598508713,0.891227480703337,0.00366394760540581
2015-10-02,37.6500097353965,-1.05961712390016,0.341070282223172,0.0636885587425765,0.888530434094506,0.0038920334329819
2015-10-09,33.3698782750245,-1.08936260633739,0.310075797332515,0.0649898472843302,0.894842343726072,0.0030456114454469
2015-10-16,36.8707022248493,-1.09148661670322,0.305183729535245,0.0610313081614545,0.897398994439194,0.00341054444450744
2015-10-23,29.2443639213528,-1.11958003459108,0.309048185330672,0.0613745417737422,0.896360706779204,0.00343031947512024
2015-10-30,29.9595575802944,-1.10172078710001,0.302988000277016,0.0602564283061048,0.898331324277315,0.00337562021415431
2015-11-06,30.6667719905785,-1.15144967421858,0.227487379887544,0.0609010712188892,0.911034127180438,0.00250818835320289
2015-11-13,31.8472690060621,-1.15540783130005,0.309870270726022,0.0610056690640882,0.896343827383076,0.00344866517360922
2015-11-20,32.9636514050385,-1.18830217838226,0.308221014639848,0.061306026317054,0.896499769239449,0.00340718365634422
2015-11-27,31.8008834479729,-1.23508636955407,0.305290291006885,0.0605095040446749,0.897707050295346,0.00337706652811653
2015-12-04,30.8974543772504,-1.31384056908204,0.554887469431819,0.0711841896551046,0.84190110017164,0.00694216767081113
2015-12-11,32.1148435648756,-1.27049817394156,0.547910252545484,0.0703880482054527,0.843928901016845,0.00682862894415889
2015-12-18,35.8802431460737,-1.27470789178531,0.307056266990045,0.0603615116237539,0.897358708196795,0.00341108151644717
2015-12-25,37.3842480615552,-1.26896239661378,0.307279166278597,0.0605505128029873,0.89716853497218,0.00340913524675626
2016-01-01,32.617645205628,-1.35021498396919,0.304777729843594,0.0601778237014206,0.898061190465265,0.00337719317165291
2016-01-08,30.393845987313,-1.42866415129326,0.305105868376442,0.0600407027343215,0.89807866162082,0.0034073809334954
2016-01-15,34.4744719582204,-1.46060000316661,0.313529570498926,0.0606950148060655,0.895871989096861,0.00353828797317253
2016-01-22,36.8478013727852,-1.40731686365227,0.314894964393831,0.06130400161085,0.895223874072379,0.00351877306425393
2016-01-29,37.8761926156869,-1.51515189150103,0.315931508653066,0.0606340312716799,0.895495181861757,0.00361057751696414
2016-02-05,38.8214954238325,-1.58838650494084,0.27648789141458,0.05971838483152,0.904318894119156,0.00287439504101231
2016-02-12,41.7545934678157,-1.63849020906533,0.320531091976604,0.0602143544572956,0.894806608980517,0.0037216323151963
2016-02-19,43.9849835807398,-1.55867329246929,0.562437578388442,0.0739798859484023,0.837640783433293,0.00730901024914472
2016-02-26,43.4976862048018,-1.45347559552707,0.365061313261099,0.0663107264596863,0.881839875573366,0.00423322384540966
2016-03-04,49.4681916247618,-1.33722639732181,0.377160364448272,0.0675868365554179,0.878758123636331,0.0043261415259992
2016-03-11,51.1258285928651,-1.37578908258489,0.38146945812491,0.0683318296474376,0.877343895127737,0.00439519999544762
2016-03-18,53.6788857644802,-1.46550362649888,0.381188434434857,0.0684721135396741,0.877227703129101,0.00443481658767602
2016-03-25,54.8771311715097,-1.47834870824211,0.380766853855903,0.0684344703665599,0.877357286436146,0.00443742109370719
2016-04-01,56.0547621606078,-1.51591408972191,0.381651213395795,0.0681559633571145,0.87733085720096,0.00448594601165112
2016-04-08,55.4507646305531,-1.4477699173423,0.387819669596661,0.070248317281064,0.874761512758581,0.00448583078135751
2016-04-15,55.549123260877,-1.40608920891803,0.407420086715339,0.072902249111145,0.86888322361492,0.00478023518633292
2016-04-22,59.0497107794737,-1.4752007066182,0.388923830020891,0.0709619793396138,0.874106577447966,0.00450172001049945
2016-04-29,60.3743016585199,-1.56472121530521,0.569478138318385,0.081151031354094,0.833110069623195,0.00677091917391093
2016-05-06,59.4815107915433,-1.57898639145075,0.383611981020184,0.0659194799750382,0.878163067667839,0.0047229848935614
2016-05-13,59.6219401064715,-1.52620509880569,0.350166165288974,0.0679932027075085,0.883730681987094,0.00395241801392277
2016-05-20,51.2406594203296,-1.45662954608271,0.380902672314244,0.0697375968776893,0.876057506849814,0.00444019258284294
2016-05-27,52.0161723306092,-1.52523153666989,0.355841503964633,0.0646207965687083,0.88465441982586,0.00408461755485828
2016-06-03,52.5265843889306,-1.53455725441439,0.57007596532746,0.0786981908979133,0.833345631689502,0.00712781313052272
2016-06-10,53.7857630351745,-1.54702393515073,0.550742585563401,0.0756623487229996,0.842398923072335,0.00605813864110415
2016-06-17,53.0521296603214,-1.69871040565406,0.369912382641487,0.0696130461691109,0.878055467707998,0.00436962211162138
2016-06-24,52.3525170381199,-1.62963244587981,0.377564281572228,0.068548778990553,0.877562617866256,0.0044627802080824
2016-07-01,60.4653306011947,-1.58543561126831,0.38263264880193,0.067996408680331,0.876921571723487,0.00458500989623033
2016-07-08,53.7095474405466,-1.57774278429379,0.370081796329485,0.0654154863927016,0.880933426843089,0.00457828347561794
2016-07-15,47.7420676185538,-1.55178553067582,0.377570743423018,0.0688690769443661,0.877299858942128,0.0044646949420321
2016-07-22,51.3467738228878,-1.59620915251598,0.397724797844772,0.0688373215474299,0.873467575112724,0.00479429563357533
2016-07-29,47.8908149090742,-1.62116359597518,0.369857384799558,0.0624217718318724,0.884591601675912,0.00419473423562407
2016-08-05,41.5034438025073,-1.59845539254482,0.393337726522894,0.0682089745636374,0.874710623122445,0.00475021608326011
2016-08-12,41.1588067118021,-1.64115477098754,0.385218475081408,0.0679630651626384,0.876592878567673,0.00458977859452324
2016-08-19,41.5719227118288,-1.59166926047466,0.372200133562668,0.0671944147775073,0.879608608875914,0.00443522694020104
2016-08-26,43.4145146463877,-1.5288996313755,0.357859634872554,0.0676488092117542,0.88218650184854,0.00414133762097713
2016-09-02,46.1267770247906,-1.50658393836068,0.362805905794896,0.0667270613003168,0.881973097715851,0.00424277231809508
2016-09-09,48.5480119953895,-1.58651337175032,0.347090081107085,0.0646789624568065,0.88630096434294,0.00409718717691133
2016-09-16,42.1348714844744,-1.56623288509186,0.337931912560458,0.0643437289265333,0.888280576128966,0.00394922140697481
2016-09-23,45.4768748009084,-1.55128599513571,0.343099277965209,0.0651763186103042,0.88677889430849,0.00398065571595111
2016-09-30,44.9136151960382,-1.51268089124245,0.281685197764482,0.0605208765174918,0.902195431073432,0.00304166202449252
2016-10-07,42.6698973285236,-1.50572786945759,0.330292665812675,0.0641451821666799,0.890565601935573,0.00357856360260244
2016-10-14,44.6867426057597,-1.38129301442142,0.319300432694276,0.0653489055977541,0.891016136738394,0.00352820201446043
2016-10-21,39.1052726789054,-1.31209730013937,0.252977904998965,0.0634083206135129,0.905342608318187,0.00248243726795817
2016-10-28,41.3450561504334,-1.34577959124227,0.366710249966907,0.0622342489862387,0.887008495646755,0.00358346604768741
2016-11-04,44.33731448391,-1.25395573825499,0.3044321847243,0.0651457581758093,0.894288105170003,0.00322060966867291
2016-11-11,44.0774202627678,-1.3058958487315,0.305560080447551,0.06509649095776,0.894049548244002,0.00325702643864784
2016-11-18,47.5292678375492,-1.27241759440216,0.315514455790412,0.0649168076387856,0.892196222786024,0.00344242225243909
2016-11-25,45.7719885384606,-1.2658234626179,0.325432228642146,0.0664103884613597,0.889044323277605,0.00356088343519716
2016-12-02,40.1973066647333,-1.17791211927567,0.31063122472779,0.0647785195641494,0.893439279243173,0.00332383694060749
2016-12-09,37.301493135475,-1.12093605893924,0.56613830052919,0.0746507742339274,0.841831690832084,0.00587951768949274
2016-12-16,41.9673173418682,-1.0340462227299,0.319586843614203,0.0639359516412062,0.892410942006632,0.00349785434831488
2016-12-23,39.4825540336676,-0.874873025660141,0.336832402742618,0.0628419349313012,0.890084795519154,0.00373528222289795
2016-12-30,37.1149894012195,-0.647362091065734,0.576363679644459,0.07410845572201,0.836058880728612,0.00727222246477515
2017-01-06,35.5670322772695,-0.868450273862249,0.324357134268411,0.0620285330739698,0.892481647515306,0.00364729749797801
2017-01-13,34.3639152236091,-0.888358282513634,0.326481260621401,0.0628072053046398,0.891346146219993,0.00368615714098062
2017-01-20,35.3883395967223,-0.89134236412472,0.557476802023943,0.0676801870056825,0.846818207268625,0.00627951331955684
2017-01-27,33.8115855858156,-0.874608780351463,0.324585148684983,0.0623102527464734,0.892113302695498,0.0036641165000456
2017-02-03,32.0250609166557,-1.01368427017869,0.533981465029991,0.0651903176179944,0.854214909955073,0.0056950420952875
2017-02-10,33.0479541310375,-0.971870714823487,0.560289286038021,0.0660317071873385,0.848768987381506,0.00603465309815046
2017-02-17,33.8538173245667,-1.06155293372645,0.532103826789128,0.0645843888953007,0.85368920801024,0.00604470864154474
2017-02-24,32.5673760341314,-1.017423455117,0.28034737524869,0.0610077636305164,0.901610909414256,0.00301659739435803
2017-03-03,33.0423360462018,-0.982863619164323,0.53892247503683,0.0681472082071347,0.852989671484267,0.00523261676187329
2017-03-10,38.6672151897853,-0.938087142181772,0.539030143386171,0.0657736498942508,0.854115831273165,0.00545981433460401
2017-03-17,38.2923365886494,-0.988322746992188,0.307490551741243,0.0614288621224874,0.895504642941448,0.00361130747416761
2017-03-24,33.2713401782198,-0.901196539313882,0.315786559468843,0.0610543416619547,0.894484441636459,0.00367655400947235
2017-03-31,26.4730881688097,-0.933365255974421,0.313155438539944,0.0613454585694637,0.894620088605064,0.00366846902588111
2017-04-07,27.0861369402727,-1.02101448544479,0.29861452684274,0.0606004564558726,0.897941928414531,0.00347102556929628
2017-04-14,26.7452398642483,-0.98661208314114,0.292543697647172,0.0601143621154375,0.900604173428444,0.00308604253827348
2017-04-21,29.0048529426335,-0.888355787709881,0.304088050075703,0.0596273836797623,0.898349043025748,0.00340193241218247
2017-04-28,31.9014861944129,-0.829660886269362,0.318494525586005,0.05938935082957,0.896236876162297,0.0035250729209421
2017-05-05,34.3158064450595,-0.887180902387674,0.302330517170926,0.0597394383942379,0.898795582613122,0.00332442283505296
2017-05-12,36.6486498596812,-0.900727093674751,0.307123577954848,0.0606972972783407,0.896945445764221,0.00340557887606729
2017-05-19,36.7014868265743,-0.835534885712329,0.326983446645407,0.0602669319829156,0.893579242809131,0.00371536985005638
2017-05-26,34.6573328756188,-0.896211906133702,0.562131331006115,0.0630988720292126,0.851043113967222,0.00609529444017006
2017-06-02,31.044519899242,-0.830575943466283,0.3105220919911,0.0572276416921533,0.898329702267233,0.00370084343320428
2017-06-09,31.0626908278629,-0.944124792160495,0.298465264079764,0.0605818341771175,0.898565980911379,0.00331947020604034
2017-06-16,32.2368482300266,-0.990836375199541,0.35155109568018,0.063221733827616,0.8859444464889,0.00423495156132364
2017-06-23,33.2746573206843,-0.969747186913048,0.562124802512139,0.0715136120768228,0.841405878214888,0.00685690197697351
2017-06-30,30.5568125372206,-0.9370170600935,0.562675596875832,0.0707066066736171,0.842379063263757,0.00674914867204918
2017-07-07,30.4766598427603,-0.951683656098452,0.297648134366648,0.0599615558810312,0.898995522620545,0.00337814882960363
2017-07-14,32.2086989996986,-0.971930597919093,0.289848018519303,0.0595420635466747,0.900843076931016,0.00325127459522127
2017-07-21,29.2349605541816,-0.930854653996848,0.54094810918597,0.0623444784944731,0.856693550457338,0.00548857270518711
2017-07-28,30.2210122080722,-0.969722565208823,0.5355750969333,0.0626362937669758,0.855341971369037,0.00598907214482906
2017-08-04,30.6285104513202,-0.991462046133191,0.283467287792611,0.0597878278332312,0.902105260323288,0.00306370358673779
2017-08-11,29.706471962839,-0.990132455054496,0.529851250047163,0.0615582527078077,0.85817682556594,0.00566722431532274
2017-08-18,32.7199705037961,-0.997023029730778,0.536364178537511,0.0635779367723857,0.856102092197679,0.00554180763724883
2017-08-25,30.7766042735511,-1.02086570228023,0.287495749859589,0.059629851690838,0.900980952109755,0.00325313879432701
2017-09-01,30.7692920172014,-1.01839568503037,0.536458595047161,0.0621368134790009,0.855176551301937,0.00612079434695822
2017-09-08,26.4404221487426,-0.966341472243428,0.562848861233628,0.0639002012111257,0.850557337373562,0.0060207276828816
2017-09-15,26.6122094001165,-0.891632932896156,0.54046008908937,0.0606120049121561,0.858182816504028,0.00549206924731834
2017-09-22,28.637057717327,-0.801503419946863,0.325237035261126,0.0589163100140676,0.8953265140552,0.00360498554943763
2017-09-29,28.9018150282232,-0.803357956571899,0.285595838678844,0.0607141612101482,0.898982774734546,0.00364688102625472
2017-10-06,29.2707486842809,-0.847092559849855,0.539144148301437,0.0592149064223123,0.858056176530694,0.00588985512331346
2017-10-13,27.9769203275534,-0.82705824637562,0.223208422967952,0.0541412620315406,0.918488292396487,0.00203145059755771
2017-10-20,28.3585621146978,-0.717610913784749,0.248324722652678,0.0460800432046372,0.920712672380022,0.00233075948799346
2017-10-27,29.7749321283058,-0.653666591106775,0.31581571704791,0.0559767829425114,0.898974496257807,0.00362390244104294
2017-11-03,27.5370786250807,-0.597058119674234,0.238455115603446,0.0562164561284876,0.911836985647642,0.00291523344587621
2017-11-10,25.4702258820838,-0.617835135269732,0.339374360115591,0.05430521008401,0.89573146643952,0.00407532900301937
2017-11-17,25.3565338663202,-0.692500379442071,0.576056126695418,0.0716237831739117,0.838667735052804,0.00709661224156151
2017-11-24,24.9056786224577,-0.697218023659041,0.410400268737851,0.0647753850103741,0.873829022711309,0.00504548425385859
2017-12-01,23.0790491862493,-0.710240082082388,0.30331577752089,0.0569490155036428,0.899958609101931,0.00356826531762066
2017-12-08,23.202840212484,-0.703521175584899,0.299066742733399,0.0563561514295049,0.901266149395874,0.00350576127734533
2017-12-15,25.4034212508265,-0.632946174320537,0.312780679299178,0.0529771688223887,0.901215192866827,0.00385728725548098
2017-12-22,26.1225842100831,-0.621692079601797,0.307884511995065,0.0518259239876274,0.902953977354982,0.00383413909476095
2017-12-29,24.5241158573508,-0.469284267995157,0.451971219183777,0.0582301188220159,0.874387319742566,0.00491456995504312
2018-01-05,24.8195073117179,-0.36589521027011,0.180115953861496,0.0331989246422038,0.942940343676074,0.0016987044814973
2018-01-12,26.4154202227708,-0.236821535699009,0.423175491632735,0.0636568502728605,0.878089294499796,0.0037086252552926
2018-01-19,29.3588659002091,-0.287175000598125,0.303189890931736,0.0475844468985863,0.907103291964571,0.00381488995780784
2018-01-26,24.6287058286853,-0.447884294124698,0.227177595931776,0.0449136740021852,0.922359485621078,0.00304485591232087
2018-02-02,24.4706277116144,-0.472431070003691,0.221309976664146,0.0434256386281217,0.925064472710283,0.00286074827545599
2018-02-09,25.6008780079747,-0.47558531403499,0.523960799391066,0.0488761619191234,0.869558265281137,0.00548665959831408
2018-02-16,27.8267953632456,-0.477213054091677,0.227468359082131,0.0436372432023623,0.923028074879398,0.00313875920809885
2018-02-23,29.4335702461281,-0.553193764958112,0.284769386679731,0.0467892005647995,0.909015990725971,0.00419978567704807
2018-03-02,24.2781901674007,-0.620321860740339,0.289354576721761,0.0461964087045337,0.908169498451182,0.00444428474704292
2018-03-09,24.924548964464,-0.643527840749906,0.279909319252908,0.0477315074586864,0.908440905243356,0.00434896281828753
2018-03-16,23.9432035927042,-0.640616569591885,0.282766359483099,0.0468960964816973,0.90864105549844,0.00440584408681075
2018-03-23,21.819347314082,-0.579318778265779,0.254476804457227,0.0427544405267781,0.915385694788617,0.00453706530336106
2018-03-30,23.7952091552738,-0.592682147233844,0.285198119622635,0.045804874169844,0.90847167807523,0.00463681274928334
2018-04-06,23.8558721546799,-0.547672463518798,0.285928409237084,0.04528820196091,0.908535067983137,0.00471437615764118
2018-04-13,23.3793545031315,-0.584181477082298,0.301239980453498,0.0456889496519303,0.904901317501906,0.00509604134735047
2018-04-20,23.6663490321276,-0.592933888304575,0.314586930445799,0.0458285961399092,0.901901688482367,0.00538096962482006
2018-04-27,24.2741706872326,-0.557003614689551,0.338389185837986,0.0449152205668322,0.897515238334557,0.00595529240648086
2018-05-04,23.4455855877927,-0.471799098207537,0.263432361207671,0.0412124356228558,0.915376617529438,0.00460604923116926
2018-05-11,22.6397073071979,-0.513361913380857,0.298681650924239,0.0441337711272342,0.905787320678161,0.00530445660819116
2018-05-18,22.4577287843092,-0.533463052787492,0.325898144785447,0.0444332850705302,0.900010955131171,0.00586884142660928
2018-05-25,23.5590456791395,-0.642780991094812,0.363122342120654,0.0462360992954166,0.891271751998629,0.00656450555203087
2018-06-01,24.923179986317,-0.660099661161944,0.377644548457967,0.0489223918272321,0.886227494074668,0.00675569229480185
2018-06-08,26.9140796013037,-0.63829574314267,0.379439897378068,0.0466142608360524,0.887186582465425,0.00698661340234938
2018-06-15,26.6896339140232,-0.551630482481178,0.572264350997891,0.0560655587234083,0.84388827477438,0.00978210170889551
2018-06-22,24.0206945647909,-0.637724760357793,0.357673263834711,0.0449888432092954,0.892322698508362,0.00674968288166055
2018-06-29,23.4153793749042,-0.695421184366991,0.331565536741266,0.0466361852419801,0.89610262763871,0.00624424676650859
2018-07-06,23.9159795466003,-0.655153874489508,0.342279108123248,0.045093014307599,0.894981792785825,0.0065490706197582
2018-07-13,24.614158188033,-0.721384630563581,0.328146877096951,0.0462635971822691,0.896387292284313,0.00640082945756599
2018-07-20,25.126777498193,-0.686514709356937,0.566448456431556,0.0528573031621152,0.841157536744871,0.0116408072175457
2018-07-27,23.3750841091438,-0.741467913007866,0.340432037310817,0.0462390627490632,0.893769243793802,0.0067137167246951
2018-08-03,24.5677443461917,-0.784526700453755,0.355226163142779,0.0471631767259877,0.890194142266293,0.00694742665574326
2018-08-10,24.3000213880658,-0.858553567888936,0.34050769275578,0.0480838054608185,0.892561493304004,0.00661548525723297
2018-08-17,25.3929040643174,-0.836459905341,0.35749698818158,0.048638211269329,0.888748118378444,0.00691800180569896
2018-08-24,26.8001363581138,-0.894031641168813,0.577963224493032,0.0634710854257133,0.833450382658778,0.0108634216340527
2018-08-31,26.615970287568,-0.845054687835255,0.340321930750373,0.0469326634295761,0.892982164691801,0.00677865052370719
2018-09-07,27.567723872611,-0.855761192604375,0.332476483311379,0.0466223223369937,0.894880543638209,0.00661088526383218
2018-09-14,23.8156785418424,-0.850292334063873,0.566713414074188,0.0527520118856616,0.846321547850267,0.0101542076292764
2018-09-21,24.707286272846,-0.935250400921218,0.316950929146204,0.0474769636114486,0.897747306473626,0.00620686342407857
2018-09-28,26.7980656193028,-0.983706960232313,0.309193692382133,0.0473441186485897,0.899242214032881,0.00611789850446317
2018-10-05,27.6974259621619,-0.999411272981298,0.306060169721119,0.0481225584073346,0.897714565118442,0.00651354038329936
2018-10-12,27.3816014013211,-1.01279853811135,0.563435982966955,0.0574550407929605,0.842994489691161,0.0101768164598807
2018-10-19,28.1377059485298,-1.09020959450757,0.56383668090818,0.0584267584135966,0.842794551668692,0.0100125745691018
2018-10-26,30.1270524636432,-1.03968594485695,0.320514321753932,0.0478023209317244,0.896843567506476,0.00630347615506168
2018-11-02,32.5491698817595,-1.03790303025251,0.31908795847217,0.0470008741662259,0.897482138071252,0.00635721379156289
2018-11-09,32.5496782645229,-1.09044013173746,0.305973093060694,0.0466036136948912,0.900314560233014,0.00614324331731739
2018-11-16,30.1638601615114,-1.08987567591742,0.306741470183965,0.0466274394480806,0.90014459472792,0.00615678457815955
2018-11-23,30.5107344457064,-1.10717332414345,0.308049991579651,0.0467938378178014,0.899841035431339,0.00614507051265765
2018-11-30,30.4752680540436,-1.16805430182408,0.318181030043404,0.0474576353255863,0.897521630031925,0.00625524492307759
2018-12-07,30.474353200852,-1.13992856303545,0.568572854590279,0.0521316206511834,0.846682867879386,0.0101850764760041
2018-12-14,32.4594750647582,-1.2435094025216,0.574152436016625,0.0618539407174159,0.8352684807982,0.0110025607131399
2018-12-21,31.4875296981688,-1.22221159244708,0.593932779034083,0.0637182649419353,0.827318209957989,0.0121406206186557
2018-12-28,34.0400943377716,-1.20286805843505,0.382690454231166,0.0462902784200386,0.884532754719998,0.00784873911155187
2019-01-04,29.5278690842584,-1.12765628180297,0.303611116147607,0.0455562118038042,0.901796806756243,0.00607986008046226
2019-01-11,31.6389418848552,-1.12422611866071,0.561171776878755,0.055096062239941,0.845172612541225,0.010275848205803
2019-01-18,31.28823591149,-1.11862353851727,0.304814205502679,0.0451105406770456,0.901760395782648,0.00616298910537316
2019-01-25,32.4509703258415,-1.21288681912311,0.309170310822045,0.0445663100350464,0.901385232306199,0.00623996690240673
2019-02-01,31.1675398063248,-1.20371907319898,0.307712972246475,0.044494974168799,0.901728843464809,0.00621868204384195
2019-02-08,32.6914033344495,-1.20782071679595,0.304994181212922,0.0449088772127142,0.902144242507756,0.00611542177631156
2019-02-15,31.9943781520215,-1.2344370926398,0.30451383902794,0.0434620868084545,0.90300971412973,0.00624392092257877
2019-02-22,33.0665210154558,-1.16318005533763,0.307590258428719,0.0441791700009909,0.902098994115048,0.0062187308220005
2019-03-01,29.6050339098449,-1.20964037554712,0.30742143752552,0.0441725231902045,0.902376071374311,0.00616176127374083
2019-03-08,30.8303065439646,-1.18538321245006,0.567426630400406,0.0571876686343976,0.844255104552539,0.00989167601535148
2019-03-15,32.278697404621,-1.27456719508865,0.31603414976906,0.0429163454300234,0.901683651775553,0.00638624693951724
2019-03-22,33.4665110390975,-1.25762464159568,0.312471626198184,0.0431014245787055,0.902246581431181,0.00629468419150572
2019-03-29,34.0929876316703,-1.20523450449575,0.307678905828726,0.0444926766995998,0.902582291402407,0.00604556792227417
2019-04-05,32.849493917562,-1.16655771823002,0.315080703854178,0.0443774547015037,0.901104595940706,0.00619407134035323
2019-04-12,34.2213433538473,-1.17206646735216,0.313237444076413,0.0449414673621134,0.90122491366417,0.00610034687666486
2019-04-19,34.1052297871159,-1.22402735284084,0.314509335064344,0.0444986158875206,0.901337644863954,0.00612213940173599
2019-04-26,33.895143487787,-1.23385369594517,0.317760071367082,0.0433791240763993,0.901293991719687,0.00628703994024009
2019-05-03,34.1161922319234,-1.32897679115653,0.566066774515928,0.0537955994440886,0.846985274032722,0.0100211341437298
2019-05-10,31.4280428116814,-1.31021855431922,0.31207256048893,0.0426527390122874,0.903061650968747,0.0061944651483635
2019-05-17,32.4425459870024,-1.36532690389105,0.309873714896395,0.0422448868400759,0.903703054785517,0.00617397976966406
2019-05-24,30.9985024739224,-1.41514497839245,0.303087945783663,0.0437120660438932,0.904317150105678,0.0058855343827689
2019-05-31,32.0365490804834,-1.42700651932481,0.307817561660738,0.0425204070738294,0.9038771577096,0.00612332030159919
2019-06-07,33.0244824219511,-1.42374635865619,0.316338868003748,0.0423834227503962,0.901999445418787,0.00637384382485238
2019-06-14,29.1002699917332,-1.42664047550796,0.583068864137395,0.0541110317318128,0.841109290699224,0.0109931456173563
2019-06-21,26.6314894545129,-1.36312716127067,0.288456433988243,0.038236819650237,0.909921225548901,0.00616649551965055
2019-06-28,24.2613419219143,-1.28204431070988,0.332612300377391,0.0404261310882198,0.900411521547222,0.00671019826095203
2019-07-05,26.5017459222184,-1.29796029832258,0.339011217020357,0.0410243490201821,0.898508653364162,0.00685038589583086
2019-07-12,27.3652115954158,-1.38142347909451,0.571946128744666,0.0495683768949799,0.849027906346479,0.0101960535843403
2019-07-19,26.6248238033365,-1.38196643590031,0.323534618461603,0.0417310495816959,0.90122921536574,0.00648993748857681
2019-07-26,26.5647116504121,-1.44989968606597,0.313183320628318,0.0429262586394661,0.902974528251453,0.00610230893050139
2019-08-02,26.8987721218121,-1.51030970356837,0.30280323922127,0.0433812083745401,0.90498064579806,0.00582452400765271
2019-08-09,28.9004797433934,-1.48312965147578,0.307783332660775,0.0431300029976974,0.904043025405085,0.00596425205255337
2019-08-16,30.6194941326068,-1.47188878563277,0.307165714465804,0.044517703400898,0.904318760205867,0.0055551218977743
2019-08-23,29.5217914062515,-1.42640749735677,0.317994275333276,0.0426784421463884,0.902316309405622,0.00618204127140852
2019-08-30,29.6138275256895,-1.38692995437502,0.329168754597828,0.0358326092793534,0.905973988796892,0.00633083307547717
2019-09-06,29.8552457519699,-1.29979140008118,0.342733423562464,0.0416130449555057,0.898449230567487,0.00664466869971113
2019-09-13,30.5968851556317,-1.33332996496304,0.337214864007669,0.0412864613695099,0.899652423044505,0.00659400956519783
2019-09-20,32.6143005126881,-1.37113486476895,0.57543552867055,0.0565167017676804,0.841643225417606,0.0106718447718261
2019-09-27,31.2410974182862,-1.43722742874846,0.329547998666787,0.0433494794112603,0.900055761437732,0.00626049073802848
2019-10-04,31.8104024792496,-1.34313354314264,0.346467072841583,0.0424232872218165,0.897402578275365,0.00663464791591141
2019-10-11,33.1274531391873,-1.29723251583792,0.579026486010009,0.0548860282702389,0.842766730394709,0.010615562787878
2019-10-18,34.7759179718822,-1.26192134292682,0.369689839298125,0.0426676221626366,0.892819568495743,0.00700812913975256
2019-10-25,35.2951921841197,-1.27077933001009,0.379142956962108,0.0412830321324995,0.891908728937711,0.00726474390251747
2019-11-01,34.0506289922878,-1.19205493003477,0.569451202557976,0.047848531612198,0.853929560999704,0.00937938714245591
2019-11-08,33.47018945261,-1.23794305845827,0.571772264005663,0.0490342949316513,0.852151871304534,0.0095374764863934
2019-11-15,34.4872789291533,-1.20135624781377,0.370767629509602,0.0449808516844039,0.891317631265661,0.00684797745109797
2019-11-22,33.1888355930236,-1.20125532081407,0.6091150002062,0.0679603783213867,0.822965234722015,0.0121803227145672
2019-11-29,31.8018678696262,-1.21091151172625,0.60980442276826,0.0681472305418916,0.822471301363917,0.0122626541497688
2019-12-06,27.8023408618225,-1.21811687586328,0.378085937160921,0.0425820783911196,0.892911263030957,0.00667419105030944
2019-12-13,26.6010877375618,-1.21020215144971,0.372770573706921,0.0450939916279999,0.891007445983641,0.0068535279319194
2019-12-20,29.9482879050099,-1.22463832801865,0.386242290239597,0.0448310918162622,0.888463841449165,0.00713437487160186
2019-12-27,29.9941453163807,-1.23891482329995,0.576794324397461,0.0502149028242668,0.84997835775675,0.00972498505670365
2020-01-03,29.0789104675919,-1.23318384158845,0.394891231288116,0.0448417984426372,0.886690873278744,0.00733057571430036
2020-01-10,27.6001829614072,-1.27814732255886,0.397934601169594,0.0434671577479301,0.887091095939908,0.00745222171820016
2020-01-17,26.8002755260979,-1.33141429117836,0.378402869730895,0.0447551152957748,0.890218580674619,0.00697640140065705
2020-01-24,26.6447077607737,-1.34860486434468,0.379845285614816,0.0435124530593669,0.890762100531653,0.0070689317869479
2020-01-31,27.3616340204035,-1.24836012483295,0.577191702552313,0.0542889582181628,0.845282085957181,0.0102018990897846
2020-02-07,27.5712858058494,-1.240789695279,0.576420174524102,0.0533704186575621,0.846660550932998,0.0100461518930076
2020-02-14,29.6824482028866,-1.30272654480208,0.385305613287663,0.0444006171659456,0.890197502301253,0.00684500831508792
2020-02-21,29.2634559972237,-1.50472796465192,0.570794544469718,0.050417427754516,0.856041257142657,0.00838146373521211
2020-02-28,30.1936387376183,-1.64868110436323,0.353250902332086,0.0464108475461795,0.896818163680878,0.00578361333922397
2020-03-06,37.2486416578925,-1.98830634933523,0.372357465761368,0.0525734773322153,0.889955941408096,0.00577981526409317
2020-03-13,41.4486574165357,-2.07203290732729,0.387165201020497,0.0533276213071252,0.886421869772852,0.00606379389494486
2020-03-20,55.9258721992362,-1.98347332293364,0.436703635340952,0.0548147117923335,0.8756838802107,0.00692340890663022
2020-03-27,68.3666309735294,-2.16827337680101,0.595884764995865,0.061975869176834,0.841899080726811,0.00903718248018497
2020-04-03,80.3880872596083,-2.0518425126688,0.501222968705004,0.0609786580477364,0.858799087578405,0.00800806937539931
2020-04-10,104.119330219189,-2.1638994425585,0.537658403283177,0.0610357490509728,0.851545370266316,0.00871783785475039
2020-04-17,106.603179448503,-2.21518808502715,0.491641027907636,0.0586643269418833,0.862759513718348,0.00775090147986842
2020-04-24,112.508943608667,-2.09176128677261,0.510584041278752,0.0587754953316055,0.85880182841154,0.00816732099622678
2020-05-01,100.507300768547,-2.12701859784196,0.500652039461538,0.0559231310770046,0.862952259586301,0.00800884721613014
2020-05-08,102.402046983657,-2.21084014519075,0.519076015229185,0.0576023299541737,0.858353119916239,0.00822681198218677
2020-05-15,93.9488978273768,-2.17859390120876,0.5186180130196,0.0580335329087942,0.858187778359754,0.00818961863423404
2020-05-22,93.5069639074496,-2.0878536751372,0.608182459662082,0.0680953975733315,0.834500460817751,0.00928460360434626
2020-05-29,90.4564837579469,-1.85352702843033,0.513102106669769,0.057177868441581,0.859665249414196,0.00819958712465575
2020-06-05,91.3701447479841,-1.97805866838203,0.523206706108379,0.0584895900587933,0.856545067967868,0.00840716841104524
2020-06-12,95.0416655227901,-1.99226588489574,0.534122155007753,0.0572202438199818,0.856130635104583,0.00840238471548367
2020-06-19,96.9452398211443,-2.00944514197026,0.541328449088587,0.0572023264175489,0.855078763903455,0.00843037813800205
2020-06-26,83.6097573528285,-1.93052119586045,0.542179223305795,0.0562302855188359,0.855673179421398,0.00845327540804167
2020-07-03,79.1164432494463,-1.92528897138909,0.56092480630561,0.0560011417507433,0.852804509718503,0.00861303059305455
2020-07-10,78.3984637431605,-1.89494349033621,0.596931601227192,0.0566435332846176,0.845679339255411,0.00913423882733616
2020-07-17,69.9542903731234,-1.9450987836648,0.610327805562204,0.0578440914270929,0.842503006211658,0.00925960653762244
2020-07-24,65.6001231737008,-2.04145795834056,0.565171078162116,0.0586925948247042,0.850182964974927,0.00858860716662327
2020-07-31,61.414075269089,-1.97848958218367,0.584116288065555,0.0576960655807506,0.847439894687495,0.00888608648223408
2020-08-07,65.5320316915681,-1.90627703152837,0.581495004760286,0.0569971998475112,0.848498776315376,0.00884815677700806
2020-08-14,63.3327618272398,-1.98815249088474,0.570002301348209,0.0581906638975954,0.849876672810183,0.00860921034446918
2020-08-21,61.8300303253684,-1.91975742116742,0.589876236660481,0.057392301350494,0.846581379009746,0.00897805913964094
2020-08-28,60.9050097678023,-1.96121184682229,0.60328912399968,0.0581178853950037,0.84372236410226,0.00912838657267349
2020-09-04,60.1766880747829,-1.9949427662388,0.619658258792425,0.058814440349086,0.84026917121643,0.0093414829739079
2020-09-11,57.5331821439436,-2.06158773429171,0.610598383229377,0.0613501864672863,0.838344074390672,0.00968020257372747
2020-09-18,55.1073679883808,-2.20260923422498,0.621403736594468,0.0595308330708521,0.839541405210304,0.00935148563591733
2020-09-25,55.1500714692703,-2.19506490507231,0.625857057959519,0.0598204777706715,0.838661972932914,0.00937048620028511
2020-10-02,59.1690397986582,-2.09653743502757,0.601919042293007,0.058385903363157,0.844005658315974,0.00908572657096563
2020-10-09,57.3741488271958,-2.16580508945361,0.608830930194,0.0595237368518926,0.84216685380906,0.00908023031119931
2020-10-16,59.349388958464,-2.11899865416323,0.607228875622476,0.0631912352226458,0.837831150326562,0.00956379237467882
2020-10-23,58.6484864165123,-2.24163142270154,0.616953997321535,0.0610240518182343,0.83988775031173,0.00906736488599132
2020-10-30,59.2311138068762,-2.18288046931633,0.592204053195193,0.0606914495103252,0.844782380046003,0.00867373714136558
2020-11-06,63.3760940145398,-1.95125088537183,0.582514027644041,0.0596271775431382,0.847194795835365,0.0086070944121887
2020-11-13,66.0775047760785,-1.89365825489598,0.587540243947332,0.0589773613909804,0.846764273288841,0.00869007000782538
2020-11-20,70.4595693292026,-1.83365645750532,0.574583547905945,0.0587483868333255,0.849338561974206,0.00849428191929297
2020-11-27,67.1165505597359,-1.77519412787836,0.587129529844696,0.0586162224145247,0.847011417128888,0.00872178201668855
2020-12-04,66.3481462638517,-1.82113218457853,0.585583624202508,0.0600409790015649,0.846387078264101,0.00861645841547927
2020-12-11,63.9425373469393,-1.83388698360809,0.614944692319559,0.0597713298337894,0.841436666714683,0.00901709335413124
2020-12-18,63.8583259585647,-1.86489324108685,0.653203675118736,0.0611623845599421,0.833756215142426,0.00947749758716388
2020-12-25,55.4887498274097,-1.86953717575501,0.699729489698259,0.0615116416771899,0.825190872529286,0.0101113266045599
2021-01-01,49.2924444448035,-1.79655700906668,0.672943656829077,0.0590296206775185,0.831797832482074,0.00980760669662682
2021-01-08,43.8383296819671,-1.86901585318226,0.676881857236598,0.060662102422205,0.830149597492455,0.00973952044109356
2021-01-15,46.4163680567436,-1.89692943786815,0.663521265544116,0.0594422655951152,0.833536985456542,0.00954224864391624
2021-01-22,45.5064961342772,-1.95750764815695,0.673517687879983,0.0597569744961098,0.83137164556649,0.00968315932334952
2021-01-29,45.3667832062937,-1.80424192867289,0.654518562136293,0.0584742560084138,0.835892795814288,0.00944803163852076
2021-02-05,47.5865684904167,-1.77260347548031,0.685407967686219,0.0589796216873482,0.829851613084001,0.00991096958072024
2021-02-12,51.468728266784,-1.77489921944137,0.67480953204372,0.0595221623157388,0.831480417936195,0.00971254647957753
2021-02-19,49.8324872549083,-1.78703902211423,0.679295605762249,0.0598850157981017,0.830547825825967,0.00972953240518794
2021-02-26,49.9936939566301,-1.74753550960457,0.676611665884141,0.0589762693322643,0.831734913762686,0.00972166846757357
2021-03-05,47.7975590814582,-1.73445676204039,0.679083567300179,0.0583719924636795,0.831832734328418,0.00976156093027116
2021-03-12,48.4312970514787,-1.75005215733748,0.701325379664729,0.0583703937108934,0.827989464980687,0.0100245330940013
2021-03-19,46.7002908611148,-1.74921228603627,0.733660032327665,0.0587725870912555,0.821954499118642,0.010456445052283
2021-03-26,40.1437198274923,-1.75831746531584,0.746251789157095,0.0599817330028285,0.81896117289896,0.010555404271896
2021-04-02,35.6961365680426,-1.79181181829417,0.750523154518008,0.0616239347813196,0.817144405489283,0.0105139882052505
2021-04-09,33.5057052999502,-1.78022847570127,0.793065376023202,0.0648840358810234,0.806802013226572,0.0110428618547754
2021-04-16,31.6444366302472,-1.84338856179153,0.789963630581514,0.0647036251547956,0.807586827106378,0.0109767954367036
2021-04-23,29.9920210063906,-1.75907744184025,0.791241861911609,0.0634175291247293,0.808710283667579,0.0109495632948513
2021-04-30,31.8845937521501,-1.70884254905971,0.796515988247209,0.0635457725192844,0.807803724032766,0.0109900088389713
2021-05-07,35.8091101261401,-1.71581376863072,0.799487475578674,0.064215262739635,0.80697554086886,0.010965628742986
2021-05-14,36.6734261927775,-1.72469200058505,0.797861071714605,0.0630463549734743,0.807662152751882,0.0111128667105657
2021-05-21,38.8834020135073,-1.731794015611,0.811051288630779,0.0637961794003084,0.80480822554103,0.0112652205268636
2021-05-28,30.4506398010214,-1.75276869481169,0.820217691981935,0.0650378149350018,0.802281487478816,0.0113559442667911
2021-06-04,30.738393746694,-1.80297854494814,0.824271809239226,0.0666158771766926,0.800445875068658,0.0113562165281142
2021-06-11,30.139550444509,-1.8214853307537,0.823573749623547,0.066329727174505,0.801174253622714,0.0112585134671487
2021-06-18,29.3682779446275,-1.80177462824925,0.827422371499653,0.065463869474481,0.801359291616094,0.0112688761249613
2021-06-25,31.967295224089,-1.8590133564556,0.820653686653328,0.0660285776044607,0.802421807833086,0.0110835210685602
2021-07-02,33.0454282315526,-1.88669976430748,0.782749542802205,0.0632836165339462,0.811270683588466,0.0105894786728719
2021-07-09,34.005337840948,-1.91783343686669,0.744494873673686,0.0604656371682281,0.820249031643221,0.0100856260474283
2021-07-16,34.1160534482707,-1.88588978334603,0.749639975599168,0.0595503506041514,0.81993348034538,0.0101539633466973
2021-07-23,35.2199617406078,-1.84091499824647,0.744813666627826,0.0591283641919567,0.821218109260768,0.0100669956160951
2021-07-30,36.4610048654938,-1.80671109006207,0.74650527492025,0.0593199245267504,0.82112951375967,0.00999932992057888
2021-08-06,36.428058626602,-1.78489414806389,0.736657041423545,0.0582959545898319,0.823536958498329,0.00989118421215374
2021-08-13,38.6879501770768,-1.84866695226264,0.746799824385065,0.059221341678269,0.821166496958318,0.00996700633232539
2021-08-20,37.2628435783775,-1.80430712435637,0.748942158676574,0.0590445190454312,0.821007017210856,0.00997026170585798
2021-08-27,39.0116105728357,-1.75388261497025,0.729111319151301,0.057477780824953,0.825480503898281,0.00981538160164187
2021-09-03,38.9276425565171,-1.77124471129566,0.744987468211586,0.0583167818698473,0.821910742537704,0.0100286020347775
2021-09-10,33.4900977035279,-1.73925267758327,0.744816513225921,0.0583419941511557,0.821891161769018,0.0100341237474768
2021-09-17,32.7661147393108,-1.6708215108743,0.716423159614494,0.0574519116017376,0.827768057336892,0.0096233466141843
2021-09-24,32.6812564179412,-1.63322966400237,0.615674233795519,0.0551789005524358,0.843994044562262,0.00930269951874931
2021-10-01,33.4771580743235,-1.62207066536738,0.614689942553733,0.05473075903603,0.844291840460279,0.00937861913055301
2021-10-08,34.0181316996564,-1.64853459498197,0.616863515862335,0.0541681054480226,0.84490521537934,0.00925005995176328
2021-10-15,36.0635188487138,-1.66465809531329,0.714482199948396,0.0577333376624894,0.827866646800767,0.00960210102295257
2021-10-22,34.6243998170093,-1.61558513901941,0.691015456497266,0.0588613068303666,0.830926451310522,0.00934572108312145
2021-10-29,32.2571761898369,-1.60675500843582,0.61630572575986,0.056183162842989,0.842768305114007,0.00943179807183814
2021-11-05,27.2138854520068,-1.67214107725015,0.707724120953623,0.06120928967914,0.826259883772843,0.00949984754701939
2021-11-12,28.2236644310126,-1.73793421526062,0.734770686763178,0.0606290208668163,0.821979263467963,0.00987303636639634
2021-11-19,26.9184993724089,-1.80510866241452,0.768846917287414,0.0604888717526771,0.816326847253826,0.0102795896684177
2021-11-26,29.7431464620119,-1.83309665723614,0.76449851548639,0.0612527814472221,0.8165829961188,0.0101915708412274
2021-12-03,33.8478762250567,-1.80733372413787,0.796567210997635,0.0615297388682535,0.810683905277381,0.0106058264798616
2021-12-10,35.4905197524303,-1.83477089313333,0.776493701114469,0.0614272849125744,0.814233640089951,0.010353432714401
2021-12-17,37.2644507380328,-1.76976979180248,0.790651233724669,0.0609692387105663,0.812291813391563,0.0105082857760907
2021-12-24,35.2624747018833,-1.78530084092446,0.78306601653199,0.0612780904131435,0.813460513042711,0.0103837962076232
2021-12-31,37.7346474537126,-1.70946826319068,0.807977552011215,0.0607047136925144,0.809831432349738,0.0106587323440174
2022-01-07,36.6258726924338,-1.70186647637965,0.81430816407028,0.0608878181299641,0.808689086206897,0.0107099592963475
2022-01-14,39.6428623082586,-1.77882292887322,0.846577575400999,0.0627833725560955,0.801719013449747,0.0110658389835763
2022-01-21,39.4614316193332,-1.78893771448275,0.838178821533948,0.0627194785174051,0.803339632565352,0.0109333956413192
2022-01-28,41.3203800203602,-1.72630789806604,0.828004963776222,0.0614846982176026,0.806298209056045,0.0107674070708288
2022-02-04,41.8797027134252,-1.67894902409082,0.81319730709839,0.0597505449151632,0.810380133870668,0.010556773872496
2022-02-11,44.0423246793511,-1.73741230149696,0.853058900168437,0.0606751863012095,0.802652678436476,0.0110653208444867
2022-02-18,45.439941099389,-1.86599903284274,0.889054706250498,0.0634823757077562,0.794411638117321,0.0114488393904324
2022-02-25,48.8614622227922,-2.12764087047662,0.901440078325048,0.0643356457294075,0.791553387493979,0.0117550054592329
2022-03-04,55.8543516616598,-2.06569787309134,0.929600492322498,0.0693046261222482,0.78325599927697,0.0118704567792096
2022-03-11,68.7073702075576,-1.92523687402671,1.03413558607639,0.0712235122465246,0.763767105413453,0.0131434995755122
2022-03-18,75.1053963350935,-1.97959032871574,1.01115998719826,0.0710915111177184,0.768022616510149,0.0128010390727741
2022-03-25,80.1031497677367,-1.97777325354821,0.620003274786594,0.0577270970713799,0.843294663846563,0.00888374119603493
2022-04-01,73.469723543557,-2.01511140112485,0.996823679932871,0.0716375472376338,0.770394170668873,0.0125175470337489
2022-04-08,68.4266170630166,-2.02748318552344,1.01461549517343,0.071679712155433,0.768149853420298,0.0124686702765837
2022-04-15,66.9569462799957,-2.0244782041518,1.03007102448897,0.0723227200767358,0.765296796019599,0.0125594131399421
2022-04-22,54.3788667397357,-2.09647939192344,0.992927155381418,0.0683955915954272,0.774315084026124,0.0123101348961515
2022-04-29,52.1556559068325,-2.15052402869898,0.989239756555537,0.0668879885519419,0.77607443478793,0.0122810141585882
2022-05-06,55.823460871443,-2.10713405363581,0.938039346580194,0.0636792151207888,0.786937963794471,0.0118161060489826
2022-05-13,57.9568079367521,-2.10992839972088,0.820519012723053,0.0589318575106795,0.807750938571247,0.0113493697236491
2022-05-20,59.7424444403648,-2.0456725030713,0.637136327091205,0.0707712802443192,0.83198837487866,0.00832702989751545
2022-05-27,57.5541832872968,-2.06151141880497,0.892941316936364,0.0649687130071968,0.794230358461575,0.0110257812484284
2022-06-03,59.7822638486036,-2.15614912298285,0.626478820209193,0.0710135102603749,0.830290807136363,0.00908623361641447
2022-06-10,54.174366008423,-2.08722830062802,0.960972926742291,0.0659696954868747,0.781529533134912,0.0118700752863962
2022-06-17,58.6030054514246,-2.10567739705718,0.977422145128679,0.0655038940252899,0.778991923517263,0.0121039647515719
2022-06-24,49.5297038320544,-2.11905483911504,0.634993507562826,0.0544613300721195,0.841584357019832,0.00956648692975859
2022-07-01,47.1248757186479,-2.19736944834018,0.628961512948832,0.0734347433893153,0.830036284309833,0.00842984513127422
2022-07-08,52.4518212774572,-2.27976613167546,1.05040773610602,0.0688180178643001,0.764581505555592,0.0127312251612942
2022-07-15,43.6438146522144,-2.25484281067758,1.05604786502221,0.0689113567972675,0.763628179562116,0.0127830112994456
2022-07-22,49.2014618802761,-2.21493567471304,1.06107541317746,0.0695291842458269,0.762645076388939,0.012746485648296
2022-07-29,50.4827657373252,-2.22101478713178,1.06243294103655,0.0704546327304982,0.761903194857339,0.0127006071739681
2022-08-05,51.3508782810325,-2.17605862896106,1.05956506051609,0.0685404497580308,0.763458396966916,0.0128167585462506
2022-08-12,50.964566226108,-2.2434087470266,1.08624223107163,0.0696983987271339,0.758221398999881,0.0130478551823686
2022-08-19,49.4484854393896,-2.30238447483137,1.12201904663813,0.0701092044037397,0.751614490661454,0.013506897280882
2022-08-26,49.9144084620991,-2.26975860863398,1.15168528295338,0.071052069752164,0.745965226264498,0.0137948381735078
2022-09-02,51.2026028415258,-2.18526165790495,1.13743637780207,0.0708605465258209,0.748666455824388,0.013615193312083
2022-09-09,52.1575640227846,-2.15706599209712,1.18471095121947,0.0715205304707545,0.73999008953947,0.0141910806999801
2022-09-16,53.6986092603014,-2.15746444735616,1.18978425078727,0.0723484502077498,0.738628323513469,0.0142067565310264
2022-09-23,52.7620605879491,-2.26500002085578,1.23662762466737,0.0755552063338769,0.728534708869675,0.0146016741350307
2022-09-30,53.6577121160298,-2.21795292333759,1.24460958182092,0.0767036462451202,0.727524754599257,0.0143461250945471
2022-10-07,57.4848689724098,-2.18208639446733,1.28941889346477,0.0749583306495595,0.720709229912577,0.0150463252195049
2022-10-14,54.8406595170824,-2.13695890443242,1.27975973496617,0.0722207928765964,0.724285093776879,0.0150743597402594
2022-10-21,54.3183397402226,-2.09607479613257,1.43243654318597,0.0741464292325598,0.697251529758807,0.0166862605300176
2022-10-28,56.0579891940398,-2.02651983873453,1.48921890323746,0.0776155358593617,0.685808678239393,0.0170263058176835
2022-11-04,54.3952490043759,-1.97158885367142,1.66837937995718,0.0797618427605713,0.654654326250675,0.0188127126998468
2022-11-11,53.5111153951679,-1.9352890596405,3.53647394384124,0.0863156015388417,0.333812047824039,0.0400004524078767
2022-11-18,41.5871607947412,-1.88400519193211,3.60895520645724,0.0846873151711336,0.322843773075766,0.0409042979596642
2022-11-25,39.7211451893228,-1.89968292272138,4.63609447570666,0.0749247796748056,0.155499368904862,0.0532756884055207
2022-12-02,38.8380925332248,-1.91582104757232,4.40373442782899,0.0714379062703373,0.196016337171866,0.0511927503704162
2022-12-09,38.0819778865495,-1.91904485272966,5.47967088913153,0.0699122157349587,0.0116729459310988,0.0646655073576351
2022-12-16,34.6543155091661,-1.82373760377,5.36760567888533,0.0696773474091829,0.0317136731141514,0.0631333347752206
2022-12-23,34.2093231324812,-1.82772284429129,5.61008027893542,0.0689324859889719,-0.0106479062727673,0.0665356508333475
2022-12-30,39.7781936046275,-1.76533499731899,5.56780190353695,0.0657091145813821,0.00112487024131326,0.0657373425225571
2023-01-06,33.783689538809,-1.74187062906486,5.61137827420753,0.0661078257190151,-0.00698540869307343,0.0663557363043021
2023-01-13,41.5422275108093,-1.81439044306374,5.80619213770935,0.0669727837828185,-0.0430175118193308,0.069255589518869
2023-01-20,35.5095140975715,-1.74815294481094,5.81011833380187,0.0647712246204732,-0.0404778236399987,0.0689632763186343
2023-01-27,32.3893928442419,-1.67952414357237,5.96269653048836,0.0622727593053364,-0.064124121763462,0.0707031767284099
2023-02-03,37.6382185481663,-1.65047243778573,6.27975983299472,0.0533529246996953,-0.109921029754941,0.0742996346826149
2023-02-10,35.8767797527145,-1.59577100431,5.75732332739648,0.0674723282465361,-0.0317581760283255,0.0677297169800946
2023-02-17,36.156934623013,-1.5559874387562,5.89160720931082,0.0628047434400974,-0.0533957412195625,0.070103515130119
2023-02-24,37.9083931455848,-1.53237214765922,5.92916080871681,0.0611592920342272,-0.0587979651610682,0.0707191434996229
2023-03-03,39.420546913258,-1.5774637095344,5.84567441584488,0.0656959423616523,-0.045931239781009,0.0690257377005389
2023-03-10,38.8491500551818,-1.82275915899898,0.615164977458768,0.0340511109646997,0.864104071677982,0.00872940575984074
2023-03-17,38.7930290508766,-1.85133421241528,0.607162954029492,0.0366322289742927,0.862887385050026,0.00877207159395248
2023-03-24,43.7764888924282,-1.74450324652272,0.603060112227787,0.0350223400697814,0.865410317513862,0.00857603664515154
2023-03-31,42.7567799352031,-1.70406102061725,5.67099021518153,0.0653987129854601,-0.0111893459629224,0.0661436503085885
2023-04-07,44.1290956927997,-1.66223716885665,0.607394761755742,0.0373168283502863,0.86319749749718,0.00848665842359525
2023-04-14,37.693793807916,-1.62640711048848,5.68410690434284,0.0655260221086275,-0.0133457481076423,0.0662714823914157
2023-04-21,43.6087377733764,-1.65680352997939,5.7933768189131,0.0594876419471622,-0.0262620946488719,0.067475166576185
2023-04-28,30.6571853918773,-1.56977340577001,5.59565425755588,0.0627705190628399,0.00189445944805587,0.0657508004998175
2023-05-05,37.5900426082451,-1.51409245366674,5.64512244457337,0.059920776252493,-0.00617762839868031,0.066978804810449
2023-05-12,36.8413772465224,-1.5304841933775,6.10288249649298,0.0567049845068633,-0.0814018671132355,0.0725426994850105
2023-05-19,34.8827515741894,-1.46057103520576,4.42803835583077,0.0704351390957156,0.190060574162424,0.0529825723242561
2023-05-26,33.2333677916981,-1.45770419681062,0.595630192089892,0.016856545516203,0.883503684722782,0.0080855947381743
2023-06-02,34.807000096979,-1.45419412889195,5.71430414222238,0.046027289411147,-0.019198940147031,0.0718906878378563
2023-06-09,36.5715753980757,-1.44876965427045,5.96952338319387,0.0431926337738357,-0.0606581946529493,0.0751319899622811
2023-06-16,29.2680400565354,-1.42413579528749,0.601178433221559,0.017859931726223,0.881206407715993,0.00829341046535762
2023-06-23,31.2833150347771,-1.36328902984958,0.631881672144861,0.0517997124827012,0.842923143536867,0.0100491546647291
2023-06-30,34.2518850382194,-1.39043796500741,6.18314593229579,0.0380174887563595,-0.0958600682673473,0.078926443505971
2023-07-07,31.1775650178478,-1.40488473070687,0.598183367402861,0.0165834629187129,0.882730944843262,0.00826508315227423
2023-07-14,32.8030759881611,-1.43959553547421,6.21761932229686,0.0391834893497276,-0.0990220140938205,0.0781569755010042
2023-07-21,34.859442423455,-1.38118273883349,0.630182468096807,0.0594960891496175,0.837701163221842,0.0097124466545524
2023-07-28,32.8810802684626,-1.45292005163842,6.14163136983333,0.0415357145119352,-0.0886690603911558,0.0773291131627643
2023-08-04,32.7340021381827,-1.45767372354641,5.95563626946788,0.0454189050608263,-0.0604958077809175,0.0751523889670513
2023-08-11,34.9315219866086,-1.52398730382499,5.92115973774286,0.0462899574847272,-0.0544368768426999,0.0744002949384669
2023-08-18,35.1283241434834,-1.47556412137844,5.97952298408498,0.0460801739349867,-0.0661908660047843,0.0756960008778723
2023-08-25,36.9855354574767,-1.46836365338602,5.67644410234624,0.0523553080179012,-0.0190567828249366,0.0717482327052247
2023-09-01,34.4870543736743,-1.43534280953379,5.94261658815721,0.050522230217694,-0.0642043594082727,0.0753275134195594
2023-09-08,32.7998067560715,-1.39771527642664,5.67162055261611,0.0546891869861788,-0.020966422551301,0.0718860770775545
2023-09-15,34.761628953103,-1.30936489954552,5.92938779058708,0.0509898759665772,-0.0682430887421966,0.0769227982884121
2023-09-22,33.8033178559597,-1.27584267390907,5.8188279097143,0.0562531444204732,-0.054920710637994,0.0759394640852398
2023-09-29,27.9059044665086,-1.21972571347816,0.642540273402681,0.0570210775069703,0.837466292145016,0.00985174873169132
2023-10-06,36.1791349379352,-1.1858747968472,0.642944673962478,0.0578859441121766,0.836847446135443,0.00979907658948458
2023-10-13,26.7062441620728,-1.1713279935822,0.629070783576005,0.0605374425933562,0.836815039533302,0.00969235893118029
2023-10-20,27.1490115138953,-1.12185526993496,5.26344956411396,0.0606637745103741,0.0410617540978915,0.0674345027607871
2023-10-27,28.8983161194955,-1.17269632053569,0.628171939077194,0.059482884264735,0.837691604551305,0.0097539475990701
2023-11-03,32.6642576941273,-1.19988142921489,0.645865361977147,0.0607354324318417,0.83393778564108,0.00987080023932066
2023-11-10,27.7839266055639,-1.11691203833257,0.646083464753003,0.0586438158539017,0.835697262285492,0.00987840267093673
2023-11-17,22.9283122519883,-1.16880484085863,0.647205943504981,0.0602279007801254,0.834138208542431,0.00991238276241944
2023-11-24,25.3638631811694,-1.12001407389428,0.64792688317112,0.0598347601317668,0.834451387063935,0.00988771541832204
2023-12-01,23.1946797615807,-1.0422142538073,2.13617950696726,0.056370756778593,0.583027179247657,0.0281647766508687
2023-12-08,23.963392891781,-1.08938250323997,4.81106920874992,0.0538041351829781,0.121523901517112,0.0627168179211927
2023-12-15,29.4712566915285,-1.03787229101095,4.94582903834255,0.0516527607038568,0.0986708854867383,0.0648677542900269
2023-12-22,28.286589928674,-1.07666296961869,4.31149480316999,0.0622726279894888,0.197123421060552,0.0574621968984536
2023-12-29,27.2774951589977,-1.04244838825092,1.85291289060598,0.0571650816093943,0.629556401990357,0.0251155743095147
2024-01-05,23.5855569868316,-1.02200114975383,4.78144255797242,0.0560889549410512,0.122002344131029,0.0632902184259409
2024-01-12,26.6520625562786,-1.04714294490929,6.74699576016446,0.0325729344488871,-0.203306039278179,0.0902755531709211
2024-01-19,30.8546050754367,-0.672372650678935,4.2397824312821,0.0620118321838323,0.20929552820178,0.056255229795916
2024-01-26,29.8970051898268,-0.618782456119788,4.80149319890385,0.0564784969065681,0.113340020652859,0.0645521872247193
2024-02-02,29.5053636731627,-0.481527875871793,4.01338468212079,0.0579004623646575,0.252839655038001,0.0530788544751734
2024-02-09,27.7559016408954,-0.548292263071753,4.14007281649937,0.0565275515824416,0.226260731056791,0.0566137186926916
2024-02-16,29.3441371414759,-0.537323517138168,5.87065398323896,0.0398366810145099,-0.0697467366196,0.0823476345087234
2024-02-23,29.955716142296,-0.340503911371404,5.69572943012539,0.0419593037625246,-0.0314100044123494,0.0768142961202423
2024-03-01,30.4956748545846,-0.0485169160773671,5.17880406638485,0.0528619285451709,0.0511267763405978,0.0693764264273475
2024-03-08,28.0156965840994,-0.199284529035886,4.84366999180836,0.054141119136333,0.113443923114407,0.0633782136163367
2024-03-15,30.7021242225899,-0.0613648214922887,0.635048837739596,0.0710211266030095,0.821578398521333,0.0114420153310227
2024-03-22,31.0772979987409,-0.102053543689096,0.636448182482161,0.0716677954908824,0.820812058898527,0.0114841914835052
2024-03-29,28.7619594803083,-0.0549730693336831,0.637166149394237,0.0717088686800832,0.820481751380355,0.0115564285428508
2024-04-05,29.5276432541623,-0.0553507135974996,4.41247154473685,0.0585654473141428,0.176694292939292,0.0604303068392077
2024-04-12,28.7037928620588,-0.117615583594722,3.9910644642659,0.0613219679067134,0.24925586720838,0.0544127033938431
2024-04-19,33.1211190726735,-0.0633414002204868,5.28053163869716,0.0536715631194585,0.0249386388653205,0.0734638812832179
2024-04-26,34.5599628775507,0.0737457062132102,5.27451275889022,0.0536680005824043,0.0264395873287203,0.0731397465764071
2024-05-03,33.4253219445238,0.30395858265604,5.04563482240061,0.0555023701773707,0.0658751323893041,0.0697416489626815
2024-05-10,31.5585306495108,0.14438332406397,3.98733159237911,0.0628937479492647,0.24921459365306,0.054002551920701
2024-05-17,30.6790941348377,0.150038165339317,4.56876152467142,0.0600999529474723,0.148550430444962,0.0622433105918729
2024-05-24,30.2290946192196,0.230421455691913,5.6884989483958,0.0334574870820328,-0.0327450935543722,0.0800318037180023
2024-05-31,28.780426849261,0.440565874283294,0.638538108040402,0.0714648641169542,0.820310822014289,0.0116480745560824
2024-06-07,27.0663977636806,0.29144416644121,0.639187843781088,0.0697852352621015,0.822843804564543,0.0113807422843178
2024-06-14,25.5786447879961,0.551618219693893,5.21786560715133,0.0710765922782234,0.031663508478415,0.0691825184485668
2024-06-21,30.1638155541221,0.3196236499336,0.647968322771384,0.0555245349207503,0.8365037938012,0.01025457509367
2024-06-28,35.116218097,0.235023095201382,5.27794243922301,0.0458425070375616,0.0458908158418451,0.0686463544470526
2024-07-05,29.5445046305772,0.152979083760821,5.38266215578979,0.050085963178839,0.0269760863898049,0.0689856981048282
2024-07-12,32.7186759385858,0.055830645364648,0.631306574426579,0.0680427442878985,0.825924580274109,0.0110220044139467
2024-07-19,28.4240936434953,-0.00172062752843617,0.627993144288776,0.0544453992165898,0.842282911648483,0.0095414598063636
2024-07-26,26.2020005036976,-0.226898841129945,5.0142737292296,0.0519538695496759,0.103577565412817,0.0597763470446212
2024-08-02,27.6529078713418,-0.195308801310814,5.21329397143041,0.0479592991288161,0.0683667484312958,0.0636904082887886
2024-08-09,38.434485357302,-0.200479855039999,5.78102860917449,0.0407549254582483,-0.0226239169184821,0.0706237544937044
2024-08-16,38.7461834715635,-0.280020889157103,5.7870271049119,0.0322997265955923,-0.000535502520303225,0.0653718503364085
2024-08-23,34.7657489657527,-0.149665545327066,5.80869636507621,0.0409445564319497,-0.0255887754537367,0.0701925550251878
2024-08-30,32.7853746138578,-0.277118108073758,0.608276926968398,0.0557176831986365,0.847391988796871,0.00851617515025044
2024-09-06,32.4593495963198,-0.262290773390986,5.32085049219261,0.0417145517396215,0.0660658963931404,0.06135030907539
2024-09-13,33.6673609057756,-0.259958298785728,5.33489232609848,0.0419805935075204,0.0627523011411066,0.0617647158790568
2024-09-20,36.6674801212117,-0.278215589744188,0.603656438281384,0.0536517935021724,0.850005486947437,0.00842653889176423
2024-09-27,34.4645947011075,-0.253779561574682,5.2057941765988,0.0437971507673659,0.0822925106097481,0.0605199034591138
2024-10-04,33.480469882671,-0.209666394658691,5.01575168004752,0.0473664685538518,0.106695336098578,0.0599126392642998
2024-10-11,38.4219814998514,-0.198213781570696,5.51790848279755,0.0430881039763074,0.0223019362750533,0.0667146727284243
2024-10-18,37.139158740045,-0.173117933029561,5.79807536719118,0.0402235649101602,-0.0237595021355322,0.0703037750110363
2024-10-25,35.7600944884166,-0.273487436449047,6.41869556102673,0.0235885509006806,-0.0981354586654877,0.0718597087372159
2024-11-01,36.742287929639,-0.373628510315514,5.78950265005278,0.0373778016149194,-0.0171352943663009,0.0691489145543119
2024-11-08,38.4890751303369,-0.395449272246098,6.17622264923877,0.0317810426150653,-0.0792647865184699,0.0740791108426061
2024-11-15,36.7190936697209,-0.520018541154425,5.52225270916035,0.041339136712033,0.0207799686965014,0.0673508882125323
2024-11-22,34.2964503537375,-0.537845980390524,5.99796302163281,0.0347398813021129,-0.0588118741839745,0.0744087593338245
2024-11-29,37.2738008086402,-0.514242429397187,0.611017868606736,0.0353113559397719,0.864438664117462,0.00837481992068534
2024-12-06,33.3476889518046,-0.555399483905775,6.46982769173287,0.0256954949010911,-0.133820911872635,0.0809078983001073
2024-12-13,36.7295038758722,-0.554601631184554,5.825778960374,0.0338566633308222,-0.0287262356198951,0.072454812202202
2024-12-20,30.1033259207829,-0.546167808340938,6.42456531435638,0.0275789156100949,-0.127145000369299,0.0802184432407171
2024-12-27,33.1848525203706,-0.587021077562853,5.60160355336395,0.0406057585887526,0.00124024564556838,0.070610364704804
2025-01-03,33.4376992419943,-0.531197319566557,6.21206576047425,0.0303499613371641,-0.0931146974264765,0.0776438908746163
2025-01-10,31.2128888851985,-0.433519507354386,6.51160099297748,0.0242041830956319,-0.132229292987088,0.079058098549575
2025-01-17,34.829253728594,-0.466945545952829,5.86705061382351,0.0335154022610054,-0.0285556806514587,0.0706835822286819
2025-01-24,34.4771539444635,-0.469743851439612,0.612106951983811,0.0362245007628568,0.868025350553874,0.0069104421228662
2025-01-31,32.5515563723805,-0.407710977989707,5.77084731144143,0.0359791064260799,-0.015016508692313,0.0698987040466348
2025-02-07,34.73100730713,-0.292642026641506,0.599441842675486,0.0335436668628426,0.87029890554539,0.00745587141210209
2025-02-14,34.899992294485,-0.29478267616275,5.38371459844983,0.0404830033388416,0.056224161763937,0.0621380385692497
2025-02-21,35.5613255626902,-0.289938627825638,5.33002846604293,0.0405995883922362,0.0678671924167377,0.0606813919099009
2025-02-28,34.2165141350801,-0.184678838749455,5.08456968276108,0.0481472998215536,0.0961159991869526,0.0601981246646397
2025-03-07,36.3045277230273,-0.179866616263993,5.17395090183862,0.0467425112463317,0.0812822130116212,0.0615213817946267
2025-03-14,41.0610419771319,-0.201476632517035,5.19507292159385,0.0464275148772834,0.0791793475249594,0.0613475878867751
2025-03-21,39.8372756919057,-0.154993683993891,4.51730342082281,0.0538540907811,0.186955580908588,0.0537326070450832
2025-03-28,35.9564019384801,-0.326097915944004,5.50757623533046,0.0426284524518038,0.0342503509819649,0.0641561132566685
2025-04-04,36.1725888096731,-0.34833117696404,4.49412116793212,0.05066463226097,0.198348286171014,0.0526405135540834
2025-04-11,48.7326841184993,-0.275133829259867,4.09051710960503,0.0584747112058508,0.268172500244108,0.0450761113183889
2025-04-18,68.2368853137676,-0.286244648255099,0.628389713824986,0.0528554035549749,0.848158415756935,0.00823720513068517
2025-04-25,54.7414819129257,-0.198551847997443,0.631411298928522,0.0658868551998387,0.830864369546493,0.0102476618171246
2025-05-02,48.1378882788133,-0.0763296785577321,4.73713760319008,0.0553410077312682,0.146030635118582,0.0576066421117486
2025-05-09,48.668621569624,0.0154702020672611,4.78764193820474,0.0544688164170562,0.137988864476515,0.0582837174213928
2025-05-16,40.4377875216745,0.109637716824328,4.61785711446389,0.0544994608021857,0.164038746912298,0.0570818218259562
2025-05-23,36.3756234495248,0.103679498048403,4.8349294182683,0.053771181553791,0.127093392678499,0.0598618299727029
2025-05-30,35.3664341007127,0.0587955442897866,4.75128791526759,0.0549782136262152,0.141651219277873,0.0583726422903102
2025-06-06,35.6251829257489,0.0596611279415169,4.79257855884974,0.0542457478415274,0.135652011244202,0.058741382450028
2025-06-13,35.3543641925168,-0.0480726299307691,0.624063523419505,0.0328902583244935,0.863908781208645,0.00875894168866086
2025-06-20,37.1859512060592,-0.0332568477635904,3.31015340993119,0.0582827792113593,0.386150006172757,0.040577126393973
2025-06-27,38.9273585724402,NA,NA,NA,NA,NA
