"Date","sigma_hat","mu","w","a1","b1","lam_FSI_1"
2000-01-14,36.3888411065528,NA,NA,NA,NA,NA
2000-01-21,35.3135952216991,NA,NA,NA,NA,NA
2000-01-28,36.3976572429507,NA,NA,NA,NA,NA
2000-02-04,36.8952323543943,NA,NA,NA,NA,NA
2000-02-11,30.4110336906775,NA,NA,NA,NA,NA
2000-02-18,30.3084355489385,NA,NA,NA,NA,NA
2000-02-25,30.986235714874,NA,NA,NA,NA,NA
2000-03-03,31.0496762942801,NA,NA,NA,NA,NA
2000-03-10,31.1952066106849,NA,NA,NA,NA,NA
2000-03-17,30.6442682472664,NA,NA,NA,NA,NA
2000-03-24,31.0779666174424,NA,NA,NA,NA,NA
2000-03-31,29.0566630849012,NA,NA,NA,NA,NA
2000-04-07,29.8690643815784,NA,NA,NA,NA,NA
2000-04-14,31.8359628218242,NA,NA,NA,NA,NA
2000-04-21,27.7459698136615,NA,NA,NA,NA,NA
2000-04-28,28.3377326364587,NA,NA,NA,NA,NA
2000-05-05,28.3251560515295,NA,NA,NA,NA,NA
2000-05-12,28.2992891131629,NA,NA,NA,NA,NA
2000-05-19,28.2626541759453,NA,NA,NA,NA,NA
2000-05-26,24.644991351126,NA,NA,NA,NA,NA
2000-06-02,25.4994949480568,NA,NA,NA,NA,NA
2000-06-09,27.8366392125804,NA,NA,NA,NA,NA
2000-06-16,26.9635695511464,NA,NA,NA,NA,NA
2000-06-23,22.8985452762702,NA,NA,NA,NA,NA
2000-06-30,24.1083094189919,NA,NA,NA,NA,NA
2000-07-07,25.4752590691806,NA,NA,NA,NA,NA
2000-07-14,26.3278565183141,NA,NA,NA,NA,NA
2000-07-21,23.9754530569759,NA,NA,NA,NA,NA
2000-07-28,24.3064259937609,NA,NA,NA,NA,NA
2000-08-04,20.2273655219556,NA,NA,NA,NA,NA
2000-08-11,20.7213685935449,NA,NA,NA,NA,NA
2000-08-18,22.6369501413148,NA,NA,NA,NA,NA
2000-08-25,23.0584240957297,NA,NA,NA,NA,NA
2000-09-01,21.8455186812208,NA,NA,NA,NA,NA
2000-09-08,21.7650157036172,NA,NA,NA,NA,NA
2000-09-15,21.7023594212507,NA,NA,NA,NA,NA
2000-09-22,22.1082030208003,NA,NA,NA,NA,NA
2000-09-29,23.7958579006299,NA,NA,NA,NA,NA
2000-10-06,24.8837184184216,NA,NA,NA,NA,NA
2000-10-13,22.6831710127799,NA,NA,NA,NA,NA
2000-10-20,25.4272735798142,NA,NA,NA,NA,NA
2000-10-27,27.0173052778688,NA,NA,NA,NA,NA
2000-11-03,25.3647332628488,NA,NA,NA,NA,NA
2000-11-10,27.8498988973296,NA,NA,NA,NA,NA
2000-11-17,28.9981905127941,NA,NA,NA,NA,NA
2000-11-24,25.7570509336017,NA,NA,NA,NA,NA
2000-12-01,27.5848804916844,NA,NA,NA,NA,NA
2000-12-08,28.5029381430099,NA,NA,NA,NA,NA
2000-12-15,29.371786088799,NA,NA,NA,NA,NA
2000-12-22,30.4282275043022,NA,NA,NA,NA,NA
2000-12-29,29.8146778269245,NA,NA,NA,NA,NA
2001-01-05,31.399314293162,NA,NA,NA,NA,NA
2001-01-12,32.6066768102751,NA,NA,NA,NA,NA
2001-01-19,32.9862726247003,NA,NA,NA,NA,NA
2001-01-26,29.837831589112,NA,NA,NA,NA,NA
2001-02-02,28.9355985187671,NA,NA,NA,NA,NA
2001-02-09,29.2397653459094,NA,NA,NA,NA,NA
2001-02-16,24.5501753506616,NA,NA,NA,NA,NA
2001-02-23,24.3675868424357,NA,NA,NA,NA,NA
2001-03-02,26.7390657830868,NA,NA,NA,NA,NA
2001-03-09,26.387045093704,NA,NA,NA,NA,NA
2001-03-16,27.1225278892123,NA,NA,NA,NA,NA
2001-03-23,29.8273366735433,NA,NA,NA,NA,NA
2001-03-30,31.8824793078234,NA,NA,NA,NA,NA
2001-04-06,34.9141894713138,NA,NA,NA,NA,NA
2001-04-13,33.6750520483651,NA,NA,NA,NA,NA
2001-04-20,35.0343126484669,NA,NA,NA,NA,NA
2001-04-27,32.1035844357777,NA,NA,NA,NA,NA
2001-05-04,32.8950727951964,NA,NA,NA,NA,NA
2001-05-11,32.8162368158431,NA,NA,NA,NA,NA
2001-05-18,33.4208223071157,NA,NA,NA,NA,NA
2001-05-25,32.2990712325757,NA,NA,NA,NA,NA
2001-06-01,32.2889350288112,NA,NA,NA,NA,NA
2001-06-08,31.7972164876157,NA,NA,NA,NA,NA
2001-06-15,30.7886710109225,NA,NA,NA,NA,NA
2001-06-22,31.9384866453466,NA,NA,NA,NA,NA
2001-06-29,28.6885356734286,NA,NA,NA,NA,NA
2001-07-06,25.2798453109971,NA,NA,NA,NA,NA
2001-07-13,27.2821405591582,NA,NA,NA,NA,NA
2001-07-20,28.001594241641,NA,NA,NA,NA,NA
2001-07-27,29.2819020229363,NA,NA,NA,NA,NA
2001-08-03,29.4685441967222,NA,NA,NA,NA,NA
2001-08-10,30.6470770564441,NA,NA,NA,NA,NA
2001-08-17,32.2329155890498,NA,NA,NA,NA,NA
2001-08-24,29.7927670040908,NA,NA,NA,NA,NA
2001-08-31,31.8279484560195,NA,NA,NA,NA,NA
2001-09-07,32.5582502146336,NA,NA,NA,NA,NA
2001-09-14,35.6376962238117,NA,NA,NA,NA,NA
2001-09-21,40.0011124735007,NA,NA,NA,NA,NA
2001-09-28,44.6658798840435,NA,NA,NA,NA,NA
2001-10-05,49.8369757749469,NA,NA,NA,NA,NA
2001-10-12,45.4808087603534,NA,NA,NA,NA,NA
2001-10-19,45.9663115316045,NA,NA,NA,NA,NA
2001-10-26,46.3033015631836,NA,NA,NA,NA,NA
2001-11-02,48.3988211543185,NA,NA,NA,NA,NA
2001-11-09,47.8504348834803,NA,NA,NA,NA,NA
2001-11-16,49.1722402869408,NA,NA,NA,NA,NA
2001-11-23,50.3908247180889,NA,NA,NA,NA,NA
2001-11-30,47.8216232041098,NA,NA,NA,NA,NA
2001-12-07,48.3670113542314,NA,NA,NA,NA,NA
2001-12-14,49.4606634416144,NA,NA,NA,NA,NA
2001-12-21,51.2754463462066,NA,NA,NA,NA,NA
2001-12-28,49.4229762510082,NA,NA,NA,NA,NA
2002-01-04,49.0404748650397,NA,NA,NA,NA,NA
2002-01-11,47.3473623670595,NA,NA,NA,NA,NA
2002-01-18,46.708077815726,NA,NA,NA,NA,NA
2002-01-25,43.9749035542413,NA,NA,NA,NA,NA
2002-02-01,43.6927268070342,NA,NA,NA,NA,NA
2002-02-08,36.7771303808817,NA,NA,NA,NA,NA
2002-02-15,39.0837979740989,NA,NA,NA,NA,NA
2002-02-22,38.8929976642536,NA,NA,NA,NA,NA
2002-03-01,39.7411936283243,NA,NA,NA,NA,NA
2002-03-08,42.134619332977,NA,NA,NA,NA,NA
2002-03-15,42.7234257256445,NA,NA,NA,NA,NA
2002-03-22,40.8359734166973,NA,NA,NA,NA,NA
2002-03-29,39.7683975081922,NA,NA,NA,NA,NA
2002-04-05,38.9455642805316,NA,NA,NA,NA,NA
2002-04-12,37.88072310926,NA,NA,NA,NA,NA
2002-04-19,33.4103918253338,NA,NA,NA,NA,NA
2002-04-26,35.4554021985321,NA,NA,NA,NA,NA
2002-05-03,36.1337899500087,NA,NA,NA,NA,NA
2002-05-10,35.3085250422799,NA,NA,NA,NA,NA
2002-05-17,34.4467725968287,NA,NA,NA,NA,NA
2002-05-24,34.7240936701977,NA,NA,NA,NA,NA
2002-05-31,35.6922210356648,NA,NA,NA,NA,NA
2002-06-07,32.7256710997267,NA,NA,NA,NA,NA
2002-06-14,34.7121875929517,NA,NA,NA,NA,NA
2002-06-21,37.0346219218569,NA,NA,NA,NA,NA
2002-06-28,36.0875259584623,NA,NA,NA,NA,NA
2002-07-05,35.8816864101709,NA,NA,NA,NA,NA
2002-07-12,33.2853644921755,NA,NA,NA,NA,NA
2002-07-19,36.6878003386186,NA,NA,NA,NA,NA
2002-07-26,39.5631432848205,NA,NA,NA,NA,NA
2002-08-02,42.2363742448938,NA,NA,NA,NA,NA
2002-08-09,39.9342481020994,NA,NA,NA,NA,NA
2002-08-16,42.9689085656053,NA,NA,NA,NA,NA
2002-08-23,40.6000999367805,NA,NA,NA,NA,NA
2002-08-30,42.608930981696,NA,NA,NA,NA,NA
2002-09-06,43.3336104920422,NA,NA,NA,NA,NA
2002-09-13,45.6486579482374,NA,NA,NA,NA,NA
2002-09-20,45.9138505545165,NA,NA,NA,NA,NA
2002-09-27,49.5104336864503,NA,NA,NA,NA,NA
2002-10-04,50.8496787187116,NA,NA,NA,NA,NA
2002-10-11,54.8698380969571,NA,NA,NA,NA,NA
2002-10-18,57.3088332917835,NA,NA,NA,NA,NA
2002-10-25,60.836854140016,NA,NA,NA,NA,NA
2002-11-01,60.0220597990236,NA,NA,NA,NA,NA
2002-11-08,58.2979526612387,NA,NA,NA,NA,NA
2002-11-15,48.9930835924809,NA,NA,NA,NA,NA
2002-11-22,49.7842048170873,NA,NA,NA,NA,NA
2002-11-29,51.9435943669909,NA,NA,NA,NA,NA
2002-12-06,50.4565941329423,NA,NA,NA,NA,NA
2002-12-13,52.0786905020885,NA,NA,NA,NA,NA
2002-12-20,52.753504215435,NA,NA,NA,NA,NA
2002-12-27,51.1960652614115,NA,NA,NA,NA,NA
2003-01-03,50.8211165901749,NA,NA,NA,NA,NA
2003-01-10,52.6238389529951,NA,NA,NA,NA,NA
2003-01-17,43.1590928180634,NA,NA,NA,NA,NA
2003-01-24,44.2159977154745,NA,NA,NA,NA,NA
2003-01-31,46.6801122998153,NA,NA,NA,NA,NA
2003-02-07,44.6475332781017,NA,NA,NA,NA,NA
2003-02-14,44.8720486820528,NA,NA,NA,NA,NA
2003-02-21,46.0364107833817,NA,NA,NA,NA,NA
2003-02-28,37.2286209412186,NA,NA,NA,NA,NA
2003-03-07,37.1742886591361,NA,NA,NA,NA,NA
2003-03-14,39.9537967244782,NA,NA,NA,NA,NA
2003-03-21,42.2321564024571,NA,NA,NA,NA,NA
2003-03-28,45.0864928131647,NA,NA,NA,NA,NA
2003-04-04,47.1127886845762,NA,NA,NA,NA,NA
2003-04-11,48.7790091960952,NA,NA,NA,NA,NA
2003-04-18,47.3407809009414,NA,NA,NA,NA,NA
2003-04-25,47.726610971028,NA,NA,NA,NA,NA
2003-05-02,41.9681018348423,NA,NA,NA,NA,NA
2003-05-09,41.691676244287,NA,NA,NA,NA,NA
2003-05-16,37.5116471054333,NA,NA,NA,NA,NA
2003-05-23,37.9910598937811,NA,NA,NA,NA,NA
2003-05-30,39.4952851202188,NA,NA,NA,NA,NA
2003-06-06,40.6770746548281,NA,NA,NA,NA,NA
2003-06-13,42.1810681360125,NA,NA,NA,NA,NA
2003-06-20,41.6890024669568,NA,NA,NA,NA,NA
2003-06-27,41.826332834629,NA,NA,NA,NA,NA
2003-07-04,41.1361229801314,NA,NA,NA,NA,NA
2003-07-11,39.6449209101599,NA,NA,NA,NA,NA
2003-07-18,39.4502971575836,NA,NA,NA,NA,NA
2003-07-25,36.3573699729139,NA,NA,NA,NA,NA
2003-08-01,34.2829433180865,NA,NA,NA,NA,NA
2003-08-08,34.5175060153693,NA,NA,NA,NA,NA
2003-08-15,34.3981487717189,NA,NA,NA,NA,NA
2003-08-22,35.3127277401997,NA,NA,NA,NA,NA
2003-08-29,33.3540266094258,NA,NA,NA,NA,NA
2003-09-05,33.2224540844559,NA,NA,NA,NA,NA
2003-09-12,33.7307883174801,NA,NA,NA,NA,NA
2003-09-19,33.5071248403501,NA,NA,NA,NA,NA
2003-09-26,34.2267208796214,NA,NA,NA,NA,NA
2003-10-03,35.9318684969402,NA,NA,NA,NA,NA
2003-10-10,36.5398433868403,NA,NA,NA,NA,NA
2003-10-17,35.2085593002744,NA,NA,NA,NA,NA
2003-10-24,35.0105223910058,NA,NA,NA,NA,NA
2003-10-31,35.3836176642908,NA,NA,NA,NA,NA
2003-11-07,37.0807721092491,NA,NA,NA,NA,NA
2003-11-14,37.1854081935428,NA,NA,NA,NA,NA
2003-11-21,33.9917514905936,NA,NA,NA,NA,NA
2003-11-28,34.3733798664295,NA,NA,NA,NA,NA
2003-12-05,35.348997195047,NA,NA,NA,NA,NA
2003-12-12,35.8666633082605,NA,NA,NA,NA,NA
2003-12-19,32.8576971419943,NA,NA,NA,NA,NA
2003-12-26,31.8204830231092,NA,NA,NA,NA,NA
2004-01-02,23.3378187709824,NA,NA,NA,NA,NA
2004-01-09,24.7911801693888,NA,NA,NA,NA,NA
2004-01-16,23.9071362460052,NA,NA,NA,NA,NA
2004-01-23,24.2370281143641,NA,NA,NA,NA,NA
2004-01-30,24.3488951231603,NA,NA,NA,NA,NA
2004-02-06,25.1471589269756,NA,NA,NA,NA,NA
2004-02-13,20.4671137203704,NA,NA,NA,NA,NA
2004-02-20,20.5249427195048,NA,NA,NA,NA,NA
2004-02-27,20.4775260563394,NA,NA,NA,NA,NA
2004-03-05,20.1949297982749,NA,NA,NA,NA,NA
2004-03-12,20.7236259384364,NA,NA,NA,NA,NA
2004-03-19,22.2510974387531,NA,NA,NA,NA,NA
2004-03-26,23.2447126505864,NA,NA,NA,NA,NA
2004-04-02,20.071231661158,NA,NA,NA,NA,NA
2004-04-09,21.8771622111338,NA,NA,NA,NA,NA
2004-04-16,22.3999645282197,NA,NA,NA,NA,NA
2004-04-23,22.5470973752246,NA,NA,NA,NA,NA
2004-04-30,22.303216048834,NA,NA,NA,NA,NA
2004-05-07,23.6081708169815,NA,NA,NA,NA,NA
2004-05-14,24.4967101068724,NA,NA,NA,NA,NA
2004-05-21,24.7338678306839,NA,NA,NA,NA,NA
2004-05-28,24.3915513857923,NA,NA,NA,NA,NA
2004-06-04,23.8022797828301,NA,NA,NA,NA,NA
2004-06-11,24.5031469855583,NA,NA,NA,NA,NA
2004-06-18,23.5568690293955,NA,NA,NA,NA,NA
2004-06-25,23.4940690567514,NA,NA,NA,NA,NA
2004-07-02,23.3426701371753,NA,NA,NA,NA,NA
2004-07-09,23.2472030892649,NA,NA,NA,NA,NA
2004-07-16,23.0496244415362,NA,NA,NA,NA,NA
2004-07-23,23.7889950798751,NA,NA,NA,NA,NA
2004-07-30,24.0066827628872,NA,NA,NA,NA,NA
2004-08-06,24.7493845362583,NA,NA,NA,NA,NA
2004-08-13,25.6448341718916,NA,NA,NA,NA,NA
2004-08-20,25.4644149142753,NA,NA,NA,NA,NA
2004-08-27,25.9039120491293,NA,NA,NA,NA,NA
2004-09-03,27.1345599972835,NA,NA,NA,NA,NA
2004-09-10,27.7426909091142,NA,NA,NA,NA,NA
2004-09-17,25.6949936422248,NA,NA,NA,NA,NA
2004-09-24,26.4431606405889,NA,NA,NA,NA,NA
2004-10-01,26.1529342875356,NA,NA,NA,NA,NA
2004-10-08,26.6292433958677,NA,NA,NA,NA,NA
2004-10-15,26.8529629316627,NA,NA,NA,NA,NA
2004-10-22,25.3607880388453,NA,NA,NA,NA,NA
2004-10-29,24.7132269453544,NA,NA,NA,NA,NA
2004-11-05,24.5937314550221,NA,NA,NA,NA,NA
2004-11-12,25.5194702135826,NA,NA,NA,NA,NA
2004-11-19,24.5707178060396,NA,NA,NA,NA,NA
2004-11-26,19.3237795667761,NA,NA,NA,NA,NA
2004-12-03,19.1344700248004,NA,NA,NA,NA,NA
2004-12-10,18.8732223370113,NA,NA,NA,NA,NA
2004-12-17,17.1923273222618,NA,NA,NA,NA,NA
2004-12-24,17.3518786506031,NA,NA,NA,NA,NA
2004-12-31,18.1903245499931,NA,NA,NA,NA,NA
2005-01-07,17.6027575755957,NA,NA,NA,NA,NA
2005-01-14,18.8156109268275,NA,NA,NA,NA,NA
2005-01-21,18.6918105563918,NA,NA,NA,NA,NA
2005-01-28,17.9978526878473,NA,NA,NA,NA,NA
2005-02-04,17.2493293769485,NA,NA,NA,NA,NA
2005-02-11,18.3667180896202,NA,NA,NA,NA,NA
2005-02-18,19.3339363357217,NA,NA,NA,NA,NA
2005-02-25,18.1311731728723,NA,NA,NA,NA,NA
2005-03-04,17.1429332798196,NA,NA,NA,NA,NA
2005-03-11,17.9782705392568,NA,NA,NA,NA,NA
2005-03-18,18.1511387042067,NA,NA,NA,NA,NA
2005-03-25,18.5276417937326,NA,NA,NA,NA,NA
2005-04-01,18.2130456216342,NA,NA,NA,NA,NA
2005-04-08,15.2707059466231,NA,NA,NA,NA,NA
2005-04-15,16.1780716411265,NA,NA,NA,NA,NA
2005-04-22,17.3638215038626,NA,NA,NA,NA,NA
2005-04-29,18.054011885499,NA,NA,NA,NA,NA
2005-05-06,19.0496036225906,NA,NA,NA,NA,NA
2005-05-13,20.3375026412931,NA,NA,NA,NA,NA
2005-05-20,18.6910712245639,NA,NA,NA,NA,NA
2005-05-27,19.3572526138747,NA,NA,NA,NA,NA
2005-06-03,19.0121704104784,NA,NA,NA,NA,NA
2005-06-10,19.1126190973401,NA,NA,NA,NA,NA
2005-06-17,19.5849891962648,NA,NA,NA,NA,NA
2005-06-24,20.2923740312947,NA,NA,NA,NA,NA
2005-07-01,20.4943701674576,NA,NA,NA,NA,NA
2005-07-08,21.0070703512449,NA,NA,NA,NA,NA
2005-07-15,19.8664941807646,NA,NA,NA,NA,NA
2005-07-22,21.0189560487582,NA,NA,NA,NA,NA
2005-07-29,21.7929876372764,NA,NA,NA,NA,NA
2005-08-05,19.7918466507676,NA,NA,NA,NA,NA
2005-08-12,19.394601612379,NA,NA,NA,NA,NA
2005-08-19,19.8288071884015,NA,NA,NA,NA,NA
2005-08-26,18.7119522304056,NA,NA,NA,NA,NA
2005-09-02,19.9187306707329,NA,NA,NA,NA,NA
2005-09-09,20.6617430449407,NA,NA,NA,NA,NA
2005-09-16,21.9793775666583,NA,NA,NA,NA,NA
2005-09-23,20.8734918537749,NA,NA,NA,NA,NA
2005-09-30,20.1708888100038,NA,NA,NA,NA,NA
2005-10-07,21.5767408232701,NA,NA,NA,NA,NA
2005-10-14,21.0585754417584,NA,NA,NA,NA,NA
2005-10-21,19.2236718153355,NA,NA,NA,NA,NA
2005-10-28,20.3479321650009,NA,NA,NA,NA,NA
2005-11-04,18.7631385335139,NA,NA,NA,NA,NA
2005-11-11,20.4200692189435,NA,NA,NA,NA,NA
2005-11-18,21.5011005015591,NA,NA,NA,NA,NA
2005-11-25,20.970244957088,NA,NA,NA,NA,NA
2005-12-02,21.086133467749,NA,NA,NA,NA,NA
2005-12-09,20.8684870853353,NA,NA,NA,NA,NA
2005-12-16,20.3581155644585,NA,NA,NA,NA,NA
2005-12-23,20.8010836340051,NA,NA,NA,NA,NA
2005-12-30,21.460931374943,NA,NA,NA,NA,NA
2006-01-06,18.9041325801603,NA,NA,NA,NA,NA
2006-01-13,19.8796610175293,NA,NA,NA,NA,NA
2006-01-20,19.5236677889932,NA,NA,NA,NA,NA
2006-01-27,20.3066769812967,NA,NA,NA,NA,NA
2006-02-03,22.0808150610982,NA,NA,NA,NA,NA
2006-02-10,21.5938231598807,NA,NA,NA,NA,NA
2006-02-17,22.3292974243734,NA,NA,NA,NA,NA
2006-02-24,23.3678279524558,NA,NA,NA,NA,NA
2006-03-03,24.574006787211,NA,NA,NA,NA,NA
2006-03-10,25.5292484702185,NA,NA,NA,NA,NA
2006-03-17,24.6733209161616,NA,NA,NA,NA,NA
2006-03-24,25.3046570142933,NA,NA,NA,NA,NA
2006-03-31,23.5014832775517,NA,NA,NA,NA,NA
2006-04-07,22.3127033021208,NA,NA,NA,NA,NA
2006-04-14,19.4173110490303,NA,NA,NA,NA,NA
2006-04-21,20.2376295089577,NA,NA,NA,NA,NA
2006-04-28,21.1961884560606,NA,NA,NA,NA,NA
2006-05-05,19.9120396794665,NA,NA,NA,NA,NA
2006-05-12,19.8750859725901,NA,NA,NA,NA,NA
2006-05-19,20.2501684505716,NA,NA,NA,NA,NA
2006-05-26,21.9922798325947,NA,NA,NA,NA,NA
2006-06-02,20.6633211704114,NA,NA,NA,NA,NA
2006-06-09,21.3519510076187,NA,NA,NA,NA,NA
2006-06-16,23.1472994268265,NA,NA,NA,NA,NA
2006-06-23,23.5116008219405,NA,NA,NA,NA,NA
2006-06-30,24.6321972630371,NA,NA,NA,NA,NA
2006-07-07,25.9069902574964,NA,NA,NA,NA,NA
2006-07-14,25.1996483594068,NA,NA,NA,NA,NA
2006-07-21,26.8327252479454,NA,NA,NA,NA,NA
2006-07-28,26.9018601090466,NA,NA,NA,NA,NA
2006-08-04,28.6982980320901,NA,NA,NA,NA,NA
2006-08-11,28.0561844860513,NA,NA,NA,NA,NA
2006-08-18,26.9249546455749,NA,NA,NA,NA,NA
2006-08-25,28.2415028330985,NA,NA,NA,NA,NA
2006-09-01,23.5227474091802,NA,NA,NA,NA,NA
2006-09-08,23.8601935172412,NA,NA,NA,NA,NA
2006-09-15,24.2717747596527,NA,NA,NA,NA,NA
2006-09-22,25.194452630976,NA,NA,NA,NA,NA
2006-09-29,23.6793054855487,NA,NA,NA,NA,NA
2006-10-06,23.8974038667494,NA,NA,NA,NA,NA
2006-10-13,24.7587427646036,NA,NA,NA,NA,NA
2006-10-20,25.3894810011871,NA,NA,NA,NA,NA
2006-10-27,25.1504610430648,NA,NA,NA,NA,NA
2006-11-03,23.3157965898547,NA,NA,NA,NA,NA
2006-11-10,22.2149731492044,NA,NA,NA,NA,NA
2006-11-17,22.5677143829143,NA,NA,NA,NA,NA
2006-11-24,21.0282569464713,NA,NA,NA,NA,NA
2006-12-01,20.2515327435431,NA,NA,NA,NA,NA
2006-12-08,21.4967265417883,NA,NA,NA,NA,NA
2006-12-15,21.9884445529231,NA,NA,NA,NA,NA
2006-12-22,23.0833805406998,NA,NA,NA,NA,NA
2006-12-29,22.4788298439279,NA,NA,NA,NA,NA
2007-01-05,22.5336787293599,NA,NA,NA,NA,NA
2007-01-12,23.0391525736899,NA,NA,NA,NA,NA
2007-01-19,23.1687333872893,NA,NA,NA,NA,NA
2007-01-26,21.7585668942554,NA,NA,NA,NA,NA
2007-02-02,19.7004643901348,NA,NA,NA,NA,NA
2007-02-09,20.454031594101,NA,NA,NA,NA,NA
2007-02-16,19.8959818837301,NA,NA,NA,NA,NA
2007-02-23,19.5250671508725,NA,NA,NA,NA,NA
2007-03-02,16.6848933840948,NA,NA,NA,NA,NA
2007-03-09,18.7059704287134,NA,NA,NA,NA,NA
2007-03-16,19.8277364854465,NA,NA,NA,NA,NA
2007-03-23,21.485774263432,NA,NA,NA,NA,NA
2007-03-30,23.6289412802878,NA,NA,NA,NA,NA
2007-04-06,23.2094201058206,NA,NA,NA,NA,NA
2007-04-13,23.5699378832324,NA,NA,NA,NA,NA
2007-04-20,23.6089475602147,NA,NA,NA,NA,NA
2007-04-27,25.1142014714906,NA,NA,NA,NA,NA
2007-05-04,24.5250641049088,NA,NA,NA,NA,NA
2007-05-11,24.07474478096,NA,NA,NA,NA,NA
2007-05-18,22.7426633116144,NA,NA,NA,NA,NA
2007-05-25,22.1756540977599,NA,NA,NA,NA,NA
2007-06-01,23.018936165707,NA,NA,NA,NA,NA
2007-06-08,22.4161447790183,NA,NA,NA,NA,NA
2007-06-15,23.9013354967333,NA,NA,NA,NA,NA
2007-06-22,25.0465276396701,NA,NA,NA,NA,NA
2007-06-29,25.6540416920638,NA,NA,NA,NA,NA
2007-07-06,24.9241296907026,NA,NA,NA,NA,NA
2007-07-13,24.5202634227157,NA,NA,NA,NA,NA
2007-07-20,23.0539649325222,NA,NA,NA,NA,NA
2007-07-27,23.3985589304872,NA,NA,NA,NA,NA
2007-08-03,25.1465610631689,NA,NA,NA,NA,NA
2007-08-10,22.7500538857148,NA,NA,NA,NA,NA
2007-08-17,23.7790778031005,NA,NA,NA,NA,NA
2007-08-24,22.442464750193,NA,NA,NA,NA,NA
2007-08-31,22.5279751617978,NA,NA,NA,NA,NA
2007-09-07,20.4582892291386,NA,NA,NA,NA,NA
2007-09-14,22.4788272164709,NA,NA,NA,NA,NA
2007-09-21,19.8372570277504,NA,NA,NA,NA,NA
2007-09-28,21.6403610236361,NA,NA,NA,NA,NA
2007-10-05,21.3570425433714,NA,NA,NA,NA,NA
2007-10-12,23.6725254939194,NA,NA,NA,NA,NA
2007-10-19,23.9362676390507,NA,NA,NA,NA,NA
2007-10-26,25.4829693628298,NA,NA,NA,NA,NA
2007-11-02,25.627281084164,NA,NA,NA,NA,NA
2007-11-09,25.7970432457331,NA,NA,NA,NA,NA
2007-11-16,28.3416221841804,NA,NA,NA,NA,NA
2007-11-23,29.2679160582875,NA,NA,NA,NA,NA
2007-11-30,29.9536452319393,NA,NA,NA,NA,NA
2007-12-07,32.600255017595,NA,NA,NA,NA,NA
2007-12-14,32.6640514769298,NA,NA,NA,NA,NA
2007-12-21,33.7438875576764,NA,NA,NA,NA,NA
2007-12-28,33.6834405687034,NA,NA,NA,NA,NA
2008-01-04,32.7515711641353,NA,NA,NA,NA,NA
2008-01-11,34.4391832004865,NA,NA,NA,NA,NA
2008-01-18,34.7027223629253,NA,NA,NA,NA,NA
2008-01-25,38.3001661666839,NA,NA,NA,NA,NA
2008-02-01,40.4056201878879,NA,NA,NA,NA,NA
2008-02-08,41.6706843314064,NA,NA,NA,NA,NA
2008-02-15,45.1762241326933,NA,NA,NA,NA,NA
2008-02-22,38.4946731494862,NA,NA,NA,NA,NA
2008-02-29,34.2839827762776,NA,NA,NA,NA,NA
2008-03-07,34.9808118183723,NA,NA,NA,NA,NA
2008-03-14,38.0099685809654,NA,NA,NA,NA,NA
2008-03-21,36.1243529105053,NA,NA,NA,NA,NA
2008-03-28,35.5718497119409,NA,NA,NA,NA,NA
2008-04-04,38.8303446210044,NA,NA,NA,NA,NA
2008-04-11,42.0344115596091,NA,NA,NA,NA,NA
2008-04-18,43.7864429382383,NA,NA,NA,NA,NA
2008-04-25,46.6460886442275,NA,NA,NA,NA,NA
2008-05-02,43.4983064539677,NA,NA,NA,NA,NA
2008-05-09,45.3561761396032,NA,NA,NA,NA,NA
2008-05-16,46.9445164972363,NA,NA,NA,NA,NA
2008-05-23,43.3660529453266,NA,NA,NA,NA,NA
2008-05-30,46.3329875332711,NA,NA,NA,NA,NA
2008-06-06,42.6273239221959,NA,NA,NA,NA,NA
2008-06-13,46.1271320798905,NA,NA,NA,NA,NA
2008-06-20,45.8248260154348,NA,NA,NA,NA,NA
2008-06-27,48.4469696302046,NA,NA,NA,NA,NA
2008-07-04,50.302077813379,NA,NA,NA,NA,NA
2008-07-11,51.9705028554317,NA,NA,NA,NA,NA
2008-07-18,53.7203294019389,NA,NA,NA,NA,NA
2008-07-25,57.3544604582558,NA,NA,NA,NA,NA
2008-08-01,56.8713370027541,NA,NA,NA,NA,NA
2008-08-08,56.8045458420764,NA,NA,NA,NA,NA
2008-08-15,58.2788949109118,NA,NA,NA,NA,NA
2008-08-22,57.736535424841,NA,NA,NA,NA,NA
2008-08-29,58.9276740274285,NA,NA,NA,NA,NA
2008-09-05,58.9541135292768,NA,NA,NA,NA,NA
2008-09-12,59.8060399924071,NA,NA,NA,NA,NA
2008-09-19,60.0636904087035,NA,NA,NA,NA,NA
2008-09-26,56.2890234998183,NA,NA,NA,NA,NA
2008-10-03,58.9213144168035,NA,NA,NA,NA,NA
2008-10-10,58.4627110189673,NA,NA,NA,NA,NA
2008-10-17,69.9342377445789,NA,NA,NA,NA,NA
2008-10-24,75.217887516676,NA,NA,NA,NA,NA
2008-10-31,84.559773373877,NA,NA,NA,NA,NA
2008-11-07,92.0628273255529,NA,NA,NA,NA,NA
2008-11-14,93.2361100656167,NA,NA,NA,NA,NA
2008-11-21,103.528296987823,NA,NA,NA,NA,NA
2008-11-28,116.238155316677,NA,NA,NA,NA,NA
2008-12-05,126.99393104449,NA,NA,NA,NA,NA
2008-12-12,133.026630025329,NA,NA,NA,NA,NA
2008-12-19,135.656317010919,NA,NA,NA,NA,NA
2008-12-26,131.919282541456,NA,NA,NA,NA,NA
2009-01-02,128.049759766362,NA,NA,NA,NA,NA
2009-01-09,130.874916209221,NA,NA,NA,NA,NA
2009-01-16,117.597053467132,NA,NA,NA,NA,NA
2009-01-23,124.115196268889,NA,NA,NA,NA,NA
2009-01-30,131.556781058528,NA,NA,NA,NA,NA
2009-02-06,138.256384337279,NA,NA,NA,NA,NA
2009-02-13,131.215387326448,NA,NA,NA,NA,NA
2009-02-20,131.118769363703,NA,NA,NA,NA,NA
2009-02-27,138.605469798495,NA,NA,NA,NA,NA
2009-03-06,134.378064142404,NA,NA,NA,NA,NA
2009-03-13,142.573575986286,NA,NA,NA,NA,NA
2009-03-20,150.325620080501,NA,NA,NA,NA,NA
2009-03-27,152.435059420817,NA,NA,NA,NA,NA
2009-04-03,150.611977723731,NA,NA,NA,NA,NA
2009-04-10,149.667928556392,NA,NA,NA,NA,NA
2009-04-17,145.356062923655,NA,NA,NA,NA,NA
2009-04-24,144.041623385914,NA,NA,NA,NA,NA
2009-05-01,132.655873385355,NA,NA,NA,NA,NA
2009-05-08,127.110649556045,NA,NA,NA,NA,NA
2009-05-15,126.29199923026,NA,NA,NA,NA,NA
2009-05-22,125.388509777671,NA,NA,NA,NA,NA
2009-05-29,123.291336700158,NA,NA,NA,NA,NA
2009-06-05,110.958555763534,NA,NA,NA,NA,NA
2009-06-12,104.38446003091,NA,NA,NA,NA,NA
2009-06-19,98.3341226985951,NA,NA,NA,NA,NA
2009-06-26,96.7235690738841,NA,NA,NA,NA,NA
2009-07-03,90.3538731528113,NA,NA,NA,NA,NA
2009-07-10,82.9461709575453,NA,NA,NA,NA,NA
2009-07-17,81.8995151185711,NA,NA,NA,NA,NA
2009-07-24,84.7472861660872,NA,NA,NA,NA,NA
2009-07-31,83.8315251174715,NA,NA,NA,NA,NA
2009-08-07,81.3936740745594,NA,NA,NA,NA,NA
2009-08-14,81.5180769477387,NA,NA,NA,NA,NA
2009-08-21,73.2461231812439,NA,NA,NA,NA,NA
2009-08-28,71.266938949011,NA,NA,NA,NA,NA
2009-09-04,70.8509667672498,NA,NA,NA,NA,NA
2009-09-11,69.1576876387147,NA,NA,NA,NA,NA
2009-09-18,62.756921483887,NA,NA,NA,NA,NA
2009-09-25,62.2553032261404,NA,NA,NA,NA,NA
2009-10-02,58.0023958592119,NA,NA,NA,NA,NA
2009-10-09,58.0404462270638,NA,NA,NA,NA,NA
2009-10-16,59.1220603693209,NA,NA,NA,NA,NA
2009-10-23,56.1457143892976,NA,NA,NA,NA,NA
2009-10-30,51.0811185028242,NA,NA,NA,NA,NA
2009-11-06,53.2297680378961,NA,NA,NA,NA,NA
2009-11-13,52.3681724641478,NA,NA,NA,NA,NA
2009-11-20,52.8815537799925,NA,NA,NA,NA,NA
2009-11-27,53.2919097561224,NA,NA,NA,NA,NA
2009-12-04,50.8650634884357,NA,NA,NA,NA,NA
2009-12-11,50.7745615199595,NA,NA,NA,NA,NA
2009-12-18,52.2920601063399,NA,NA,NA,NA,NA
2009-12-25,47.9952849572948,NA,NA,NA,NA,NA
2010-01-01,48.2345601204334,NA,NA,NA,NA,NA
2010-01-08,39.5042174783368,NA,NA,NA,NA,NA
2010-01-15,41.5797208412531,NA,NA,NA,NA,NA
2010-01-22,43.0683631267217,NA,NA,NA,NA,NA
2010-01-29,45.4052534554671,NA,NA,NA,NA,NA
2010-02-05,46.2963436690512,NA,NA,NA,NA,NA
2010-02-12,49.3472984364058,NA,NA,NA,NA,NA
2010-02-19,48.0941050079694,NA,NA,NA,NA,NA
2010-02-26,49.6131149635011,NA,NA,NA,NA,NA
2010-03-05,49.6929573986157,NA,NA,NA,NA,NA
2010-03-12,52.3345808877756,NA,NA,NA,NA,NA
2010-03-19,49.3491746729845,NA,NA,NA,NA,NA
2010-03-26,38.2776862538041,NA,NA,NA,NA,NA
2010-04-02,38.7973966368131,NA,NA,NA,NA,NA
2010-04-09,35.4401688846925,NA,NA,NA,NA,NA
2010-04-16,33.6458447387812,NA,NA,NA,NA,NA
2010-04-23,32.3921193536697,NA,NA,NA,NA,NA
2010-04-30,34.0638081503771,NA,NA,NA,NA,NA
2010-05-07,35.9260615815744,NA,NA,NA,NA,NA
2010-05-14,40.8544459567576,NA,NA,NA,NA,NA
2010-05-21,43.879181744303,NA,NA,NA,NA,NA
2010-05-28,41.4568220484994,NA,NA,NA,NA,NA
2010-06-04,40.5602903622012,NA,NA,NA,NA,NA
2010-06-11,43.9676451777764,NA,NA,NA,NA,NA
2010-06-18,47.356611359503,NA,NA,NA,NA,NA
2010-06-25,50.4708384621401,NA,NA,NA,NA,NA
2010-07-02,52.4706056297206,NA,NA,NA,NA,NA
2010-07-09,53.439472956996,NA,NA,NA,NA,NA
2010-07-16,57.2938590142328,NA,NA,NA,NA,NA
2010-07-23,56.6219789908089,NA,NA,NA,NA,NA
2010-07-30,56.9501795706215,NA,NA,NA,NA,NA
2010-08-06,57.9892262966277,NA,NA,NA,NA,NA
2010-08-13,55.5693396902804,NA,NA,NA,NA,NA
2010-08-20,56.9394247675703,NA,NA,NA,NA,NA
2010-08-27,56.8319803377571,NA,NA,NA,NA,NA
2010-09-03,53.718757954432,NA,NA,NA,NA,NA
2010-09-10,55.4082877426939,NA,NA,NA,NA,NA
2010-09-17,44.0753558300866,NA,NA,NA,NA,NA
2010-09-24,43.2378410699511,NA,NA,NA,NA,NA
2010-10-01,40.4512585413093,NA,NA,NA,NA,NA
2010-10-08,42.2535567701671,NA,NA,NA,NA,NA
2010-10-15,43.0740974921819,NA,NA,NA,NA,NA
2010-10-22,38.8194612654297,NA,NA,NA,NA,NA
2010-10-29,39.4006988417097,NA,NA,NA,NA,NA
2010-11-05,40.1176629070033,NA,NA,NA,NA,NA
2010-11-12,40.9094259750563,NA,NA,NA,NA,NA
2010-11-19,40.5861928939723,NA,NA,NA,NA,NA
2010-11-26,38.110892902265,NA,NA,NA,NA,NA
2010-12-03,41.232489452252,NA,NA,NA,NA,NA
2010-12-10,42.8357077899715,NA,NA,NA,NA,NA
2010-12-17,42.6787567605938,NA,NA,NA,NA,NA
2010-12-24,43.7786097188393,NA,NA,NA,NA,NA
2010-12-31,42.5815155970614,NA,NA,NA,NA,NA
2011-01-07,43.0851816936907,NA,NA,NA,NA,NA
2011-01-14,41.6356627202424,NA,NA,NA,NA,NA
2011-01-21,44.8426082492944,NA,NA,NA,NA,NA
2011-01-28,46.6805869221315,NA,NA,NA,NA,NA
2011-02-04,44.1945819164937,NA,NA,NA,NA,NA
2011-02-11,43.4472091717115,NA,NA,NA,NA,NA
2011-02-18,35.1728999876955,NA,NA,NA,NA,NA
2011-02-25,36.9735563313371,NA,NA,NA,NA,NA
2011-03-04,38.2708993670373,NA,NA,NA,NA,NA
2011-03-11,39.8206843056125,NA,NA,NA,NA,NA
2011-03-18,39.5155378652981,NA,NA,NA,NA,NA
2011-03-25,38.3245625967903,NA,NA,NA,NA,NA
2011-04-01,39.4302686269829,NA,NA,NA,NA,NA
2011-04-08,39.7224004566579,NA,NA,NA,NA,NA
2011-04-15,39.8764289586971,NA,NA,NA,NA,NA
2011-04-22,41.6431770306168,NA,NA,NA,NA,NA
2011-04-29,40.4466753461902,NA,NA,NA,NA,NA
2011-05-06,41.530325345167,NA,NA,NA,NA,NA
2011-05-13,41.4249673160932,NA,NA,NA,NA,NA
2011-05-20,41.4900287899574,NA,NA,NA,NA,NA
2011-05-27,41.4038304878841,NA,NA,NA,NA,NA
2011-06-03,32.8896003001319,NA,NA,NA,NA,NA
2011-06-10,31.2447020975964,NA,NA,NA,NA,NA
2011-06-17,33.3925119621083,NA,NA,NA,NA,NA
2011-06-24,34.0758131991107,NA,NA,NA,NA,NA
2011-07-01,36.3850068037478,NA,NA,NA,NA,NA
2011-07-08,39.7088852503624,NA,NA,NA,NA,NA
2011-07-15,42.9126391572345,NA,NA,NA,NA,NA
2011-07-22,45.3093589263044,NA,NA,NA,NA,NA
2011-07-29,48.2356816510949,NA,NA,NA,NA,NA
2011-08-05,50.2993213523956,NA,NA,NA,NA,NA
2011-08-12,54.8402881465451,NA,NA,NA,NA,NA
2011-08-19,56.1198387099596,NA,NA,NA,NA,NA
2011-08-26,59.5799045440386,NA,NA,NA,NA,NA
2011-09-02,54.9476284860054,NA,NA,NA,NA,NA
2011-09-09,50.0024346341692,NA,NA,NA,NA,NA
2011-09-16,54.6590214522199,NA,NA,NA,NA,NA
2011-09-23,56.0269878561407,NA,NA,NA,NA,NA
2011-09-30,59.1413812547371,NA,NA,NA,NA,NA
2011-10-07,63.9486548570294,NA,NA,NA,NA,NA
2011-10-14,63.4955751745824,NA,NA,NA,NA,NA
2011-10-21,51.5580489577457,NA,NA,NA,NA,NA
2011-10-28,51.8276967716086,NA,NA,NA,NA,NA
2011-11-04,55.7401473564255,NA,NA,NA,NA,NA
2011-11-11,60.8946176093473,NA,NA,NA,NA,NA
2011-11-18,60.2985527883665,NA,NA,NA,NA,NA
2011-11-25,63.1902455487368,NA,NA,NA,NA,NA
2011-12-02,66.524328085317,NA,NA,NA,NA,NA
2011-12-09,71.9267166176036,NA,NA,NA,NA,NA
2011-12-16,67.7960509362337,NA,NA,NA,NA,NA
2011-12-23,70.8310331162272,NA,NA,NA,NA,NA
2011-12-30,72.1662658042206,NA,NA,NA,NA,NA
2012-01-06,65.4541918971884,NA,NA,NA,NA,NA
2012-01-13,68.5294922612986,NA,NA,NA,NA,NA
2012-01-20,70.0579509222999,NA,NA,NA,NA,NA
2012-01-27,72.6106789745345,NA,NA,NA,NA,NA
2012-02-03,71.268254934374,NA,NA,NA,NA,NA
2012-02-10,71.5594351193449,NA,NA,NA,NA,NA
2012-02-17,62.7376608650591,NA,NA,NA,NA,NA
2012-02-24,54.1082514284028,NA,NA,NA,NA,NA
2012-03-02,51.8784541335139,NA,NA,NA,NA,NA
2012-03-09,51.1230554658381,NA,NA,NA,NA,NA
2012-03-16,51.42206855752,NA,NA,NA,NA,NA
2012-03-23,52.4774074785624,NA,NA,NA,NA,NA
2012-03-30,52.926274217883,NA,NA,NA,NA,NA
2012-04-06,54.1165503554998,NA,NA,NA,NA,NA
2012-04-13,56.2646185849537,NA,NA,NA,NA,NA
2012-04-20,58.1154768569512,NA,NA,NA,NA,NA
2012-04-27,55.6347675813575,NA,NA,NA,NA,NA
2012-05-04,54.0571856049991,NA,NA,NA,NA,NA
2012-05-11,55.5220693309392,NA,NA,NA,NA,NA
2012-05-18,52.0324185014735,NA,NA,NA,NA,NA
2012-05-25,55.0597919339739,NA,NA,NA,NA,NA
2012-06-01,52.508053677462,NA,NA,NA,NA,NA
2012-06-08,54.1382307445616,NA,NA,NA,NA,NA
2012-06-15,57.3217833309967,NA,NA,NA,NA,NA
2012-06-22,53.3086577520178,NA,NA,NA,NA,NA
2012-06-29,51.6549808521226,NA,NA,NA,NA,NA
2012-07-06,51.9692735452941,NA,NA,NA,NA,NA
2012-07-13,53.7458231427817,NA,NA,NA,NA,NA
2012-07-20,52.3132217058736,NA,NA,NA,NA,NA
2012-07-27,54.4191248152482,NA,NA,NA,NA,NA
2012-08-03,56.7470070955869,NA,NA,NA,NA,NA
2012-08-10,56.9352446511269,NA,NA,NA,NA,NA
2012-08-17,57.258475850204,NA,NA,NA,NA,NA
2012-08-24,58.8225522958505,NA,NA,NA,NA,NA
2012-08-31,55.9822657681036,NA,NA,NA,NA,NA
2012-09-07,55.3319760088101,NA,NA,NA,NA,NA
2012-09-14,57.7650432886835,NA,NA,NA,NA,NA
2012-09-21,57.7603202680669,NA,NA,NA,NA,NA
2012-09-28,56.1470650595883,NA,NA,NA,NA,NA
2012-10-05,57.6056788436278,NA,NA,NA,NA,NA
2012-10-12,58.2214127056768,NA,NA,NA,NA,NA
2012-10-19,56.829672518808,NA,NA,NA,NA,NA
2012-10-26,56.872552587023,NA,NA,NA,NA,NA
2012-11-02,55.4865829486606,NA,NA,NA,NA,NA
2012-11-09,53.2539729306833,NA,NA,NA,NA,NA
2012-11-16,53.5064357344122,NA,NA,NA,NA,NA
2012-11-23,50.749411183931,NA,NA,NA,NA,NA
2012-11-30,52.1976154274552,NA,NA,NA,NA,NA
2012-12-07,49.9649245981322,NA,NA,NA,NA,NA
2012-12-14,46.7835604022475,NA,NA,NA,NA,NA
2012-12-21,33.3799812042377,NA,NA,NA,NA,NA
2012-12-28,33.5874809705175,NA,NA,NA,NA,NA
2013-01-04,33.1292845893253,NA,NA,NA,NA,NA
2013-01-11,34.9177586271848,NA,NA,NA,NA,NA
2013-01-18,36.9250919666987,NA,NA,NA,NA,NA
2013-01-25,29.486524981273,NA,NA,NA,NA,NA
2013-02-01,28.9189729475961,NA,NA,NA,NA,NA
2013-02-08,29.6958992493751,NA,NA,NA,NA,NA
2013-02-15,30.7361846664844,NA,NA,NA,NA,NA
2013-02-22,29.2789713787438,NA,NA,NA,NA,NA
2013-03-01,29.2307790858046,NA,NA,NA,NA,NA
2013-03-08,30.6042952538104,NA,NA,NA,NA,NA
2013-03-15,32.1243024968289,NA,NA,NA,NA,NA
2013-03-22,31.773029264993,NA,NA,NA,NA,NA
2013-03-29,33.7529618100877,NA,NA,NA,NA,NA
2013-04-05,35.7231401749709,NA,NA,NA,NA,NA
2013-04-12,34.7188159784349,NA,NA,NA,NA,NA
2013-04-19,35.8405240028283,NA,NA,NA,NA,NA
2013-04-26,34.7763590634041,NA,NA,NA,NA,NA
2013-05-03,36.5544959380458,NA,NA,NA,NA,NA
2013-05-10,37.7770234734513,NA,NA,NA,NA,NA
2013-05-17,35.7594619482547,NA,NA,NA,NA,NA
2013-05-24,36.1123352537749,NA,NA,NA,NA,NA
2013-05-31,37.4443054763753,NA,NA,NA,NA,NA
2013-06-07,37.9522692800688,NA,NA,NA,NA,NA
2013-06-14,38.0888676498479,NA,NA,NA,NA,NA
2013-06-21,39.2663047742361,NA,NA,NA,NA,NA
2013-06-28,41.3522957986228,NA,NA,NA,NA,NA
2013-07-05,38.8762622739321,NA,NA,NA,NA,NA
2013-07-12,38.4321184338692,NA,NA,NA,NA,NA
2013-07-19,36.7585931646271,NA,NA,NA,NA,NA
2013-07-26,37.5758843118736,NA,NA,NA,NA,NA
2013-08-02,39.4703400417472,NA,NA,NA,NA,NA
2013-08-09,39.2598114317395,NA,NA,NA,NA,NA
2013-08-16,40.2759988177832,NA,NA,NA,NA,NA
2013-08-23,40.5496532663331,NA,NA,NA,NA,NA
2013-08-30,39.9440005260915,NA,NA,NA,NA,NA
2013-09-06,41.5894674245283,NA,NA,NA,NA,NA
2013-09-13,42.5241147215198,NA,NA,NA,NA,NA
2013-09-20,42.9448569682687,NA,NA,NA,NA,NA
2013-09-27,43.0367535545892,NA,NA,NA,NA,NA
2013-10-04,40.9149738541205,NA,NA,NA,NA,NA
2013-10-11,41.791349596594,NA,NA,NA,NA,NA
2013-10-18,42.4311586092111,NA,NA,NA,NA,NA
2013-10-25,42.7459432694729,NA,NA,NA,NA,NA
2013-11-01,42.7133717955377,NA,NA,NA,NA,NA
2013-11-08,39.5269991585576,NA,NA,NA,NA,NA
2013-11-15,38.0167961652004,NA,NA,NA,NA,NA
2013-11-22,35.9258084863219,NA,NA,NA,NA,NA
2013-11-29,33.9005606728183,NA,NA,NA,NA,NA
2013-12-06,34.379323355622,NA,NA,NA,NA,NA
2013-12-13,35.7392886853575,NA,NA,NA,NA,NA
2013-12-20,35.0037667544545,NA,NA,NA,NA,NA
2013-12-27,36.5305657847001,NA,NA,NA,NA,NA
2014-01-03,36.3934754689748,NA,NA,NA,NA,NA
2014-01-10,34.8511883561546,NA,NA,NA,NA,NA
2014-01-17,36.9597903572095,NA,NA,NA,NA,NA
2014-01-24,36.8287410569492,NA,NA,NA,NA,NA
2014-01-31,38.2655695821301,NA,NA,NA,NA,NA
2014-02-07,34.9980692821116,NA,NA,NA,NA,NA
2014-02-14,35.7009235908003,NA,NA,NA,NA,NA
2014-02-21,35.4303791021616,NA,NA,NA,NA,NA
2014-02-28,31.9915360908689,NA,NA,NA,NA,NA
2014-03-07,31.5437309783266,NA,NA,NA,NA,NA
2014-03-14,30.2515301687183,NA,NA,NA,NA,NA
2014-03-21,31.5945409590462,NA,NA,NA,NA,NA
2014-03-28,32.5636246614239,NA,NA,NA,NA,NA
2014-04-04,32.1068651330651,NA,NA,NA,NA,NA
2014-04-11,34.0460794102344,NA,NA,NA,NA,NA
2014-04-18,36.0628312341811,NA,NA,NA,NA,NA
2014-04-25,33.6432044817536,NA,NA,NA,NA,NA
2014-05-02,32.0263973568923,NA,NA,NA,NA,NA
2014-05-09,30.7995143046857,NA,NA,NA,NA,NA
2014-05-16,30.1427215783622,NA,NA,NA,NA,NA
2014-05-23,30.8158026815562,NA,NA,NA,NA,NA
2014-05-30,30.4342860140953,NA,NA,NA,NA,NA
2014-06-06,31.1420264541966,NA,NA,NA,NA,NA
2014-06-13,32.4194840456381,NA,NA,NA,NA,NA
2014-06-20,31.676618539608,NA,NA,NA,NA,NA
2014-06-27,31.4670239657815,NA,NA,NA,NA,NA
2014-07-04,32.8276711882107,NA,NA,NA,NA,NA
2014-07-11,31.4167028660149,NA,NA,NA,NA,NA
2014-07-18,33.1029794346054,NA,NA,NA,NA,NA
2014-07-25,31.6854811669685,NA,NA,NA,NA,NA
2014-08-01,32.6344321936588,NA,NA,NA,NA,NA
2014-08-08,33.5427533093678,NA,NA,NA,NA,NA
2014-08-15,34.8465301698393,NA,NA,NA,NA,NA
2014-08-22,33.275917786629,NA,NA,NA,NA,NA
2014-08-29,34.1492038783474,NA,NA,NA,NA,NA
2014-09-05,34.7743473712467,NA,NA,NA,NA,NA
2014-09-12,36.5527601022651,NA,NA,NA,NA,NA
2014-09-19,35.4829300747856,NA,NA,NA,NA,NA
2014-09-26,33.0709426789304,NA,NA,NA,NA,NA
2014-10-03,32.9955212518816,NA,NA,NA,NA,NA
2014-10-10,33.6125191758428,NA,NA,NA,NA,NA
2014-10-17,35.0257942726217,NA,NA,NA,NA,NA
2014-10-24,35.6205319563968,NA,NA,NA,NA,NA
2014-10-31,37.5081804478799,NA,NA,NA,NA,NA
2014-11-07,36.5814326142525,NA,NA,NA,NA,NA
2014-11-14,37.8777731498962,NA,NA,NA,NA,NA
2014-11-21,36.5222204079781,NA,NA,NA,NA,NA
2014-11-28,37.8032214627307,NA,NA,NA,NA,NA
2014-12-05,38.5748357726472,NA,NA,NA,NA,NA
2014-12-12,36.7351843180838,NA,NA,NA,NA,NA
2014-12-19,39.2575835851321,NA,NA,NA,NA,NA
2014-12-26,36.8141934408155,NA,NA,NA,NA,NA
2015-01-02,36.5279467506135,NA,NA,NA,NA,NA
2015-01-09,34.6419656041963,NA,NA,NA,NA,NA
2015-01-16,37.5482670408484,NA,NA,NA,NA,NA
2015-01-23,38.5167607462488,NA,NA,NA,NA,NA
2015-01-30,40.24522947682,NA,NA,NA,NA,NA
2015-02-06,41.4482333912751,NA,NA,NA,NA,NA
2015-02-13,42.087567950278,NA,NA,NA,NA,NA
2015-02-20,43.3451720188918,NA,NA,NA,NA,NA
2015-02-27,43.7653906286682,NA,NA,NA,NA,NA
2015-03-06,42.8783406134133,NA,NA,NA,NA,NA
2015-03-13,38.7882342903392,NA,NA,NA,NA,NA
2015-03-20,36.6091548172417,NA,NA,NA,NA,NA
2015-03-27,37.0294924937743,NA,NA,NA,NA,NA
2015-04-03,35.3898489782929,NA,NA,NA,NA,NA
2015-04-10,35.8964340855178,NA,NA,NA,NA,NA
2015-04-17,32.6440358439295,-0.858196684567794,0.348557645853341,0.0515488276760804,0.909495395204564,0.0145518331188938
2015-04-24,34.5007548184336,-0.866575203453822,0.348786974946591,0.0516349215447242,0.909381649357371,0.0145701861405415
2015-05-01,35.529135798446,-0.809356490653258,0.421397554236447,0.0507193221131023,0.899979740668914,0.0178696948822057
2015-05-08,35.0876848833756,-0.774565031096428,0.366697782460113,0.051145795689498,0.907335811008051,0.0154177412722002
2015-05-15,33.6587257315786,-0.759906164261642,0.385932959940012,0.0522490780469349,0.903629880946577,0.0162365881153136
2015-05-22,31.3226442169193,-0.812866362670112,0.409787357008724,0.0525254394049312,0.900047301299699,0.0173162663495506
2015-05-29,30.2536586071874,-0.846316509126849,0.383998937680053,0.0531147924692091,0.903168609910738,0.0162028210163083
2015-06-05,31.0398162343696,-0.859788227288009,0.388786602519675,0.05382906148968,0.901895068284248,0.0164836062889166
2015-06-12,29.5010664109874,-0.90002735547442,0.377614180617485,0.0538783534476787,0.903423045864826,0.015992831988758
2015-06-19,27.3086156217364,-0.813661103429242,0.414765253066199,0.052469883198705,0.899493459708729,0.0175262198786272
2015-06-26,27.7857559701689,-0.906103213432836,0.365230788248508,0.0528151947092763,0.906192319223456,0.0152332564292798
2015-07-03,29.9872549312081,-0.877999302269789,0.377498635295087,0.0528187007230718,0.904438631665941,0.0157369619696446
2015-07-10,32.5297409263617,-0.798763350045913,0.405207080997074,0.0524807415730935,0.900940031845126,0.0168136381838915
2015-07-17,32.6083905569811,-0.861753964685096,0.380043597514216,0.053022572268405,0.904012033167727,0.0157753732543043
2015-07-24,34.0305576172039,-0.869717831599564,0.390569673864835,0.0529650856715778,0.902465362778219,0.0163661544401634
2015-07-31,32.5990385029819,-0.861034640107425,0.395501678287681,0.052952655487139,0.901797561974134,0.0166139736225181
2015-08-07,30.3463744403911,-0.911788993005173,0.380212593519731,0.0528123028098428,0.904055680261099,0.0159475267198576
2015-08-14,29.4149621575893,-1.00596102421097,0.361141866224836,0.0525239431215354,0.907034669030158,0.0150858550404044
2015-08-21,30.5064186395229,-1.00251685072009,0.361424490192667,0.0522686436940962,0.907204646012962,0.0151192615013931
2015-08-28,33.0056576413833,-1.06331773482421,0.357641237144353,0.051821044761426,0.908059927970461,0.014974437268741
2015-09-04,32.8493887083342,-1.03730466851563,0.361435527781987,0.0515486291438628,0.907736310749832,0.0152068868936606
2015-09-11,34.8253293811426,-1.12209538778956,0.350833518875262,0.0516226535733071,0.90917921580864,0.0147689091399271
2015-09-18,32.4890685856116,-1.15539921942009,0.337958587437246,0.0502174209721947,0.912101019997934,0.0142768035622499
2015-09-25,32.9142929897509,-1.15911659004594,0.352923249504178,0.0503480430642794,0.909772155684079,0.0150600535334808
2015-10-02,33.4319321911653,-1.05961712390016,0.361959174771029,0.0502402700327218,0.908715607901954,0.0154105971865933
2015-10-09,30.2020464339442,-1.08936260633739,0.3473438352641,0.049031333233082,0.911765691831038,0.0150537212391373
2015-10-16,32.7368312829458,-1.09148661670322,0.343355633190906,0.0489628253962393,0.912407656019634,0.0149163309886741
2015-10-23,27.7514230833934,-1.11958003459108,0.348672486391701,0.0482250212759038,0.912138317353954,0.0151239288117455
2015-10-30,28.0625620880815,-1.10172078710001,0.344695508030645,0.047442502005122,0.913360860067174,0.0150104703722002
2015-11-06,28.7991310781734,-1.15144967421858,0.351351118081281,0.0475352539616156,0.912227383492621,0.0152353135936825
2015-11-13,29.7881958132466,-1.15540783130005,0.351208183161754,0.0474206748276332,0.912325541130528,0.0152744181097959
2015-11-20,31.0034516807891,-1.18830217838226,0.3503106868642,0.0476566325161845,0.912282238415103,0.0152389614749519
2015-11-27,29.7932389714318,-1.23508636955407,0.34645104586692,0.0470190876467875,0.913382016751513,0.0150859555008782
2015-12-04,29.1406578506232,-1.31384056908204,0.345925771200954,0.0467634865932994,0.913620741271723,0.0150866021554175
2015-12-11,30.0191789523576,-1.27049817394156,0.354684332337575,0.0477658612128528,0.911590366863182,0.0153525367254705
2015-12-18,31.8723686167923,-1.27470789178531,0.349153909955967,0.0464118069458086,0.913423764428486,0.0152682016049594
2015-12-25,32.9322484109279,-1.26896239661378,0.350312381760595,0.0464510643611271,0.913215354167332,0.0153648396296932
2016-01-01,30.4865921426511,-1.35021498396919,0.344946352257854,0.0458608522587586,0.914587830161726,0.0151178606960023
2016-01-08,28.9355076389204,-1.42866415129326,0.34069770105885,0.0454266181833007,0.915583037404528,0.0150138086863279
2016-01-15,31.8304391958311,-1.46060000316661,0.344575871313577,0.0455798479448701,0.914863542809628,0.0152409234618229
2016-01-22,33.4029093440676,-1.40731686365227,0.350439455514639,0.0465435282289257,0.913244899770641,0.0153394259558053
2016-01-29,34.0660651928865,-1.51515189150103,0.341377004482632,0.0453250565202099,0.915640869928621,0.0152046377104396
2016-02-05,34.9995092818385,-1.58838650494084,0.33508659119711,0.0443164087315451,0.917341979091268,0.0150143449416221
2016-02-12,36.9610539264861,-1.63849020906533,0.33949638867223,0.0448023599565073,0.916339689903546,0.015147737321327
2016-02-19,38.7874747367922,-1.55867329246929,0.348313494983821,0.04621223426662,0.913975413371886,0.0154425709360611
2016-02-26,38.2483078779846,-1.45347559552707,0.390529304269131,0.0507375187097107,0.904277691048428,0.016859853435891
2016-03-04,40.8162408378159,-1.33722639732181,0.41212294494902,0.0530085165953412,0.899425097179684,0.0175049598905485
2016-03-11,44.7914023326072,-1.37578908258489,0.41696286748457,0.0538762809535548,0.898067235173756,0.0177032243939314
2016-03-18,47.5013153954439,-1.46550362649888,0.413320978323521,0.0538938753967456,0.898636182481218,0.0176832916867139
2016-03-25,49.036729066173,-1.47834870824211,0.413382488762931,0.0539538998314809,0.898617578785978,0.0177229510221493
2016-04-01,50.3609235868742,-1.51591408972191,0.410761609755694,0.0534909844701579,0.899383524250066,0.0177292932479963
2016-04-08,50.3527801211294,-1.4477699173423,0.432734956051863,0.0567702174002087,0.893656784363249,0.018322129942497
2016-04-15,50.6957000465095,-1.40608920891803,0.445133499838353,0.0586056695267831,0.890465084142307,0.0186871638358908
2016-04-22,54.2679415003555,-1.4752007066182,0.437748792230182,0.0579292505175548,0.892123483799359,0.0185397901753935
2016-04-29,56.1960695302586,-1.56472121530521,0.421660859739924,0.0562130946236811,0.895768051172527,0.0180746917296849
2016-05-06,55.8181802358905,-1.57898639145075,0.399076487979714,0.0512760555617048,0.90292466427308,0.0175148978860545
2016-05-13,57.2996307867623,-1.52620509880569,0.415547917962004,0.0539301902054845,0.898416940970181,0.0179093995187994
2016-05-20,49.537462307885,-1.45662954608271,0.432586584957816,0.0565807205084458,0.893656342957997,0.0183959241178802
2016-05-27,49.448321224743,-1.52523153666989,0.424595187727102,0.0562118254228029,0.895132943394993,0.0181816138500875
2016-06-03,50.7041349973883,-1.53455725441439,0.420665283316423,0.0565808673169637,0.895423951520155,0.0179722151959399
2016-06-10,52.3876706181321,-1.54702393515073,0.424397609794251,0.0564342312823755,0.894972636318942,0.0181713335319718
2016-06-17,53.9018028258293,-1.69871040565406,0.419091414950893,0.0570402215342656,0.89532029500824,0.0178858635509753
2016-06-24,51.5919893144292,-1.62963244587981,0.418188429627755,0.0552962807195754,0.896872581767632,0.0179483721167614
2016-07-01,55.3986741131625,-1.58543561126831,0.415133054879053,0.0541596273467706,0.898242170675726,0.0179670120615379
2016-07-08,50.280580184044,-1.57774278429379,0.397627141197182,0.0517311086594964,0.902788293768498,0.0175433284856687
2016-07-15,45.9875001409273,-1.55178553067582,0.421084952785851,0.0555916002388444,0.89623325211959,0.0180977930877197
2016-07-22,48.9778188219036,-1.59620915251598,0.424550932239109,0.0547550962360175,0.896471515612659,0.0183380452452019
2016-07-29,46.5678521393749,-1.62116359597518,0.430124314893462,0.0548658072985505,0.895538655745775,0.0185727616046144
2016-08-05,41.9432559367511,-1.59845539254482,0.417937430552372,0.0539481925103109,0.898027310190537,0.018106569068777
2016-08-12,40.6959452356627,-1.64115477098754,0.427170903542117,0.0543798288953531,0.896402195395367,0.0184744863052163
2016-08-19,41.9539296131289,-1.59166926047466,0.407163822781607,0.0535263453278558,0.899940905935287,0.0176438906287683
2016-08-26,43.0982356652965,-1.5288996313755,0.791668114157701,0.0717497135231836,0.831323501522118,0.0332764129244205
2016-09-02,45.3563614300657,-1.50658393836068,0.412509528672163,0.0532483169234164,0.899424052029641,0.0179451968698771
2016-09-09,44.6100968087432,-1.58651337175032,0.389312528651026,0.0514309019472206,0.904160165673415,0.0169802069464392
2016-09-16,42.0463156271511,-1.56623288509186,0.387353141677939,0.0513913082120315,0.904417922378041,0.0168826586895279
2016-09-23,44.6726648842647,-1.55128599513571,0.397828342142876,0.0523407305610318,0.902181844672783,0.0172648406439566
2016-09-30,44.1619538386735,-1.51268089124245,0.382742119068954,0.0511889503725601,0.905146896069755,0.0166720186196556
2016-10-07,42.3247756470373,-1.50572786945759,0.383752706060547,0.0515445329197869,0.904540196686904,0.0168154619967952
2016-10-14,42.8024163099838,-1.38129301442142,0.393247862409531,0.0535389363597903,0.90148637935535,0.0167461500717409
2016-10-21,38.9980975628017,-1.31209730013937,0.392729764535412,0.0537315670646389,0.90139226830541,0.0166191899268513
2016-10-28,40.6835470946929,-1.34577959124227,0.385772963920075,0.0536148608163541,0.902494240046342,0.0163016679840556
2016-11-04,41.4998806665771,-1.25395573825499,0.384236202114229,0.054053454613636,0.90235729037441,0.0160858997060348
2016-11-11,43.0923802735953,-1.3058958487315,0.38288436964394,0.053847675084354,0.902715223324968,0.0160776968473263
2016-11-18,44.9679891844987,-1.27241759440216,0.393030244410015,0.0535452376094605,0.901553729550846,0.0165893453109589
2016-11-25,43.549869641708,-1.2658234626179,0.405169020371538,0.0550863138763238,0.898458264165917,0.0170762583356732
2016-12-02,39.0919402886759,-1.17791211927567,0.388904012071002,0.0537699474302412,0.902015271609303,0.0162573098863388
2016-12-09,36.5542126764984,-1.12093605893924,0.38357127469802,0.0534488957368719,0.903053951212637,0.0160248029247045
2016-12-16,40.3792896060157,-1.0340462227299,0.396389181237788,0.0528876438514728,0.901790921964833,0.016642942150725
2016-12-23,40.4354235189981,-0.874873025660141,0.421916583324009,0.0513195777387269,0.899468745177121,0.0177486860060302
2016-12-30,36.703991673512,-0.647362091065734,0.441307763948842,0.0461441412070629,0.901123959091922,0.0186002896543353
2017-01-06,35.307232150778,-0.868450273862249,0.404904473047806,0.0500687001934719,0.902542858729863,0.0172572106944898
2017-01-13,36.4341515466818,-0.888358282513634,0.409962138588554,0.0513259245278334,0.900742230332242,0.0173876528700246
2017-01-20,35.1216913788625,-0.89134236412472,0.337488453971575,0.0455163628958697,0.91565506597634,0.0145054229590677
2017-01-27,33.900173498902,-0.874608780351463,0.409888495890523,0.0508966647071518,0.90112284890894,0.017389436937918
2017-02-03,35.0127074805962,-1.01368427017869,0.782156320021503,0.0663111914329891,0.836618205395048,0.0327738652300106
2017-02-10,33.2304477295974,-0.971870714823487,0.391161086104497,0.0521348668904564,0.90276232194004,0.0165951265224314
2017-02-17,33.6300437210578,-1.06155293372645,0.360710893671221,0.0505559110511886,0.90832017508345,0.0153601482589534
2017-02-24,34.3995801987516,-1.017423455117,0.358617678504176,0.0504812930212066,0.908752709274641,0.0151064490449541
2017-03-03,35.2307520769131,-0.982863619164323,0.360080644306035,0.0507059285233936,0.908374015448425,0.0151023510078227
2017-03-10,37.7301754639148,-0.938087142181772,0.371862382384032,0.0500024049868624,0.90730709263337,0.0157131141652307
2017-03-17,38.5451004930499,-0.988322746992188,0.385356504021673,0.0504604260064802,0.905024442387692,0.0166343571301276
2017-03-24,34.9322028440824,-0.901196539313882,0.401257955821878,0.0500216262483508,0.903197872237831,0.0172356620887358
2017-03-31,27.8641609909778,-0.933365255974421,0.396378522833263,0.0504140455720321,0.903542388909878,0.0170787403396214
2017-04-07,28.2463999059202,-1.02101448544479,0.376799006568803,0.0498706212650574,0.906754351332372,0.0162519095428602
2017-04-14,27.8078083916787,-0.98661208314114,0.374645684212643,0.0494307324843503,0.907450590055711,0.0160888854239094
2017-04-21,29.4464877360932,-0.888355787709881,0.389448160708585,0.0487029478578824,0.906071825646568,0.0165384500788356
2017-04-28,31.2266261817906,-0.829660886269362,0.408455986827291,0.0482314156540672,0.903889441786551,0.0172495720159073
2017-05-05,33.3983186281142,-0.887180902387674,0.385946241510825,0.0487486140167014,0.906560275784531,0.0162703219043109
2017-05-12,35.1053017338596,-0.900727093674751,0.387705987417913,0.0494015560614557,0.905658129831086,0.0163868286663876
2017-05-19,35.2060661639112,-0.835534885712329,0.415349217928268,0.0488401811075996,0.902310857199397,0.0176859293712162
2017-05-26,33.5788137087229,-0.896211906133702,0.390132063113213,0.0490815171285491,0.905592932528407,0.0165774670961248
2017-06-02,30.7196338634448,-0.830575943466283,0.45751960130145,0.0489934813102825,0.896379927748735,0.0193837215988583
2017-06-09,31.533027214636,-0.944124792160495,0.378657180167776,0.0497780129576674,0.90665230673921,0.0160458830993039
2017-06-16,31.6759985596717,-0.990836375199541,0.376110964838562,0.0499827307856668,0.906840649169908,0.0160356965074606
2017-06-23,32.5136455767773,-0.969747186913048,0.372021387098177,0.0497600800181552,0.907603489262457,0.01585096232383
2017-06-30,30.9385619136305,-0.9370170600935,0.376649348956996,0.0494590445860393,0.907213803032111,0.0159033317521954
2017-07-07,31.5604088262938,-0.951683656098452,0.377597273259892,0.0491262210907233,0.907335102414174,0.0161810610993362
2017-07-14,32.7420968356189,-0.971930597919093,0.36830647787046,0.0488723646100891,0.908839151124264,0.0157733589925794
2017-07-21,29.1250449525613,-0.930854653996848,0.373390458393486,0.0487897381127289,0.908119712740655,0.0158450416432327
2017-07-28,29.8655504746973,-0.969722565208823,0.363331172355105,0.0490064264113141,0.90936517752378,0.0154953524570397
2017-08-04,30.6365853782726,-0.991462046133191,0.361627034991361,0.0490070274045195,0.909620595537238,0.0153067129358676
2017-08-11,30.4391507779539,-0.990132455054496,0.361756454696237,0.0489644318511272,0.90962619582287,0.015357018665318
2017-08-18,31.7434022537403,-0.997023029730778,0.359021450687982,0.048780644695211,0.910118937394996,0.0152406983524141
2017-08-25,30.9617089034473,-1.02086570228023,0.363833286195169,0.0486219884651991,0.909558083636835,0.0157127884125233
2017-09-01,30.6557342481376,-1.01839568503037,0.362592169015333,0.0484653963973032,0.90987821900081,0.015616413644111
2017-09-08,26.6515028217133,-0.966341472243428,0.35655197881966,0.0485480492490343,0.910636966293789,0.0152845400900638
2017-09-15,27.4514416586289,-0.891632932896156,0.378155057659813,0.0481188643084515,0.90798616261306,0.0160583913936019
2017-09-22,28.8558660653713,-0.801503419946863,0.420280547000016,0.0475829270534752,0.902664929684322,0.0178076813801628
2017-09-29,28.9054508608771,-0.803357956571899,0.422761314768269,0.0476294625342257,0.902254561300016,0.0179366869793562
2017-10-06,29.1362341755944,-0.847092559849855,0.391756469130908,0.0480546695416295,0.906155504103713,0.0165685837400073
2017-10-13,28.5542700332441,-0.82705824637562,0.378430618733932,0.0486966696508632,0.907422450822929,0.0159312204839215
2017-10-20,28.9562295325675,-0.717610913784749,0.400519154902101,0.0467020371010616,0.905994057076864,0.0170306448356666
2017-10-27,28.5473688652552,-0.653666591106775,0.411274102186378,0.0449202489883511,0.90605808166835,0.0175234588795272
2017-11-03,26.286824209128,-0.597058119674234,0.419942211718527,0.0433746802820378,0.906182985561443,0.0179622646319338
2017-11-10,26.1445793257672,-0.617835135269732,0.432204471968256,0.0433457825662694,0.904520488321217,0.0184757035058031
2017-11-17,25.9691163327485,-0.692500379442071,0.402282196194496,0.0463063818201734,0.906063015738277,0.0172046969374847
2017-11-24,25.7307219425344,-0.697218023659041,0.403352930559219,0.0470409794142199,0.905258967832289,0.0172152511545385
2017-12-01,24.9188934032856,-0.710240082082388,0.394162008719888,0.0464813333007542,0.907027642549364,0.0167558496803024
2017-12-08,24.6046038112197,-0.703521175584899,0.390552035698835,0.0460293451199733,0.907923362472719,0.0165598201395064
2017-12-15,25.9296252080328,-0.632946174320537,0.410573603296244,0.0430664522464451,0.907751384748556,0.017542875158596
2017-12-22,26.5214336002415,-0.621692079601797,0.407813391349598,0.0422481593236189,0.90883435722123,0.0174384524804915
2017-12-29,25.3756838322916,-0.469284267995157,0.338540847672727,0.0373354980716456,0.922484383162356,0.0144895695896913
2018-01-05,25.5997925766116,-0.36589521027011,0.324018082220057,0.0398919178146155,0.922376738035562,0.0137629911697435
2018-01-12,26.6794374313206,-0.236821535699009,0.299696908256264,0.0385244744947805,0.926816151620561,0.0128513911057957
2018-01-19,27.7722508440548,-0.287175000598125,0.317064316146647,0.0371677132269758,0.925578423708311,0.0136353081862804
2018-01-26,24.9838671683995,-0.447884294124698,0.321270199716834,0.0372153121547559,0.924994039140276,0.0140207205979128
2018-02-02,25.5233820222904,-0.472431070003691,0.19846017852099,0.0305438106952147,0.947606545115061,0.00888312958558682
2018-02-09,26.2681218950808,-0.47558531403499,0.311366291302538,0.0351465115560918,0.928172181269279,0.0134419390020573
2018-02-16,28.0774869562923,-0.477213054091677,0.324925037274691,0.0363623840897347,0.925153433091715,0.0142596023146255
2018-02-23,28.0223356953704,-0.553193764958112,0.378645625199344,0.0395627069531946,0.91500621763875,0.0165529214893159
2018-03-02,24.6972660711924,-0.620321860740339,0.37807346096682,0.0396629502639322,0.915082429127203,0.016584380285822
2018-03-09,25.2289752886476,-0.643527840749906,0.367096148241868,0.041334523364009,0.915163700454296,0.0162072541643075
2018-03-16,24.4251925331672,-0.640616569591885,0.367872331252686,0.0405568688426352,0.915776855234221,0.0161619838621902
2018-03-23,22.5452650212624,-0.579318778265779,0.367867027935895,0.0398727500636465,0.916346584550619,0.0162006878107245
2018-03-30,24.3265804597465,-0.592682147233844,0.367401773150139,0.0399647248326734,0.916347940699429,0.0162553809734399
2018-04-06,24.7188033382144,-0.547672463518798,0.367340132278622,0.0395797086319517,0.916668481740132,0.0162765341764329
2018-04-13,23.901255158413,-0.584181477082298,0.373115083401329,0.0402123900193825,0.915386580145292,0.0164853657639495
2018-04-20,24.2093117627241,-0.592933888304575,0.360973258129365,0.0397661234519651,0.917311786524409,0.0160443979422768
2018-04-27,24.8649331942928,-0.557003614689551,0.402320770166592,0.0403407577769133,0.911110126195313,0.0179141460638854
2018-05-04,24.1235496964436,-0.471799098207537,0.318638923125899,0.0338640709573436,0.928166294346703,0.0143423353525737
2018-05-11,23.5422316779091,-0.513361913380857,0.353747649159441,0.0396735109303472,0.918436791452837,0.0157122921411609
2018-05-18,23.7512158354622,-0.533463052787492,0.369348600483698,0.0401492116009946,0.91591572744411,0.0163091639405572
2018-05-25,24.5586580694496,-0.642780991094812,0.389184693945746,0.0419229594850095,0.91180002203011,0.0169880580958919
2018-06-01,25.8937311071173,-0.660099661161944,0.772738278704963,0.0564566806653622,0.846382497167992,0.0327618001842075
2018-06-08,27.6378819598379,-0.63829574314267,0.402320491631183,0.0439288334219445,0.908178677761209,0.0175898678571979
2018-06-15,29.3969957396433,-0.551630482481178,0.394871669814193,0.0423617212789106,0.910439895545656,0.0174304766538732
2018-06-22,25.2869210726734,-0.637724760357793,0.399931580134822,0.0434457109619162,0.908920750065286,0.0175262035505985
2018-06-29,24.5746971997177,-0.695421184366991,0.364141862543465,0.0440661335784677,0.913272475647081,0.0159880587146255
2018-07-06,25.2217342294078,-0.655153874489508,0.7729645990252,0.054990613413739,0.847545796470048,0.0329348773398201
2018-07-13,25.7645296635042,-0.721384630563581,0.533316412340846,0.0503580883580311,0.884581033142668,0.0231116833038255
2018-07-20,28.1692781299856,-0.686514709356937,0.366998266980145,0.0440445865597637,0.912962055331696,0.0160745449764296
2018-07-27,25.5636908930532,-0.741467913007866,0.545812889626874,0.050956969086015,0.882436269312357,0.0235572674625616
2018-08-03,26.5996762704967,-0.784526700453755,0.368272958637604,0.0448757150557093,0.912046716945508,0.0161478545828587
2018-08-10,27.075817799878,-0.858553567888936,0.357684197673869,0.0456248430167807,0.912912885841692,0.0156512048263285
2018-08-17,27.4909379940084,-0.836459905341,0.372868536302755,0.0462424873809834,0.910261268106484,0.0162736223520875
2018-08-24,28.7483833660983,-0.894031641168813,0.356826316578404,0.0465490556334973,0.912222975231334,0.0155938868419305
2018-08-31,28.8222697113795,-0.845054687835255,0.354924611293293,0.0449617385683393,0.9138112105523,0.0156927804919228
2018-09-07,29.1823057648998,-0.855761192604375,0.35044470897257,0.0448533077459941,0.91453731806142,0.0154656980525506
2018-09-14,26.0360270535435,-0.850292334063873,0.353137550316258,0.0448804315112782,0.914196140764646,0.0154849146359686
2018-09-21,26.9311839638957,-0.935250400921218,0.340463809874666,0.0456636574760318,0.915348314473583,0.014912660543649
2018-09-28,28.5734217883858,-0.983706960232313,0.332716091433497,0.0455527276267536,0.916538065707051,0.0146546336779513
2018-10-05,30.1034277461075,-0.999411272981298,0.334671706179889,0.0457132951437088,0.916152088593421,0.0147015111491518
2018-10-12,29.7063258661746,-1.01279853811135,0.336317614093029,0.0457922343115804,0.915863394684765,0.0147725936414078
2018-10-19,30.6298178425065,-1.09020959450757,0.321068071642598,0.0463100015051905,0.917622219097386,0.0140901389359682
2018-10-26,31.0483061371339,-1.03968594485695,0.29662581454223,0.0427926028240417,0.923899251861775,0.0131549396822781
2018-11-02,32.4999152103866,-1.03790303025251,0.345917760733025,0.0460407226747634,0.914359613101957,0.0152335842990903
2018-11-09,33.2055603198776,-1.09044013173746,0.344764634385208,0.0473143431485603,0.913478689251056,0.015110782106851
2018-11-16,31.7222179626273,-1.08987567591742,0.343593823526343,0.0472125463150855,0.913722990404518,0.0150634773076431
2018-11-23,32.2150970910346,-1.10717332414345,0.333081525062086,0.0460099760597824,0.916152541455028,0.0146294203781903
2018-11-30,32.0729325039495,-1.16805430182408,0.342843685044862,0.0467227169411053,0.914182475400668,0.0149483025926927
2018-12-07,31.8991135241714,-1.13992856303545,0.341136099462748,0.0464284953976705,0.914667901164719,0.0149372677617076
2018-12-14,33.761682459457,-1.2435094025216,0.340737630335601,0.0456069607580287,0.915439160611915,0.0149392556727499
2018-12-21,32.067187748823,-1.22221159244708,0.336165506985768,0.0449442124965603,0.916602900258699,0.0148669153472272
2018-12-28,34.0169698646497,-1.20286805843505,0.340325167171234,0.0460112928715322,0.915183558412152,0.0149179427078183
2019-01-04,30.3606901204454,-1.12765628180297,0.332431423915391,0.0455735338609117,0.91668730367763,0.014560415892731
2019-01-11,32.0575645248811,-1.12422611866071,0.349131860986002,0.0469016309430097,0.913301922233544,0.0151890276062683
2019-01-18,31.9298012912691,-1.11862353851727,0.333894740925351,0.0457314471300519,0.916379489862548,0.0145961012014204
2019-01-25,32.9143031766044,-1.21288681912311,0.33637894690665,0.0454274871517484,0.916295400264627,0.0146834522136669
2019-02-01,32.5231732043135,-1.20371907319898,0.335450142277893,0.0454915498578623,0.916385761959416,0.0146260623684216
2019-02-08,34.4687968867673,-1.20782071679595,0.336026169589354,0.04619707588876,0.915779343708753,0.0145497982387915
2019-02-15,34.0785606671357,-1.2344370926398,0.398187560448021,0.0472843066471674,0.906267576560081,0.0173177162923737
2019-02-22,35.5694361846802,-1.16318005533763,0.334552559111216,0.0454817599655698,0.916589265383605,0.0145142972978311
2019-03-01,32.0709313809722,-1.20964037554712,0.33452408832153,0.0454581421430537,0.916661727675604,0.0144560970509714
2019-03-08,33.652700835202,-1.18538321245006,0.335386967294573,0.0463142286045751,0.91590226396374,0.0143566918325506
2019-03-15,35.4816687336443,-1.27456719508865,0.336263251497395,0.044468656446162,0.917366564133442,0.0145332287513774
2019-03-22,37.0753317537983,-1.25762464159568,0.777951834482316,0.0582128041184029,0.844908777437287,0.0329427759219878
2019-03-29,38.1027499965833,-1.20523450449575,0.334925575173323,0.045798015153,0.916426371679664,0.0142871839071216
2019-04-05,35.9350955609646,-1.16655771823002,0.342384772668685,0.0459084000781889,0.915226136755932,0.0146185394756854
2019-04-12,38.0975877474315,-1.17206646735216,0.782335262721256,0.0603905225192766,0.842544249532806,0.0326703318147555
2019-04-19,38.2783306931225,-1.22402735284084,0.34226548194105,0.0458050658609213,0.91534152799751,0.014589999644047
2019-04-26,37.2253117617003,-1.23385369594517,0.342310008380922,0.0448535714496257,0.916113793458525,0.014714846648668
2019-05-03,38.8798376064384,-1.32897679115653,0.337117961617079,0.0447990482691276,0.916938976183494,0.0145022161291143
2019-05-10,36.0493123088598,-1.31021855431922,0.33856294251822,0.0440956294755401,0.91731712880006,0.014640687538241
2019-05-17,38.0732431914144,-1.36532690389105,0.341177398659718,0.0440388670892771,0.916943770510161,0.0148469750756997
2019-05-24,35.0643993847898,-1.41514497839245,0.337857380602098,0.0447820102771711,0.916775589728259,0.0146144401933517
2019-05-31,36.1280109084986,-1.42700651932481,0.341681182325746,0.0439735130704868,0.916886341910092,0.0149651908028295
2019-06-07,36.840976963177,-1.42374635865619,0.355734844275691,0.044667365053066,0.9143382032641,0.0156342937511065
2019-06-14,32.5563031360449,-1.42664047550796,0.352168487829163,0.0443909020984786,0.915061058052004,0.0155069450032229
2019-06-21,29.7936013572563,-1.36312716127067,0.355100306359467,0.0435819408845759,0.91536082919422,0.0156675063141538
2019-06-28,29.4063806902007,-1.28204431070988,0.358140738250167,0.0429886855053843,0.91545223303008,0.0156477284112817
2019-07-05,29.853952404642,-1.29796029832258,0.368304330513296,0.044081506327236,0.913069685921539,0.0160955611797171
2019-07-12,31.3431951934366,-1.38142347909451,0.503783999630379,0.0488027269206188,0.89049464008455,0.0216872799856629
2019-07-19,30.6020650190685,-1.38196643590031,0.358727449870133,0.0444966548686664,0.914090788019992,0.0156740393549411
2019-07-26,30.7115122381587,-1.44989968606597,0.352804646495485,0.0448116754490022,0.914717697417956,0.0153289171335423
2019-08-02,30.925804055366,-1.51030970356837,0.347338678385246,0.0445175510667416,0.915795377932096,0.0151773806285658
2019-08-09,32.9210512544095,-1.48312965147578,0.350089538484024,0.0447171526935976,0.915224826346438,0.0152478706236436
2019-08-16,34.2775147286078,-1.47188878563277,0.352254153018385,0.04494119052913,0.91474355712767,0.0152934032205473
2019-08-23,32.7305706469432,-1.42640749735677,0.568226525440108,0.0522873395522409,0.878844953763425,0.0239776633808665
2019-08-30,32.1963242868459,-1.38692995437502,0.361910297090207,0.0447737117045591,0.913537044868835,0.0155895639004415
2019-09-06,32.6978159224519,-1.29979140008118,0.373243049856178,0.0446835976656788,0.912100301134205,0.0159369846719874
2019-09-13,34.1288190620301,-1.33332996496304,0.36973200547355,0.0444975956591942,0.91275379527099,0.0158627254982874
2019-09-20,36.3794221996158,-1.37113486476895,0.37133424557626,0.0446953663337464,0.912363115413898,0.0159483294299665
2019-09-27,34.9101634092097,-1.43722742874846,0.36819805555953,0.0455756190476406,0.912087154816057,0.0157163511544264
2019-10-04,35.1926573808339,-1.34313354314264,0.380525262051473,0.0453548924304094,0.910618143599893,0.0161784494844839
2019-10-11,36.47153311713,-1.29723251583792,0.389693541560759,0.045796900215463,0.908968662156298,0.0164487670898797
2019-10-18,38.4569472800801,-1.26192134292682,0.760038193106494,0.0551056583542552,0.850255345823176,0.0314870604209918
2019-10-25,38.60433676294,-1.27077933001009,0.402341704980981,0.0444990246117539,0.908322869294706,0.0170489845554244
2019-11-01,37.4027344952242,-1.19205493003477,0.404250515235396,0.0479613441832299,0.905192458483604,0.016757185754212
2019-11-08,37.7249162606468,-1.23794305845827,0.402972277296996,0.0473690006009071,0.905874674541129,0.016763357728457
2019-11-15,39.3127334359652,-1.20135624781377,0.405161919780962,0.0475371603941575,0.905436017165235,0.0168505438896093
2019-11-22,38.2534053511012,-1.20125532081407,0.412207814556072,0.0476033021206228,0.904401722287372,0.0171777299011953
2019-11-29,35.9224298317379,-1.21091151172625,0.43070178628163,0.0484809906114898,0.901141643217766,0.0179491240815293
2019-12-06,34.2731177308803,-1.21811687586328,0.410245204784821,0.0475551778235961,0.904754258135885,0.0170739326896056
2019-12-13,32.6424784484923,-1.21020215144971,0.411179937347927,0.0485494009822002,0.903835523109446,0.0169760576637701
2019-12-20,33.1820938384506,-1.22463832801865,0.420417760119114,0.0478000833746082,0.903148299611035,0.0174376783123715
2019-12-27,33.6365238646833,-1.23891482329995,0.420002455916752,0.0477040203560428,0.903311728249867,0.0174262168536549
2020-01-03,32.7373645565806,-1.23318384158845,0.428364701504052,0.0479713334967409,0.901938967722608,0.017803387482678
2020-01-10,31.7976776809333,-1.27814732255886,0.425205056261971,0.0466498353448691,0.903516845291978,0.017748217090838
2020-01-17,29.9371509093936,-1.33141429117836,0.412760529545902,0.047492997115875,0.904564349653904,0.0171250958976233
2020-01-24,29.9560611966742,-1.34860486434468,0.413754530527002,0.0465669670464091,0.905193352190161,0.0172414354063441
2020-01-31,30.605961306171,-1.24836012483295,0.422011247482839,0.0467976530518197,0.903968979535349,0.0171909475382956
2020-02-07,30.6372983358222,-1.240789695279,0.422340464851764,0.046758183403395,0.903965128089175,0.0171536550074008
2020-02-14,33.2525722980145,-1.30272654480208,0.413306999491372,0.0467197024610467,0.905291740466819,0.0167551658534894
2020-02-21,32.9157403321154,-1.50472796465192,0.382601883189995,0.0462544722575876,0.910347631544493,0.0154949718118237
2020-02-28,33.4364227280657,-1.64868110436323,0.396416089746412,0.0460817035297549,0.908634287817594,0.0157993042795509
2020-03-06,37.8838825217478,-1.98830634933523,0.397358497436846,0.0515011362863479,0.904749478626425,0.0150460320700812
2020-03-13,41.2300266695837,-2.07203290732729,0.410379386989562,0.0523283296191427,0.90227411118134,0.0155931352772211
2020-03-20,50.3463232895601,-1.98347332293364,0.445826432226844,0.0540091729494251,0.895933551390588,0.016866210466626
2020-03-27,53.9669639113197,-2.16827337680101,0.45796438916608,0.0566216658778853,0.892274368477259,0.017151213661862
2020-04-03,57.7717219200949,-2.0518425126688,0.484166286957266,0.0595043326538144,0.886549508679947,0.0181272833774079
2020-04-10,64.7299212099692,-2.1638994425585,0.490878153946349,0.060760669342234,0.884514646368742,0.018183886222174
2020-04-17,71.026113618441,-2.21518808502715,0.463630053439554,0.0585092342448111,0.890117227315111,0.0170675178408946
2020-04-24,74.2156775073326,-2.09176128677261,0.493510659795117,0.0598835231513508,0.884945897227938,0.0183409672385348
2020-05-01,69.0076999168445,-2.12701859784196,0.487638710789854,0.0576597954410226,0.887536036159888,0.0182111622997439
2020-05-08,72.5722428064405,-2.21084014519075,0.494106497205003,0.0593869011753672,0.885212408668682,0.0182516520131792
2020-05-15,68.5991958200524,-2.17859390120876,0.501747457578175,0.0602942740881824,0.883448889808225,0.0185095845775651
2020-05-22,70.5859822487901,-2.0878536751372,0.503361631578102,0.0609992574349123,0.882749920469991,0.0185880834716308
2020-05-29,70.6014318001656,-1.85352702843033,0.504296102886604,0.0611373332808509,0.882509638489824,0.0185348646914118
2020-06-05,73.359947295632,-1.97805866838203,0.523728390746168,0.0633906101070048,0.878022691679184,0.0192730352525669
2020-06-12,78.3723354330867,-1.99226588489574,0.531019092388744,0.0612771838112376,0.878780373148144,0.0195585501484859
2020-06-19,80.5370564056941,-2.00944514197026,0.539129805648334,0.0609912758318649,0.877922157324602,0.0198599562242817
2020-06-26,68.1842182528357,-1.93052119586045,0.529905224241878,0.0603259837947145,0.879686525021169,0.019429690340052
2020-07-03,63.997844238515,-1.92528897138909,0.546395212278463,0.0597262777569499,0.877926729142162,0.0200324577906417
2020-07-10,64.2423377301881,-1.89494349033621,0.579709234438708,0.0606369425531108,0.872575203803865,0.021290653080865
2020-07-17,57.6695953553617,-1.9450987836648,0.589190854387011,0.0614192593642422,0.870670214934742,0.0215911627322483
2020-07-24,54.6966748286926,-2.04145795834056,0.563552118134069,0.0616204661570455,0.874212235797941,0.0207184001683862
2020-07-31,52.4331659663502,-1.97848958218367,0.560251360142024,0.0611989450627671,0.874890493781927,0.020409210931335
2020-08-07,56.687461897436,-1.90627703152837,0.55042331827398,0.0605719242965105,0.876736739499223,0.0199851221659516
2020-08-14,56.0548455186139,-1.98815249088474,0.546092215640472,0.0614474823886429,0.876676961805766,0.0197513933945964
2020-08-21,55.8533551019486,-1.91975742116742,0.56308606932227,0.061509789579843,0.874210668905242,0.0204113624717635
2020-08-28,55.8426115308937,-1.96121184682229,0.578321518881043,0.062296589374084,0.871525595682495,0.0209499207410304
2020-09-04,55.9777820751098,-1.9949427662388,0.592418390450348,0.062505027858488,0.869451297559014,0.0215098790476138
2020-09-11,52.8373530768038,-2.06158773429171,0.590435565743064,0.0627530537112567,0.869593529048392,0.0214824138880977
2020-09-18,50.4353491581769,-2.20260923422498,0.56868884647024,0.0628861966851392,0.872451416113542,0.0203341586494214
2020-09-25,51.1368604411304,-2.19506490507231,0.571474428907361,0.0629978076307846,0.872000443969192,0.0203901397732606
2020-10-02,55.100502731218,-2.09653743502757,0.556851747961078,0.0616725463375164,0.8751174613086,0.0199936564700337
2020-10-09,53.2652956648354,-2.16580508945361,0.55346835222197,0.0625075101404807,0.874890321560728,0.0196252050649301
2020-10-16,55.350463580209,-2.11899865416323,0.541441602318417,0.0580201787183309,0.880199866253384,0.0196406564567908
2020-10-23,55.265980379593,-2.24163142270154,0.549521006847838,0.0634515086064331,0.874657914756752,0.0192036339983932
2020-10-30,54.1741995864527,-2.18288046931633,0.528682268072004,0.0629906375890191,0.877904757785895,0.0183710121607369
2020-11-06,57.1580320337849,-1.95125088537183,0.521456691779558,0.0627054236504297,0.8791616689661,0.0181223231987436
2020-11-13,59.3704997480127,-1.89365825489598,0.52124209207318,0.062308851818086,0.879483326655729,0.0180938670626577
2020-11-20,64.7080200519864,-1.83365645750532,0.508481278228713,0.0620674696062253,0.881431790906147,0.0175691535095407
2020-11-27,63.0647778989714,-1.77519412787836,0.516891935093898,0.0620841662438898,0.880255763909069,0.0179240677168189
2020-12-04,63.7590840741183,-1.82113218457853,0.513199136139386,0.063344800188451,0.879728041334688,0.0175983018928452
2020-12-11,62.3313504773053,-1.83388698360809,0.532010078986979,0.0628609493701595,0.877602829214348,0.0183211319542774
2020-12-18,63.2355494293047,-1.86489324108685,0.559620875417596,0.0637084388382781,0.873219567243666,0.0192745767250023
2020-12-25,55.1542532118487,-1.86953717575501,0.596812725394903,0.0641284676235002,0.867823050039212,0.0206818331022472
2021-01-01,48.1693879749943,-1.79655700906668,0.569359776368873,0.0619559265767466,0.873314131854869,0.0197390651409968
2021-01-08,42.3406131207283,-1.86901585318226,0.572186945671101,0.0631819320076933,0.871934752453886,0.0196536207300577
2021-01-15,44.632765264743,-1.89692943786815,0.563458767248822,0.062325015514673,0.873786590258201,0.0193235851167867
2021-01-22,43.7514029401554,-1.95750764815695,0.573304756507461,0.0629956243709656,0.871816145705499,0.0196436595385592
2021-01-29,43.5852133011269,-1.80424192867289,0.541141861671279,0.0614645085144542,0.87754482089157,0.0183748564576557
2021-02-05,44.7229332449013,-1.77260347548031,0.556980085343273,0.0618588551630432,0.875066945281572,0.018938215637463
2021-02-12,48.7558678632564,-1.77489921944137,0.54553698365457,0.0621118733452194,0.876428784931711,0.0184143160688075
2021-02-19,47.5197540346936,-1.78703902211423,0.549435347469474,0.0624078621592248,0.875676530990434,0.0185007285126438
2021-02-26,48.0695644156055,-1.74753550960457,0.538799926552184,0.0612842925351247,0.878073545819558,0.0181232848813815
2021-03-05,45.7169063231966,-1.73445676204039,0.5342591363043,0.0604547301081036,0.879407387796646,0.017962527884096
2021-03-12,46.3995207123402,-1.75005215733748,0.55940737742767,0.0607704341709209,0.87573031838741,0.0189276557935987
2021-03-19,45.3086887398269,-1.74921228603627,0.583659079571166,0.0610576071665779,0.872218219356518,0.0198659371587232
2021-03-26,39.1506445879832,-1.75831746531584,0.598540109142049,0.0620777486415993,0.869381201545564,0.0203464199901148
2021-04-02,34.9378313311142,-1.79181181829417,0.614959968500685,0.0637579405941596,0.865779065562724,0.0208368622279585
2021-04-09,32.7217839986694,-1.78022847570127,0.677577852908107,0.0679907912645654,0.853674088446752,0.0229589844772103
2021-04-16,30.8748082467215,-1.84338856179153,0.669826072466674,0.0677232015949276,0.854943316674458,0.0225997891230888
2021-04-23,29.0255723102529,-1.75907744184025,0.660784186331861,0.0661795004804361,0.857559475998782,0.0221286816888422
2021-04-30,30.6476313422943,-1.70884254905971,0.660713102459922,0.0658541204758211,0.857879929301868,0.0220851431125597
2021-05-07,34.3902199531947,-1.71581376863072,0.651887902915396,0.0659719889722497,0.859006381622553,0.0216278438589584
2021-05-14,34.9929630656029,-1.72469200058505,0.67286255088983,0.0659117812816624,0.856213426905451,0.022818366789669
2021-05-21,36.8228523303244,-1.731794015611,0.691384231811067,0.0672255440486126,0.852655729753716,0.0233495632731313
2021-05-28,28.2125610419475,-1.75276869481169,0.681984278814953,0.0672639470866748,0.853895339865075,0.0230275919252258
2021-06-04,28.431758359586,-1.80297854494814,0.685234107182194,0.0685218623898765,0.852430848922122,0.0230636545099735
2021-06-11,27.9515328310605,-1.8214853307537,0.675401385169549,0.0678075155388947,0.854409299231227,0.022528526138
2021-06-18,27.4129806758072,-1.80177462824925,0.667555482058867,0.0665672760309037,0.85648960704668,0.0222041822637379
2021-06-25,29.9609084341675,-1.8590133564556,0.664784827578087,0.0669049974588122,0.856610154501022,0.0219642344952422
2021-07-02,31.0422409219827,-1.88669976430748,0.641702024034101,0.0647162892240386,0.861466373663277,0.0212472790577579
2021-07-09,32.1804649102519,-1.91783343686669,0.832965180903417,0.0707924216329778,0.830884641347167,0.0271180233843396
2021-07-16,32.4439646314693,-1.88588978334603,0.627289042562416,0.0623123091046632,0.865200191450396,0.0207751013491317
2021-07-23,34.0747020188614,-1.84091499824647,0.624002240010445,0.061923500447432,0.865974277385829,0.0206291018981929
2021-07-30,34.4331808962144,-1.80671109006207,0.625018202973629,0.0620336892241233,0.865818735042112,0.0204577398801316
2021-08-06,34.4158775385102,-1.78489414806389,0.625436673621802,0.0615913758437914,0.866053563471038,0.0205199250265822
2021-08-13,36.834227048001,-1.84866695226264,0.636595457892413,0.0626925847718777,0.863641839123727,0.0207393664543803
2021-08-20,36.0501194419523,-1.80430712435637,0.640517930191353,0.0626516434653829,0.863146800174535,0.020821817555746
2021-08-27,37.925158431212,-1.75388261497025,0.620896023304858,0.0607351806424717,0.867386195948042,0.0204854251606829
2021-09-03,38.1832854302135,-1.77124471129566,0.637483908374069,0.0618229247949181,0.864197341248477,0.0210594088984781
2021-09-10,32.7676957908111,-1.73925267758327,0.639842928535302,0.0618081327003286,0.863896651837521,0.0211843372961383
2021-09-17,31.8069557267293,-1.6708215108743,0.626301613074536,0.0604708348269667,0.866888722221403,0.0207917216551564
2021-09-24,31.1248991830777,-1.63322966400237,0.62019317272138,0.0599455960745876,0.868156892876416,0.0205871065589543
2021-10-01,31.2046351866133,-1.62207066536738,0.613436462325977,0.0596136329993432,0.869370861176917,0.0202639207766717
2021-10-08,31.6333256872867,-1.64853459498197,0.62394958801156,0.0593616771821325,0.868215751443082,0.0207037794936231
2021-10-15,33.3971909681763,-1.66465809531329,0.635799737334975,0.0609614787270211,0.865235200128906,0.0211442261104237
2021-10-22,32.2503115648795,-1.61558513901941,0.604803161849204,0.0611064820640072,0.869305377418141,0.0203147569900043
2021-10-29,30.0776303623606,-1.60675500843582,0.580707570945053,0.0589562212973017,0.874348330926649,0.0194756441781706
2021-11-05,25.5276978498393,-1.67214107725015,0.630326495079678,0.0633684068672246,0.864019978330021,0.0211027347544836
2021-11-12,27.0224886728584,-1.73793421526062,0.64220784641452,0.0634306852868903,0.862374989751613,0.0213362025407229
2021-11-19,25.5103815021139,-1.80510866241452,0.665839358030747,0.0637191859367979,0.859019284952531,0.0219375996583753
2021-11-26,28.2458751583469,-1.83309665723614,0.663135676188553,0.0643252115924827,0.858905620447545,0.0217822750987402
2021-12-03,31.7034288895408,-1.80733372413787,0.690956548657449,0.0649472965298182,0.854604555514735,0.0226631355743309
2021-12-10,31.9669769348371,-1.83477089313333,0.682118878928891,0.0649577837143337,0.855773265908652,0.0224407696179263
2021-12-17,33.0991941150596,-1.76976979180248,0.689423344795845,0.0644159533898095,0.855299367087475,0.0225772593890613
2021-12-24,31.2770376313519,-1.78530084092446,0.684906130972751,0.064628639656187,0.855745354236449,0.0223948809481705
2021-12-31,33.559335619925,-1.70946826319068,0.705983641387606,0.0641385148488,0.853427807222354,0.0229536319782854
2022-01-07,33.072285913975,-1.70186647637965,0.709882727283855,0.0641916451167646,0.852879202412641,0.0230331175951124
2022-01-14,36.5383591819543,-1.77882292887322,0.732140520449685,0.0662373008001954,0.848225239181448,0.0235411459125666
2022-01-21,36.839058235041,-1.78893771448275,0.722723648452024,0.0659728619615585,0.849723686685185,0.0232119749345316
2022-01-28,38.8919256208243,-1.72630789806604,0.717590833919034,0.064867234728339,0.851377146026667,0.022968170665388
2022-02-04,37.9960771280466,-1.67894902409082,0.713338458908735,0.0633694421730302,0.85320461948445,0.022813068349099
2022-02-11,39.9504998805764,-1.73741230149696,0.742301554691956,0.0650311600214113,0.847907898483166,0.0235851213702472
2022-02-18,41.7785424814955,-1.86599903284274,0.773928091350116,0.0681686787964582,0.841169674067209,0.0243129699387903
2022-02-25,44.4042470371343,-2.12764087047662,0.782102789677018,0.069424851493937,0.839495567097562,0.0245206859743377
2022-03-04,49.1379918317807,-2.06569787309134,0.838514309830642,0.07426391072686,0.827984376000639,0.0260770585223804
2022-03-11,57.4326511839662,-1.92523687402671,0.884218992457788,0.0765675617125142,0.819987730278421,0.027137051629981
2022-03-18,59.6733268366945,-1.97959032871574,0.880100061316124,0.0767015006454395,0.820452525486355,0.0270198172253885
2022-03-25,63.3404366146404,-1.97777325354821,0.877080334669579,0.0768570598306173,0.820760787599466,0.0268378865540384
2022-04-01,60.3787972498791,-2.01511140112485,0.87510753510837,0.077065884203547,0.820858004571109,0.0268048541839041
2022-04-08,58.5156815395724,-2.02748318552344,0.878218554841589,0.0753541752635022,0.821874468614349,0.0269525984767345
2022-04-15,57.7626682736683,-2.0244782041518,0.876891971822172,0.0752831941836889,0.822119836812017,0.0268130065158196
2022-04-22,47.4282842484362,-2.09647939192344,0.832824852179076,0.0721504604048817,0.830567596908166,0.0255558966463749
2022-04-29,46.6600110145263,-2.15052402869898,0.820583128972349,0.0712345334216137,0.832867726272265,0.0250849306434575
2022-05-06,49.2551827193801,-2.10713405363581,0.801294748980649,0.069223197867321,0.837045166165861,0.0247517048949951
2022-05-13,50.7905242991074,-2.10992839972088,0.794162306382547,0.0686148006374449,0.838507301509073,0.0245070703648198
2022-05-20,52.0498919646494,-2.0456725030713,0.804473129839262,0.0718542110492285,0.834624395527808,0.0248077880859862
2022-05-27,50.3109271663304,-2.06151141880497,0.812529093454408,0.0710279101256944,0.83400674529547,0.0249419680797112
2022-06-03,53.2174812606613,-2.15614912298285,0.85532231754632,0.0733676462272078,0.82618877200574,0.0261253246560077
2022-06-10,50.5794132978223,-2.08722830062802,0.848791711454501,0.0721318848393244,0.828119376362803,0.0260460750736093
2022-06-17,53.8192375323856,-2.10567739705718,0.850854706082045,0.0715036222902837,0.828365823530067,0.0261402347860885
2022-06-24,46.7889122705507,-2.11905483911504,0.806664427412388,0.0670242985371757,0.838053356670448,0.02516597220986
2022-07-01,44.4854764760033,-2.19736944834018,0.858641401217098,0.074272873155525,0.825041415355003,0.0257186671782663
2022-07-08,48.0381769721782,-2.27976613167546,0.888457325364493,0.0745590069669185,0.820842651994963,0.0267544417117555
2022-07-15,41.136052723951,-2.25484281067758,0.888259198294729,0.0745408943575591,0.820919792573603,0.0266854733970099
2022-07-22,46.385624013129,-2.21493567471304,0.875110208028742,0.0740929018369398,0.823124905072839,0.026084424580218
2022-07-29,48.4347976460638,-2.22101478713178,0.87072805237197,0.074563872929663,0.82336990290932,0.025829443647027
2022-08-05,50.7568304743774,-2.17605862896106,0.896308274447257,0.0745591434178945,0.819915179818965,0.0268780264306086
2022-08-12,51.8590954176257,-2.2434087470266,0.921581196322785,0.0760557691757228,0.815304436163797,0.0274374425845005
2022-08-19,51.6563718076864,-2.30238447483137,0.974076288316907,0.077802764911285,0.8068088593083,0.0290867838863932
2022-08-26,53.1772731250375,-2.26975860863398,0.999106059236813,0.0788058486117038,0.802639629718783,0.0297140977980325
2022-09-02,54.5512993733025,-2.18526165790495,0.986168067787622,0.0783366246048052,0.804826802971405,0.0293052438494401
2022-09-09,55.0122189299756,-2.15706599209712,1.02683424643869,0.0792349586970958,0.798654130999649,0.0305943588153852
2022-09-16,56.7657091280713,-2.15746444735616,1.02041490903382,0.0796285803896735,0.799230002558254,0.0303000720949467
2022-09-23,56.1262011766612,-2.26500002085578,1.04558694037043,0.0824111060915138,0.79360441739962,0.0307168669400293
2022-09-30,56.713911600304,-2.21795292333759,0.999319532604932,0.0806051018438856,0.801454243027497,0.0285509663759909
2022-10-07,59.6802972544601,-2.18208639446733,1.05140357603697,0.0811359191316496,0.793969282165495,0.0304754233160887
2022-10-14,56.464417430001,-2.13695890443242,1.03557406974837,0.0788440166748459,0.7980450775039,0.0301927140466778
2022-10-21,55.0219394775607,-2.09607479613257,1.11010128532226,0.079889147566395,0.787230312937698,0.0322611109604731
2022-10-28,57.3172914013127,-2.02651983873453,1.16343995506068,0.0827361197331316,0.777852791260417,0.0334918296049604
2022-11-04,56.710902289509,-1.97158885367142,1.14722209518495,0.0819561077719666,0.78067371308006,0.0323637827770959
2022-11-11,57.6838542365696,-1.9352890596405,1.19789554384749,0.078705056660917,0.776473758803562,0.0337982718044317
2022-11-18,46.7043889114599,-1.88400519193211,1.17356126647397,0.0775818256365337,0.780707417238265,0.032959659370473
2022-11-25,47.4681490355902,-1.89968292272138,1.13131608624069,0.0728894314276739,0.790145636929729,0.0317443917281509
2022-12-02,46.895996314198,-1.91582104757232,1.13644891178698,0.0723227243649153,0.789964347529898,0.0317244016647731
2022-12-09,45.4699519095842,-1.91904485272966,1.22862460913856,0.0747298882941962,0.775421781265521,0.0341456860510342
2022-12-16,39.84196929581,-1.82373760377,1.18901631559438,0.072411021398341,0.782753749548954,0.0331471468926865
2022-12-23,34.6003653449699,-1.82772284429129,1.27186052554214,0.0771410286389222,0.767527479470238,0.0352813895737245
2022-12-30,38.7343346266892,-1.76533499731899,1.23261752355042,0.0731001986579771,0.776389190470623,0.0343863965726767
2023-01-06,33.9849793180043,-1.74187062906486,1.24688786250266,0.0738040918198871,0.773820596122648,0.0347597301474924
2023-01-13,40.7265558438325,-1.81439044306374,1.21885900949012,0.0755517511397086,0.776057361486595,0.0337651668588287
2023-01-20,40.1896071657983,-1.74815294481094,1.21311908024226,0.0736620516884364,0.778435886435165,0.0337090878505951
2023-01-27,35.2501531170602,-1.67952414357237,1.16779258851838,0.0718460674232996,0.786037650604489,0.0324559136298054
2023-02-03,39.1676026295971,-1.65047243778573,1.10741712740865,0.068676006210033,0.796737303554416,0.0308148851041201
2023-02-10,40.5228808112005,-1.59577100431,1.16367912331557,0.0717719760650831,0.786618603970332,0.03214494388523
2023-02-17,39.7615278441151,-1.5559874387562,1.17016676661442,0.0710810686472499,0.786334336733611,0.032662706911403
2023-02-24,41.7421794192653,-1.53237214765922,1.19280595371535,0.0708473687351417,0.783552206829997,0.0334507698637738
2023-03-03,42.3955889833961,-1.5774637095344,1.21702859725913,0.0723878168379677,0.779084596856903,0.0338867362976757
2023-03-10,44.5206901207352,-1.82275915899898,1.37892949910039,0.0789860119933433,0.752377561845536,0.038299005811402
2023-03-17,47.2725571008279,-1.85133421241528,1.34160933666073,0.076617515469655,0.759282102889008,0.0373558290394196
2023-03-24,55.4183273079224,-1.74450324652272,1.31246855212272,0.0753166881227074,0.76433827195248,0.0366711465494561
2023-03-31,49.5516417404974,-1.70406102061725,1.30400734884989,0.074177797804389,0.766416840561874,0.0365052856177088
2023-04-07,52.7577106446029,-1.66223716885665,1.30129012160802,0.0732385528958405,0.767586496115374,0.036508673307984
2023-04-14,50.5927236766966,-1.62640711048848,1.25247439185798,0.0712494420257789,0.775766576398402,0.0350406368723502
2023-04-21,51.5278629728582,-1.65680352997939,1.25564682802177,0.069907013235587,0.776481966103202,0.0353792218356529
2023-04-28,42.5664450168669,-1.56977340577001,1.21907281481215,0.070090561065915,0.781161922871002,0.0345580087716767
2023-05-05,44.7154483308081,-1.51409245366674,1.23357153080743,0.0695106264132603,0.779767387434328,0.0354446052417255
2023-05-12,42.5304505077308,-1.5304841933775,1.27404890400802,0.0704916763701577,0.773663095785636,0.0369536645157856
2023-05-19,40.8725554493929,-1.46057103520576,1.3857064742541,0.073765492655084,0.756225005302142,0.0409658425610543
2023-05-26,39.9879309850926,-1.45770419681062,1.4481287600035,0.0695192419363685,0.751279345691374,0.0435409104711367
2023-06-02,39.4029169909291,-1.45419412889195,1.64771467073842,0.0749470002167746,0.720091870080336,0.0498508138669397
2023-06-09,34.7566161270948,-1.44876965427045,1.68030423932379,0.074126355489289,0.716485656421401,0.0511633651820845
2023-06-16,30.7017285714295,-1.42413579528749,1.72962846638101,0.0737048434845634,0.710409271705978,0.0531968986202484
2023-06-23,33.8061569003367,-1.36328902984958,1.75119441650144,0.067339182269179,0.713011446361646,0.0553766622833044
2023-06-30,37.1100890207031,-1.39043796500741,2.1334326801459,0.0745984518414705,0.656165249852419,0.067350480399541
2023-07-07,41.7430267263465,-1.40488473070687,2.00672742109606,0.0737138991123941,0.673708554488706,0.0631909602252799
2023-07-14,41.9188879857262,-1.43959553547421,1.92770826784925,0.0741095507770017,0.683830495526839,0.0605310666777358
2023-07-21,43.9830966412922,-1.38118273883349,1.79719623194239,0.0692879439730232,0.705252261884764,0.0573225478120269
2023-07-28,43.9207777855691,-1.45292005163842,1.91610275446584,0.0744869226009842,0.685111523104487,0.0607217928912466
2023-08-04,43.0036991806667,-1.45767372354641,2.1549663604972,0.0775910649485408,0.650748000094339,0.0689254022523135
2023-08-11,40.101676627313,-1.52398730382499,2.13731957397724,0.0791594419302926,0.651762285811519,0.068151357148089
2023-08-18,38.0267447693039,-1.47556412137844,2.14515136645415,0.0795987142675446,0.650422789723817,0.0688827946694733
2023-08-25,38.9473027673841,-1.46836365338602,2.29744728497885,0.0818855369458821,0.628201561153178,0.0742340942791398
2023-09-01,36.0143232017884,-1.43534280953379,2.40799115974817,0.0818826405483154,0.613687082854205,0.0783353513457158
2023-09-08,36.2113729791208,-1.39771527642664,2.71558475130284,0.0833875394906932,0.571623402651004,0.0894264329784653
2023-09-15,40.1001806236777,-1.30936489954552,2.53674834698374,0.0800365427518189,0.598133748146794,0.0842188722521103
2023-09-22,42.8863719273844,-1.27584267390907,3.71821090301119,0.0901009444797206,0.433325012372814,0.125016949845884
2023-09-29,31.7598297139459,-1.21972571347816,2.66561462177601,0.0875880969438836,0.57456324550013,0.0875798740453942
2023-10-06,35.5713091304115,-1.1858747968472,2.48944400319084,0.0873404000281246,0.598074675166594,0.0813330723212858
2023-10-13,33.7760987823259,-1.1713279935822,2.48262860984099,0.0869897953723434,0.599292272438266,0.081029731113138
2023-10-20,35.2474442661193,-1.12185526993496,0.874674046011002,0.0671290424374519,0.828862009277943,0.0273252537680301
2023-10-27,39.1266134371468,-1.17269632053569,1.87723981209395,0.0807366748653017,0.684762670755995,0.0607094822770125
2023-11-03,28.0646428174001,-1.19988142921489,1.5259401715511,0.0798457417393436,0.732033925171686,0.0489467824295432
2023-11-10,35.5752960417075,-1.11691203833257,1.55558075771475,0.0781028939315102,0.729677298001963,0.0498881326284123
2023-11-17,26.7113327500921,-1.16880484085863,1.42495059549461,0.078675350406876,0.746503961703954,0.0455686893874004
2023-11-24,31.7587276803569,-1.12001407389428,1.42437253084342,0.0789091431995442,0.74640405392408,0.0455056738188303
2023-12-01,28.38928402498,-1.0422142538073,1.31017766484786,0.0747597185379347,0.76518071439259,0.0422764220126038
2023-12-08,30.3024417017078,-1.08938250323997,1.40328635339254,0.0788676557136511,0.749321783134608,0.0449600099402253
2023-12-15,32.3136884438593,-1.03787229101095,1.2886462431777,0.0774352687811714,0.765843319053018,0.041472129915201
2023-12-22,32.2917863365838,-1.07666296961869,1.21759179031596,0.0814916321003055,0.771885789764412,0.0389084402362127
2023-12-29,29.9681744339113,-1.04244838825092,1.15138696783469,0.076832737955233,0.784561790866029,0.0370464669134746
2024-01-05,23.7658898501573,-1.02200114975383,1.3207943834777,0.0806990777789341,0.759027880595304,0.0423869876109645
2024-01-12,28.2306060074243,-1.04714294490929,1.16815673805145,0.0783766483725298,0.781240227944097,0.0374008336633191
2024-01-19,32.3878108141485,-0.672372650678935,1.57238235088533,0.0837329946108497,0.722520645861364,0.050676859075602
2024-01-26,30.7768830694546,-0.618782456119788,1.76079931217779,0.0839942513988905,0.697456308008644,0.0568591371635025
2024-02-02,34.3509362516759,-0.481527875871793,1.48753633179572,0.0797171668344326,0.737069381935743,0.0473839915417844
2024-02-09,32.0647521815146,-0.548292263071753,1.54921360463902,0.0804978678474991,0.728369306783358,0.050719395422019
2024-02-16,33.2532613720631,-0.537323517138168,1.55867835375136,0.0814873888796958,0.726444897529664,0.0508492600125568
2024-02-23,34.6467414620208,-0.340503911371404,1.15027104013961,0.0739525806849723,0.786974393419106,0.0362532260887605
2024-03-01,37.6520364277368,-0.0485169160773671,1.14125926691159,0.075562895090416,0.78634068393299,0.0370986840969404
2024-03-08,33.2470331803277,-0.199284529035886,1.14338022444893,0.0737894343362697,0.787578893432386,0.0372130643886782
2024-03-15,35.1003484883181,-0.0613648214922887,1.23892965015504,0.0772126652852692,0.771943040503245,0.0418467698297503
2024-03-22,37.6489516102267,-0.102053543689096,1.33692916857994,0.0788936279920814,0.757634003393265,0.0461244693583873
2024-03-29,39.0637560698348,-0.0549730693336831,1.45391850464961,0.0808931122904528,0.740462800229156,0.0516576257826053
2024-04-05,40.155592866992,-0.0553507135974996,1.58559933830736,0.0829245398731574,0.721378645928101,0.0574166008588938
2024-04-12,38.3730810628932,-0.117615583594722,1.72977847366225,0.0847916183477752,0.700881416550987,0.0633924242849118
2024-04-19,39.6507428807598,-0.0633414002204868,1.96479362377598,0.0895831435939984,0.665680931727352,0.0732882128034388
2024-04-26,39.5360122705518,0.0737457062132102,1.92283817375411,0.0884161475056119,0.672229490738962,0.071907552878306
2024-05-03,41.7647142181605,0.30395858265604,1.99926984856885,0.0872906462667601,0.663076247502808,0.0756778969100469
2024-05-10,41.5863023457431,0.14438332406397,2.00001606797044,0.0884894476810292,0.661757581353286,0.0753976603059235
2024-05-17,42.3804626417727,0.150038165339317,2.20555202742861,0.0908490898876453,0.632612595311642,0.0840778510387329
2024-05-24,41.6585562885267,0.230421455691913,2.36310632520117,0.0794092046619792,0.622105883775616,0.092916682808827
2024-05-31,40.2198804257903,0.440565874283294,2.88108507825965,0.0995171004309326,0.535850050147221,0.111053719882908
2024-06-07,32.35690574835,0.29144416644121,2.99193397072333,0.0946983588550627,0.526014572810202,0.115250531749528
2024-06-14,31.0124136568434,0.551618219693893,2.79068132264574,0.102632189190814,0.545663691110352,0.102071512448892
2024-06-21,40.2672813803366,0.3196236499336,1.49384320980702,0.0801453522383768,0.73569421334542,0.0517838810801814
2024-06-28,39.0962567423703,0.235023095201382,1.18671448553176,0.070733649430232,0.784333200958569,0.0402756834349993
2024-07-05,34.7289462012697,0.152979083760821,1.05974864723437,0.0720903150535562,0.799880371531264,0.0344109311112989
2024-07-12,37.6041422374829,0.055830645364648,0.984956835185968,0.0721783811993463,0.809661961809251,0.0309515522130513
2024-07-19,34.568869418357,-0.00172062752843617,0.924642323537491,0.0710526432338118,0.818615837930601,0.0283511593248013
2024-07-26,31.7509330112294,-0.226898841129945,0.838450369262764,0.0651073990753612,0.835327127902847,0.0235510203448558
2024-08-02,31.8325926360002,-0.195308801310814,0.786198807951285,0.0649468208273368,0.842333339931146,0.0222236970314306
2024-08-09,37.4975930003973,-0.200479855039999,0.757855803785647,0.063378492245018,0.847436319315964,0.0211160498801315
2024-08-16,33.3892010640813,-0.280020889157103,0.601009884097628,0.0538838033300418,0.876351880230697,0.0141471517795911
2024-08-23,35.9552523002669,-0.149665545327066,0.72602378430994,0.0627984024530919,0.85207956883093,0.0206765830871015
2024-08-30,36.6123926736813,-0.277118108073758,0.603215245600542,0.0510037968839895,0.878444950414355,0.0141974949548135
2024-09-06,36.7297820285029,-0.262290773390986,0.681041066489817,0.0577590800449682,0.862384460895132,0.0177518106666472
2024-09-13,38.6445032067473,-0.259958298785728,0.69009531290862,0.0583298614811997,0.860706604404136,0.0181244520007616
2024-09-20,39.3550175302134,-0.278215589744188,0.57992312564349,0.0499532566168246,0.882394642811943,0.0132713488890782
2024-09-27,40.2454626283882,-0.253779561574682,0.724570059938212,0.0605867723200021,0.854260053290838,0.0193691428558114
2024-10-04,38.622420663752,-0.209666394658691,0.717580630343086,0.0616003236376299,0.854256994742587,0.0200536153238192
2024-10-11,39.974164753039,-0.198213781570696,0.720251320810527,0.062304490034329,0.85326061426368,0.0200806448011725
2024-10-18,39.5507850194393,-0.173117933029561,0.699704919276937,0.0618409246844067,0.856367331514813,0.019609253032773
2024-10-25,39.722149646085,-0.273487436449047,0.560269452702764,0.0500133950922353,0.88488487966842,0.0131172842558848
2024-11-01,40.0884555609229,-0.373628510315514,0.738897984713611,0.0617752003335965,0.851263106215377,0.020419332268228
2024-11-08,40.5742113552154,-0.395449272246098,0.750604654771655,0.0618065651717855,0.849704338256973,0.0208866651558663
2024-11-15,42.0021388460003,-0.520018541154425,0.93491663815549,0.0675108652014167,0.820617030414265,0.0279267421528274
2024-11-22,41.3466274536745,-0.537845980390524,0.971319094662409,0.0680835574368017,0.815285791878612,0.0294810629011332
2024-11-29,43.3893867679161,-0.514242429397187,0.918835422828913,0.0668351490624679,0.823291863096932,0.0273591152505993
2024-12-06,39.8625433159061,-0.555399483905775,1.038328288529,0.0677545371500692,0.806821034403977,0.0326098424000066
2024-12-13,42.3217933595661,-0.554601631184554,1.03820328184687,0.0679638657836887,0.806694872114667,0.0327040949575257
2024-12-20,40.10109047484,-0.546167808340938,0.945780262428623,0.0680500692900745,0.818795428502805,0.0289570238998418
2024-12-27,41.2387680345184,-0.587021077562853,1.05740781176445,0.0702065880869506,0.802251652536897,0.0332450903427209
2025-01-03,39.991331589197,-0.531197319566557,0.924938860391029,0.0677216901541201,0.82180315161224,0.0281312818702843
2025-01-10,34.437326569232,-0.433519507354386,0.777747047125817,0.0603854660858193,0.847374946575545,0.0220979047910889
2025-01-17,36.8432903243308,-0.466945545952829,0.871788012803885,0.0636504412360064,0.832198686612178,0.0249901534592707
2025-01-24,39.3072056132085,-0.469743851439612,0.893728138404186,0.0633057564712911,0.829550229921036,0.0253250120418851
2025-01-31,39.9505719366553,-0.407710977989707,0.782940112093427,0.0622065834722733,0.845116173853121,0.0225221688526561
2025-02-07,38.5739164643418,-0.292642026641506,0.610237218882869,0.0554740877949111,0.873704087856851,0.0162574513479617
2025-02-14,40.5261353902313,-0.29478267616275,0.615991702716938,0.0558036732471688,0.872668625225783,0.0165519499875101
2025-02-21,40.9005917618794,-0.289938627825638,0.605215889189651,0.0550615688856454,0.874780736538025,0.0161306606478807
2025-02-28,40.7999571042854,-0.184678838749455,0.679823111666019,0.0606228279255839,0.860160316625142,0.0199383667709635
2025-03-07,42.4728625144532,-0.179866616263993,0.673101772754523,0.0600846794237898,0.861479790461758,0.0198586964857101
2025-03-14,44.313711402702,-0.201476632517035,0.666994996523998,0.0594479202256559,0.862866648431681,0.0195690324212074
2025-03-21,41.9692852801088,-0.154993683993891,0.705898862552249,0.0618412687367399,0.855721720911023,0.0213550564562283
2025-03-28,40.1731188283399,-0.326097915944004,0.699111320965789,0.0592429092283319,0.859147010426176,0.020254901319137
2025-04-04,39.4282440399575,-0.34833117696404,0.742008245181717,0.0608278390655926,0.85218052097548,0.0219239495711177
2025-04-11,45.369574905012,-0.275133829259867,0.686515581544371,0.0606753971421764,0.859362189839977,0.0181489687215912
2025-04-18,44.42299004751,-0.286244648255099,0.707988747548184,0.0629417661286577,0.854650901223402,0.0193330910438612
2025-04-25,46.8329646131832,-0.198551847997443,0.770069165864132,0.0666125382921574,0.843294670494557,0.0230242948287196
2025-05-02,48.827374681814,-0.0763296785577321,0.759191770174219,0.0664281391616487,0.844879525046242,0.0236053988144352
2025-05-09,48.4664529915488,0.0154702020672611,0.740122042471329,0.0654909157575261,0.848227314503098,0.0234514590537872
2025-05-16,48.5768912892991,0.109637716824328,0.713039524761459,0.0637136676223206,0.853308744200715,0.023003193344315
2025-05-23,48.9764329739811,0.103679498048403,0.716582361635033,0.0637093248868776,0.852820840074353,0.0230491221733504
2025-05-30,46.7132655077357,0.0587955442897866,0.744268737916497,0.0652952615058807,0.847859771188414,0.0238207585639651
2025-06-06,44.0702336106983,0.0596611279415169,0.753053111108502,0.0656241393546615,0.846477041699217,0.0242571485257585
2025-06-13,42.4622309257848,-0.0480726299307691,0.857399234406639,0.0707354569574163,0.828425735644778,0.0274337736089721
2025-06-20,43.3265631079326,-0.0332568477635904,0.831904727980746,0.0691356558024394,0.833121399572874,0.0268280514257863
2025-06-27,38.5657971969735,NA,NA,NA,NA,NA
