"Date","sigma_hat","mu","w","a1","b1","lam_loss_pos_1"
2000-01-14,38.719285070684,NA,NA,NA,NA,NA
2000-01-21,40.4930360089361,NA,NA,NA,NA,NA
2000-01-28,45.1937561296947,NA,NA,NA,NA,NA
2000-02-04,49.395021475505,NA,NA,NA,NA,NA
2000-02-11,44.4270586485918,NA,NA,NA,NA,NA
2000-02-18,40.5545349024199,NA,NA,NA,NA,NA
2000-02-25,37.3263482815392,NA,NA,NA,NA,NA
2000-03-03,34.4149440652567,NA,NA,NA,NA,NA
2000-03-10,31.8770967901266,NA,NA,NA,NA,NA
2000-03-17,33.6383668756529,NA,NA,NA,NA,NA
2000-03-24,31.2213667069903,NA,NA,NA,NA,NA
2000-03-31,31.2630124156827,NA,NA,NA,NA,NA
2000-04-07,34.4547875763464,NA,NA,NA,NA,NA
2000-04-14,32.1410736006437,NA,NA,NA,NA,NA
2000-04-21,29.2916561377911,NA,NA,NA,NA,NA
2000-04-28,31.9755104485854,NA,NA,NA,NA,NA
2000-05-05,29.6680070394142,NA,NA,NA,NA,NA
2000-05-12,27.6332841829762,NA,NA,NA,NA,NA
2000-05-19,25.8307472561351,NA,NA,NA,NA,NA
2000-05-26,20.4273640156362,NA,NA,NA,NA,NA
2000-06-02,22.7436882699237,NA,NA,NA,NA,NA
2000-06-09,21.7038783688043,NA,NA,NA,NA,NA
2000-06-16,20.4409036685389,NA,NA,NA,NA,NA
2000-06-23,18.1514596328681,NA,NA,NA,NA,NA
2000-06-30,20.539645379143,NA,NA,NA,NA,NA
2000-07-07,19.5996266150747,NA,NA,NA,NA,NA
2000-07-14,18.7052406145387,NA,NA,NA,NA,NA
2000-07-21,18.4620157054038,NA,NA,NA,NA,NA
2000-07-28,17.6186340123137,NA,NA,NA,NA,NA
2000-08-04,15.9789451752959,NA,NA,NA,NA,NA
2000-08-11,15.3537792108474,NA,NA,NA,NA,NA
2000-08-18,14.9205926650579,NA,NA,NA,NA,NA
2000-08-25,14.3978875032403,NA,NA,NA,NA,NA
2000-09-01,13.7828529510626,NA,NA,NA,NA,NA
2000-09-08,14.8358741863649,NA,NA,NA,NA,NA
2000-09-15,14.269424173956,NA,NA,NA,NA,NA
2000-09-22,15.7147368714282,NA,NA,NA,NA,NA
2000-09-29,18.3720175375953,NA,NA,NA,NA,NA
2000-10-06,17.6106280051874,NA,NA,NA,NA,NA
2000-10-13,16.6105631229388,NA,NA,NA,NA,NA
2000-10-20,20.3571904683648,NA,NA,NA,NA,NA
2000-10-27,19.4662680816618,NA,NA,NA,NA,NA
2000-11-03,18.3566266194653,NA,NA,NA,NA,NA
2000-11-10,17.7298409867732,NA,NA,NA,NA,NA
2000-11-17,20.2862609571839,NA,NA,NA,NA,NA
2000-11-24,19.7061507169667,NA,NA,NA,NA,NA
2000-12-01,23.0171552288535,NA,NA,NA,NA,NA
2000-12-08,25.744461996327,NA,NA,NA,NA,NA
2000-12-15,24.2493975314951,NA,NA,NA,NA,NA
2000-12-22,27.2866044922514,NA,NA,NA,NA,NA
2000-12-29,28.7509071980381,NA,NA,NA,NA,NA
2001-01-05,27.0227695416534,NA,NA,NA,NA,NA
2001-01-12,25.4478876656019,NA,NA,NA,NA,NA
2001-01-19,23.9686644398092,NA,NA,NA,NA,NA
2001-01-26,22.30490753884,NA,NA,NA,NA,NA
2001-02-02,21.0104671210343,NA,NA,NA,NA,NA
2001-02-09,23.1486294172901,NA,NA,NA,NA,NA
2001-02-16,21.5840373716342,NA,NA,NA,NA,NA
2001-02-23,22.866203752201,NA,NA,NA,NA,NA
2001-03-02,27.0652161760423,NA,NA,NA,NA,NA
2001-03-09,28.3713502976502,NA,NA,NA,NA,NA
2001-03-16,26.5560685346645,NA,NA,NA,NA,NA
2001-03-23,31.6299149562,NA,NA,NA,NA,NA
2001-03-30,36.415264620201,NA,NA,NA,NA,NA
2001-04-06,34.0139436295958,NA,NA,NA,NA,NA
2001-04-13,35.1974721954384,NA,NA,NA,NA,NA
2001-04-20,32.7199940625578,NA,NA,NA,NA,NA
2001-04-27,30.0215178891556,NA,NA,NA,NA,NA
2001-05-04,28.0696145206888,NA,NA,NA,NA,NA
2001-05-11,30.3763635999638,NA,NA,NA,NA,NA
2001-05-18,28.3757859243558,NA,NA,NA,NA,NA
2001-05-25,26.4180974260796,NA,NA,NA,NA,NA
2001-06-01,28.7589751944057,NA,NA,NA,NA,NA
2001-06-08,30.6252694782825,NA,NA,NA,NA,NA
2001-06-15,28.3888820901624,NA,NA,NA,NA,NA
2001-06-22,31.9273897079499,NA,NA,NA,NA,NA
2001-06-29,29.2199113145577,NA,NA,NA,NA,NA
2001-07-06,27.6212943498284,NA,NA,NA,NA,NA
2001-07-13,31.8386993658066,NA,NA,NA,NA,NA
2001-07-20,34.5934387513349,NA,NA,NA,NA,NA
2001-07-27,38.2906981086376,NA,NA,NA,NA,NA
2001-08-03,40.5333757759411,NA,NA,NA,NA,NA
2001-08-10,37.3421235081034,NA,NA,NA,NA,NA
2001-08-17,41.8856772198641,NA,NA,NA,NA,NA
2001-08-24,37.9364776129322,NA,NA,NA,NA,NA
2001-08-31,35.1974541096704,NA,NA,NA,NA,NA
2001-09-07,38.4422533074681,NA,NA,NA,NA,NA
2001-09-14,45.3636300879222,NA,NA,NA,NA,NA
2001-09-21,55.1833219613324,NA,NA,NA,NA,NA
2001-09-28,66.4078601030793,NA,NA,NA,NA,NA
2001-10-05,60.4526088044305,NA,NA,NA,NA,NA
2001-10-12,53.8680839919101,NA,NA,NA,NA,NA
2001-10-19,48.9279912422903,NA,NA,NA,NA,NA
2001-10-26,53.4067152998405,NA,NA,NA,NA,NA
2001-11-02,48.7836695291461,NA,NA,NA,NA,NA
2001-11-09,52.4882784992217,NA,NA,NA,NA,NA
2001-11-16,47.9035747433738,NA,NA,NA,NA,NA
2001-11-23,43.9295101588996,NA,NA,NA,NA,NA
2001-11-30,40.0578038424007,NA,NA,NA,NA,NA
2001-12-07,44.776872194502,NA,NA,NA,NA,NA
2001-12-14,41.1881167506809,NA,NA,NA,NA,NA
2001-12-21,47.5065529082994,NA,NA,NA,NA,NA
2001-12-28,43.2455298882652,NA,NA,NA,NA,NA
2002-01-04,39.7061743585759,NA,NA,NA,NA,NA
2002-01-11,36.4861558770032,NA,NA,NA,NA,NA
2002-01-18,39.9375525564724,NA,NA,NA,NA,NA
2002-01-25,36.5394498454812,NA,NA,NA,NA,NA
2002-02-01,33.8114920632979,NA,NA,NA,NA,NA
2002-02-08,25.5932784278623,NA,NA,NA,NA,NA
2002-02-15,30.310270514476,NA,NA,NA,NA,NA
2002-02-22,28.2860544738869,NA,NA,NA,NA,NA
2002-03-01,32.004251986107,NA,NA,NA,NA,NA
2002-03-08,30.0517761234373,NA,NA,NA,NA,NA
2002-03-15,28.1606603343117,NA,NA,NA,NA,NA
2002-03-22,26.2684318505696,NA,NA,NA,NA,NA
2002-03-29,24.6445600388724,NA,NA,NA,NA,NA
2002-04-05,23.2095521061471,NA,NA,NA,NA,NA
2002-04-12,25.1293823974207,NA,NA,NA,NA,NA
2002-04-19,24.4660651602958,NA,NA,NA,NA,NA
2002-04-26,23.2517154792808,NA,NA,NA,NA,NA
2002-05-03,26.2517511809827,NA,NA,NA,NA,NA
2002-05-10,24.594613095962,NA,NA,NA,NA,NA
2002-05-17,26.3029259601179,NA,NA,NA,NA,NA
2002-05-24,24.7327561151664,NA,NA,NA,NA,NA
2002-05-31,28.0145293181561,NA,NA,NA,NA,NA
2002-06-07,27.9034678324086,NA,NA,NA,NA,NA
2002-06-14,32.3842900411708,NA,NA,NA,NA,NA
2002-06-21,37.7635225687569,NA,NA,NA,NA,NA
2002-06-28,39.5382250971839,NA,NA,NA,NA,NA
2002-07-05,36.3227436764934,NA,NA,NA,NA,NA
2002-07-12,35.962065688518,NA,NA,NA,NA,NA
2002-07-19,42.91650159074,NA,NA,NA,NA,NA
2002-07-26,49.8142446459193,NA,NA,NA,NA,NA
2002-08-02,56.9998446069617,NA,NA,NA,NA,NA
2002-08-09,51.0958229898386,NA,NA,NA,NA,NA
2002-08-16,46.8586659308997,NA,NA,NA,NA,NA
2002-08-23,47.2665681880825,NA,NA,NA,NA,NA
2002-08-30,43.4019608866396,NA,NA,NA,NA,NA
2002-09-06,47.8595326190778,NA,NA,NA,NA,NA
2002-09-13,54.6116804831353,NA,NA,NA,NA,NA
2002-09-20,59.06965627826,NA,NA,NA,NA,NA
2002-09-27,69.0194795551149,NA,NA,NA,NA,NA
2002-10-04,75.9188637726057,NA,NA,NA,NA,NA
2002-10-11,88.2489849761891,NA,NA,NA,NA,NA
2002-10-18,78.6030881491405,NA,NA,NA,NA,NA
2002-10-25,70.6586391730375,NA,NA,NA,NA,NA
2002-11-01,75.8344652612602,NA,NA,NA,NA,NA
2002-11-08,67.5149405253163,NA,NA,NA,NA,NA
2002-11-15,59.2613946033145,NA,NA,NA,NA,NA
2002-11-22,53.6444774318296,NA,NA,NA,NA,NA
2002-11-29,49.0230710337581,NA,NA,NA,NA,NA
2002-12-06,44.6043640718945,NA,NA,NA,NA,NA
2002-12-13,51.0255481984439,NA,NA,NA,NA,NA
2002-12-20,56.7801164320039,NA,NA,NA,NA,NA
2002-12-27,51.2482927088008,NA,NA,NA,NA,NA
2003-01-03,55.426894270642,NA,NA,NA,NA,NA
2003-01-10,50.5148876544911,NA,NA,NA,NA,NA
2003-01-17,41.4565496974535,NA,NA,NA,NA,NA
2003-01-24,46.4171806189943,NA,NA,NA,NA,NA
2003-01-31,53.4952850361304,NA,NA,NA,NA,NA
2003-02-07,54.8190141498731,NA,NA,NA,NA,NA
2003-02-14,59.1836995409517,NA,NA,NA,NA,NA
2003-02-21,53.6164987780817,NA,NA,NA,NA,NA
2003-02-28,45.3810890576574,NA,NA,NA,NA,NA
2003-03-07,48.222222141763,NA,NA,NA,NA,NA
2003-03-14,55.6616670442122,NA,NA,NA,NA,NA
2003-03-21,50.7089604493149,NA,NA,NA,NA,NA
2003-03-28,46.5362205391623,NA,NA,NA,NA,NA
2003-04-04,53.3152215870144,NA,NA,NA,NA,NA
2003-04-11,48.6720662660196,NA,NA,NA,NA,NA
2003-04-18,44.2888165937195,NA,NA,NA,NA,NA
2003-04-25,40.7088521630275,NA,NA,NA,NA,NA
2003-05-02,39.3249050200104,NA,NA,NA,NA,NA
2003-05-09,36.2428875917584,NA,NA,NA,NA,NA
2003-05-16,35.5674538002289,NA,NA,NA,NA,NA
2003-05-23,32.9888146892329,NA,NA,NA,NA,NA
2003-05-30,37.6583097243169,NA,NA,NA,NA,NA
2003-06-06,34.9219434803014,NA,NA,NA,NA,NA
2003-06-13,32.561878937089,NA,NA,NA,NA,NA
2003-06-20,30.2903294032776,NA,NA,NA,NA,NA
2003-06-27,28.3443928185575,NA,NA,NA,NA,NA
2003-07-04,31.1407828208916,NA,NA,NA,NA,NA
2003-07-11,33.2277457998342,NA,NA,NA,NA,NA
2003-07-18,30.9004628544258,NA,NA,NA,NA,NA
2003-07-25,28.5419943816644,NA,NA,NA,NA,NA
2003-08-01,29.5478849938219,NA,NA,NA,NA,NA
2003-08-08,27.6458279712068,NA,NA,NA,NA,NA
2003-08-15,30.2948015959045,NA,NA,NA,NA,NA
2003-08-22,28.3828683869801,NA,NA,NA,NA,NA
2003-08-29,29.4460954241602,NA,NA,NA,NA,NA
2003-09-05,32.1780307540929,NA,NA,NA,NA,NA
2003-09-12,30.0071034723906,NA,NA,NA,NA,NA
2003-09-19,32.6791171704411,NA,NA,NA,NA,NA
2003-09-26,30.4767877217384,NA,NA,NA,NA,NA
2003-10-03,35.3254829039719,NA,NA,NA,NA,NA
2003-10-10,32.7997782843084,NA,NA,NA,NA,NA
2003-10-17,30.3546659751282,NA,NA,NA,NA,NA
2003-10-24,28.3206180038753,NA,NA,NA,NA,NA
2003-10-31,31.6149829018665,NA,NA,NA,NA,NA
2003-11-07,29.6541686067828,NA,NA,NA,NA,NA
2003-11-14,27.762827527178,NA,NA,NA,NA,NA
2003-11-21,28.0069669008803,NA,NA,NA,NA,NA
2003-11-28,31.1771284897937,NA,NA,NA,NA,NA
2003-12-05,29.1784485829866,NA,NA,NA,NA,NA
2003-12-12,27.3615245820661,NA,NA,NA,NA,NA
2003-12-19,27.5571179946626,NA,NA,NA,NA,NA
2003-12-26,25.7251675691172,NA,NA,NA,NA,NA
2004-01-02,22.9323171216185,NA,NA,NA,NA,NA
2004-01-09,21.7985997273045,NA,NA,NA,NA,NA
2004-01-16,20.5165654697261,NA,NA,NA,NA,NA
2004-01-23,19.4986125436727,NA,NA,NA,NA,NA
2004-01-30,18.5626223708335,NA,NA,NA,NA,NA
2004-02-06,20.9700109432225,NA,NA,NA,NA,NA
2004-02-13,19.3791785226049,NA,NA,NA,NA,NA
2004-02-20,18.4083695308205,NA,NA,NA,NA,NA
2004-02-27,17.52500028184,NA,NA,NA,NA,NA
2004-03-05,18.5486220904319,NA,NA,NA,NA,NA
2004-03-12,17.7212996996374,NA,NA,NA,NA,NA
2004-03-19,20.6872553270569,NA,NA,NA,NA,NA
2004-03-26,23.3223800952366,NA,NA,NA,NA,NA
2004-04-02,20.1977831996066,NA,NA,NA,NA,NA
2004-04-09,19.3672306654636,NA,NA,NA,NA,NA
2004-04-16,18.4754689948131,NA,NA,NA,NA,NA
2004-04-23,20.174067224133,NA,NA,NA,NA,NA
2004-04-30,19.1233516110124,NA,NA,NA,NA,NA
2004-05-07,22.0859811062654,NA,NA,NA,NA,NA
2004-05-14,24.844629996009,NA,NA,NA,NA,NA
2004-05-21,26.9222616403805,NA,NA,NA,NA,NA
2004-05-28,25.138963195462,NA,NA,NA,NA,NA
2004-06-04,23.5234850335953,NA,NA,NA,NA,NA
2004-06-11,22.2448933050399,NA,NA,NA,NA,NA
2004-06-18,20.9099568870264,NA,NA,NA,NA,NA
2004-06-25,19.811339875513,NA,NA,NA,NA,NA
2004-07-02,21.3302930271812,NA,NA,NA,NA,NA
2004-07-09,22.9302960323462,NA,NA,NA,NA,NA
2004-07-16,24.3948964645469,NA,NA,NA,NA,NA
2004-07-23,27.0586398576868,NA,NA,NA,NA,NA
2004-07-30,29.1993845712972,NA,NA,NA,NA,NA
2004-08-06,27.3231812254453,NA,NA,NA,NA,NA
2004-08-13,30.5067674672714,NA,NA,NA,NA,NA
2004-08-20,32.3266650690159,NA,NA,NA,NA,NA
2004-08-27,30.0503237540656,NA,NA,NA,NA,NA
2004-09-03,28.1699666697642,NA,NA,NA,NA,NA
2004-09-10,26.4245577205681,NA,NA,NA,NA,NA
2004-09-17,26.5128323290913,NA,NA,NA,NA,NA
2004-09-24,24.9584028441396,NA,NA,NA,NA,NA
2004-10-01,26.8232493101579,NA,NA,NA,NA,NA
2004-10-08,25.2027452274569,NA,NA,NA,NA,NA
2004-10-15,23.73491163283,NA,NA,NA,NA,NA
2004-10-22,24.360004236298,NA,NA,NA,NA,NA
2004-10-29,22.8520976658383,NA,NA,NA,NA,NA
2004-11-05,21.5598375998933,NA,NA,NA,NA,NA
2004-11-12,20.5205177510785,NA,NA,NA,NA,NA
2004-11-19,19.3914952622304,NA,NA,NA,NA,NA
2004-11-26,17.8293487109851,NA,NA,NA,NA,NA
2004-12-03,16.9754828866103,NA,NA,NA,NA,NA
2004-12-10,16.1925558292445,NA,NA,NA,NA,NA
2004-12-17,15.8987789870204,NA,NA,NA,NA,NA
2004-12-24,15.2467925383812,NA,NA,NA,NA,NA
2004-12-31,14.7337162832559,NA,NA,NA,NA,NA
2005-01-07,14.1134491220693,NA,NA,NA,NA,NA
2005-01-14,13.7331109848789,NA,NA,NA,NA,NA
2005-01-21,14.7734713706988,NA,NA,NA,NA,NA
2005-01-28,14.1492264116762,NA,NA,NA,NA,NA
2005-02-04,14.6106858133054,NA,NA,NA,NA,NA
2005-02-11,14.1871334789223,NA,NA,NA,NA,NA
2005-02-18,13.787862548144,NA,NA,NA,NA,NA
2005-02-25,14.0843336302556,NA,NA,NA,NA,NA
2005-03-04,14.3931753154183,NA,NA,NA,NA,NA
2005-03-11,13.9585237095802,NA,NA,NA,NA,NA
2005-03-18,15.2574654962521,NA,NA,NA,NA,NA
2005-03-25,16.8155625364717,NA,NA,NA,NA,NA
2005-04-01,16.0465198373154,NA,NA,NA,NA,NA
2005-04-08,15.0858813505432,NA,NA,NA,NA,NA
2005-04-15,14.5926448399037,NA,NA,NA,NA,NA
2005-04-22,16.8603583749704,NA,NA,NA,NA,NA
2005-04-29,18.6902959727054,NA,NA,NA,NA,NA
2005-05-06,21.065124151697,NA,NA,NA,NA,NA
2005-05-13,20.091634833021,NA,NA,NA,NA,NA
2005-05-20,19.7699241406361,NA,NA,NA,NA,NA
2005-05-27,18.8351758023371,NA,NA,NA,NA,NA
2005-06-03,17.8720669651857,NA,NA,NA,NA,NA
2005-06-10,17.0593800968009,NA,NA,NA,NA,NA
2005-06-17,16.3681314822101,NA,NA,NA,NA,NA
2005-06-24,15.7689850719761,NA,NA,NA,NA,NA
2005-07-01,17.3611345231071,NA,NA,NA,NA,NA
2005-07-08,16.6593893166436,NA,NA,NA,NA,NA
2005-07-15,17.1144537274189,NA,NA,NA,NA,NA
2005-07-22,16.5025050596289,NA,NA,NA,NA,NA
2005-07-29,15.9096705691666,NA,NA,NA,NA,NA
2005-08-05,15.8594499866058,NA,NA,NA,NA,NA
2005-08-12,16.8597092419747,NA,NA,NA,NA,NA
2005-08-19,16.1860051230253,NA,NA,NA,NA,NA
2005-08-26,16.5386213890299,NA,NA,NA,NA,NA
2005-09-02,19.1293288528996,NA,NA,NA,NA,NA
2005-09-09,18.2852976917723,NA,NA,NA,NA,NA
2005-09-16,17.5886535139554,NA,NA,NA,NA,NA
2005-09-23,18.1961179048034,NA,NA,NA,NA,NA
2005-09-30,19.0449236370365,NA,NA,NA,NA,NA
2005-10-07,18.2964946155166,NA,NA,NA,NA,NA
2005-10-14,19.4018195914416,NA,NA,NA,NA,NA
2005-10-21,19.1460077531645,NA,NA,NA,NA,NA
2005-10-28,21.8721521780615,NA,NA,NA,NA,NA
2005-11-04,20.4294649488705,NA,NA,NA,NA,NA
2005-11-11,19.5769387908907,NA,NA,NA,NA,NA
2005-11-18,18.7376684375802,NA,NA,NA,NA,NA
2005-11-25,17.7991595962922,NA,NA,NA,NA,NA
2005-12-02,17.0199120149765,NA,NA,NA,NA,NA
2005-12-09,16.2781173226542,NA,NA,NA,NA,NA
2005-12-16,17.2968727715623,NA,NA,NA,NA,NA
2005-12-23,16.5934802479489,NA,NA,NA,NA,NA
2005-12-30,15.9828234165501,NA,NA,NA,NA,NA
2006-01-06,15.5537017706895,NA,NA,NA,NA,NA
2006-01-13,15.0475115502707,NA,NA,NA,NA,NA
2006-01-20,14.4547758055645,NA,NA,NA,NA,NA
2006-01-27,16.4323260096602,NA,NA,NA,NA,NA
2006-02-03,15.9355542593302,NA,NA,NA,NA,NA
2006-02-10,15.2725991159402,NA,NA,NA,NA,NA
2006-02-17,14.7792148629686,NA,NA,NA,NA,NA
2006-02-24,14.3553934604871,NA,NA,NA,NA,NA
2006-03-03,13.9844109989809,NA,NA,NA,NA,NA
2006-03-10,16.313344211747,NA,NA,NA,NA,NA
2006-03-17,15.6145683536025,NA,NA,NA,NA,NA
2006-03-24,15.1023696751603,NA,NA,NA,NA,NA
2006-03-31,14.4414147535543,NA,NA,NA,NA,NA
2006-04-07,15.17737617456,NA,NA,NA,NA,NA
2006-04-14,14.7175151168846,NA,NA,NA,NA,NA
2006-04-21,16.8201100802794,NA,NA,NA,NA,NA
2006-04-28,16.2166141013415,NA,NA,NA,NA,NA
2006-05-05,16.6007022053421,NA,NA,NA,NA,NA
2006-05-12,15.8997243761393,NA,NA,NA,NA,NA
2006-05-19,17.5665450081606,NA,NA,NA,NA,NA
2006-05-26,20.7658556896771,NA,NA,NA,NA,NA
2006-06-02,19.4973446919288,NA,NA,NA,NA,NA
2006-06-09,21.6841455171479,NA,NA,NA,NA,NA
2006-06-16,25.4276329914967,NA,NA,NA,NA,NA
2006-06-23,27.6165816503358,NA,NA,NA,NA,NA
2006-06-30,25.9638260805461,NA,NA,NA,NA,NA
2006-07-07,24.5161797966297,NA,NA,NA,NA,NA
2006-07-14,22.9827687970294,NA,NA,NA,NA,NA
2006-07-21,26.7828762628045,NA,NA,NA,NA,NA
2006-07-28,25.1096931307602,NA,NA,NA,NA,NA
2006-08-04,23.8314796415907,NA,NA,NA,NA,NA
2006-08-11,22.4266277802287,NA,NA,NA,NA,NA
2006-08-18,23.5508625561397,NA,NA,NA,NA,NA
2006-08-25,22.3819690652426,NA,NA,NA,NA,NA
2006-09-01,19.7004033737377,NA,NA,NA,NA,NA
2006-09-08,18.779679813566,NA,NA,NA,NA,NA
2006-09-15,20.949530514431,NA,NA,NA,NA,NA
2006-09-22,19.9769135408033,NA,NA,NA,NA,NA
2006-09-29,18.8455135839467,NA,NA,NA,NA,NA
2006-10-06,17.9963824879538,NA,NA,NA,NA,NA
2006-10-13,17.2913305742226,NA,NA,NA,NA,NA
2006-10-20,16.6346555270024,NA,NA,NA,NA,NA
2006-10-27,18.2940147778526,NA,NA,NA,NA,NA
2006-11-03,17.3127161648559,NA,NA,NA,NA,NA
2006-11-10,18.0725497103835,NA,NA,NA,NA,NA
2006-11-17,17.3034405212507,NA,NA,NA,NA,NA
2006-11-24,16.4110788401848,NA,NA,NA,NA,NA
2006-12-01,17.1955150524532,NA,NA,NA,NA,NA
2006-12-08,19.9252283584209,NA,NA,NA,NA,NA
2006-12-15,18.98602598874,NA,NA,NA,NA,NA
2006-12-22,18.2151504647659,NA,NA,NA,NA,NA
2006-12-29,19.4393514217853,NA,NA,NA,NA,NA
2007-01-05,18.5157216441998,NA,NA,NA,NA,NA
2007-01-12,17.7254617231154,NA,NA,NA,NA,NA
2007-01-19,16.9735268068422,NA,NA,NA,NA,NA
2007-01-26,16.1417701236822,NA,NA,NA,NA,NA
2007-02-02,15.3026775552447,NA,NA,NA,NA,NA
2007-02-09,14.8063358033763,NA,NA,NA,NA,NA
2007-02-16,14.2294738835388,NA,NA,NA,NA,NA
2007-02-23,15.2939981037391,NA,NA,NA,NA,NA
2007-03-02,13.7501201942325,NA,NA,NA,NA,NA
2007-03-09,16.9029178439505,NA,NA,NA,NA,NA
2007-03-16,16.2977450867844,NA,NA,NA,NA,NA
2007-03-23,19.3601110403821,NA,NA,NA,NA,NA
2007-03-30,18.6672165807995,NA,NA,NA,NA,NA
2007-04-06,20.0867196490421,NA,NA,NA,NA,NA
2007-04-13,19.1372413364548,NA,NA,NA,NA,NA
2007-04-20,18.2488981646527,NA,NA,NA,NA,NA
2007-04-27,17.5900034177311,NA,NA,NA,NA,NA
2007-05-04,18.98483504192,NA,NA,NA,NA,NA
2007-05-11,18.0696496549009,NA,NA,NA,NA,NA
2007-05-18,17.1476909732644,NA,NA,NA,NA,NA
2007-05-25,16.3756990034979,NA,NA,NA,NA,NA
2007-06-01,18.7819807237693,NA,NA,NA,NA,NA
2007-06-08,17.8527084999894,NA,NA,NA,NA,NA
2007-06-15,21.0362833716416,NA,NA,NA,NA,NA
2007-06-22,20.0890894835414,NA,NA,NA,NA,NA
2007-06-29,22.7452346761566,NA,NA,NA,NA,NA
2007-07-06,24.1087639180289,NA,NA,NA,NA,NA
2007-07-13,22.6685211325224,NA,NA,NA,NA,NA
2007-07-20,23.0850544782392,NA,NA,NA,NA,NA
2007-07-27,25.3388531199734,NA,NA,NA,NA,NA
2007-08-03,29.5117104455632,NA,NA,NA,NA,NA
2007-08-10,28.4693454593419,NA,NA,NA,NA,NA
2007-08-17,31.655153843074,NA,NA,NA,NA,NA
2007-08-24,31.2432154313854,NA,NA,NA,NA,NA
2007-08-31,28.9607382949684,NA,NA,NA,NA,NA
2007-09-07,27.6427572208638,NA,NA,NA,NA,NA
2007-09-14,31.8971884119511,NA,NA,NA,NA,NA
2007-09-21,29.6551026712546,NA,NA,NA,NA,NA
2007-09-28,27.8362532860342,NA,NA,NA,NA,NA
2007-10-05,28.7081484347703,NA,NA,NA,NA,NA
2007-10-12,27.0845015012723,NA,NA,NA,NA,NA
2007-10-19,29.0859979834067,NA,NA,NA,NA,NA
2007-10-26,33.0316432589574,NA,NA,NA,NA,NA
2007-11-02,35.0154957538164,NA,NA,NA,NA,NA
2007-11-09,37.0518734448902,NA,NA,NA,NA,NA
2007-11-16,43.0275397954127,NA,NA,NA,NA,NA
2007-11-23,39.4477892493216,NA,NA,NA,NA,NA
2007-11-30,42.2900903782655,NA,NA,NA,NA,NA
2007-12-07,39.0956659577486,NA,NA,NA,NA,NA
2007-12-14,35.9261486700514,NA,NA,NA,NA,NA
2007-12-21,39.6853294478156,NA,NA,NA,NA,NA
2007-12-28,41.9889631267321,NA,NA,NA,NA,NA
2008-01-04,38.3085086854527,NA,NA,NA,NA,NA
2008-01-11,42.9375528819405,NA,NA,NA,NA,NA
2008-01-18,45.6735795772976,NA,NA,NA,NA,NA
2008-01-25,53.6864714042386,NA,NA,NA,NA,NA
2008-02-01,59.4291519196845,NA,NA,NA,NA,NA
2008-02-08,53.6891754039169,NA,NA,NA,NA,NA
2008-02-15,62.0062362084733,NA,NA,NA,NA,NA
2008-02-22,55.9507530856446,NA,NA,NA,NA,NA
2008-02-29,51.8813815051584,NA,NA,NA,NA,NA
2008-03-07,47.0419487576784,NA,NA,NA,NA,NA
2008-03-14,53.471389662944,NA,NA,NA,NA,NA
2008-03-21,47.9182206288121,NA,NA,NA,NA,NA
2008-03-28,43.3348054103887,NA,NA,NA,NA,NA
2008-04-04,39.980163908102,NA,NA,NA,NA,NA
2008-04-11,37.0578577469055,NA,NA,NA,NA,NA
2008-04-18,41.390060053319,NA,NA,NA,NA,NA
2008-04-25,38.2846178096309,NA,NA,NA,NA,NA
2008-05-02,38.3037918247324,NA,NA,NA,NA,NA
2008-05-09,35.4973788289486,NA,NA,NA,NA,NA
2008-05-16,40.1421450743038,NA,NA,NA,NA,NA
2008-05-23,36.5383739221477,NA,NA,NA,NA,NA
2008-05-30,42.6572616518368,NA,NA,NA,NA,NA
2008-06-06,38.6763423350357,NA,NA,NA,NA,NA
2008-06-13,45.5218246652358,NA,NA,NA,NA,NA
2008-06-20,48.2764069575215,NA,NA,NA,NA,NA
2008-06-27,55.000811650124,NA,NA,NA,NA,NA
2008-07-04,61.1976827855863,NA,NA,NA,NA,NA
2008-07-11,67.4469178630371,NA,NA,NA,NA,NA
2008-07-18,74.3028306735502,NA,NA,NA,NA,NA
2008-07-25,66.875192795122,NA,NA,NA,NA,NA
2008-08-01,59.987367591376,NA,NA,NA,NA,NA
2008-08-08,64.7826243058842,NA,NA,NA,NA,NA
2008-08-15,58.493929075329,NA,NA,NA,NA,NA
2008-08-22,63.0177972206971,NA,NA,NA,NA,NA
2008-08-29,69.9607889900052,NA,NA,NA,NA,NA
2008-09-05,62.736955390553,NA,NA,NA,NA,NA
2008-09-12,69.1397201393112,NA,NA,NA,NA,NA
2008-09-19,62.0533944116471,NA,NA,NA,NA,NA
2008-09-26,55.3769700711611,NA,NA,NA,NA,NA
2008-10-03,62.0916396086356,NA,NA,NA,NA,NA
2008-10-10,55.7003568935548,NA,NA,NA,NA,NA
2008-10-17,69.9852839517744,NA,NA,NA,NA,NA
2008-10-24,77.7743224963241,NA,NA,NA,NA,NA
2008-10-31,91.4104647039848,NA,NA,NA,NA,NA
2008-11-07,81.3464083214497,NA,NA,NA,NA,NA
2008-11-14,72.3079727573933,NA,NA,NA,NA,NA
2008-11-21,86.2623442030166,NA,NA,NA,NA,NA
2008-11-28,103.835393027286,NA,NA,NA,NA,NA
2008-12-05,92.3180008666327,NA,NA,NA,NA,NA
2008-12-12,104.710413045038,NA,NA,NA,NA,NA
2008-12-19,92.4169211634365,NA,NA,NA,NA,NA
2008-12-26,97.5479606783925,NA,NA,NA,NA,NA
2009-01-02,102.639506103423,NA,NA,NA,NA,NA
2009-01-09,90.7627778633779,NA,NA,NA,NA,NA
2009-01-16,89.0340779586672,NA,NA,NA,NA,NA
2009-01-23,104.160697477929,NA,NA,NA,NA,NA
2009-01-30,121.92640835736,NA,NA,NA,NA,NA
2009-02-06,107.476006762558,NA,NA,NA,NA,NA
2009-02-13,112.065547427408,NA,NA,NA,NA,NA
2009-02-20,123.632754222066,NA,NA,NA,NA,NA
2009-02-27,144.746747843958,NA,NA,NA,NA,NA
2009-03-06,125.157735536287,NA,NA,NA,NA,NA
2009-03-13,147.162871257838,NA,NA,NA,NA,NA
2009-03-20,128.671206810727,NA,NA,NA,NA,NA
2009-03-27,112.827594817809,NA,NA,NA,NA,NA
2009-04-03,99.3337318819178,NA,NA,NA,NA,NA
2009-04-10,88.1194681586371,NA,NA,NA,NA,NA
2009-04-17,78.4632295030578,NA,NA,NA,NA,NA
2009-04-24,70.4975266988157,NA,NA,NA,NA,NA
2009-05-01,74.883890630336,NA,NA,NA,NA,NA
2009-05-08,67.0822278712316,NA,NA,NA,NA,NA
2009-05-15,60.7351931952908,NA,NA,NA,NA,NA
2009-05-22,70.481861426264,NA,NA,NA,NA,NA
2009-05-29,63.5842216422046,NA,NA,NA,NA,NA
2009-06-05,56.9589599005697,NA,NA,NA,NA,NA
2009-06-12,51.5765771563026,NA,NA,NA,NA,NA
2009-06-19,46.930437240962,NA,NA,NA,NA,NA
2009-06-26,53.5128658493221,NA,NA,NA,NA,NA
2009-07-03,56.9142716083833,NA,NA,NA,NA,NA
2009-07-10,51.2655120357228,NA,NA,NA,NA,NA
2009-07-17,57.5378631547981,NA,NA,NA,NA,NA
2009-07-24,52.5977766316502,NA,NA,NA,NA,NA
2009-07-31,48.0479987510144,NA,NA,NA,NA,NA
2009-08-07,43.9920605785304,NA,NA,NA,NA,NA
2009-08-14,40.6302719981064,NA,NA,NA,NA,NA
2009-08-21,37.1228336475495,NA,NA,NA,NA,NA
2009-08-28,34.4060183317192,NA,NA,NA,NA,NA
2009-09-04,32.1066198544561,NA,NA,NA,NA,NA
2009-09-11,36.1927142858523,NA,NA,NA,NA,NA
2009-09-18,33.2584481801154,NA,NA,NA,NA,NA
2009-09-25,31.0439030304074,NA,NA,NA,NA,NA
2009-10-02,32.9086009537528,NA,NA,NA,NA,NA
2009-10-09,37.4341136980559,NA,NA,NA,NA,NA
2009-10-16,34.8209197307947,NA,NA,NA,NA,NA
2009-10-23,32.2129118788799,NA,NA,NA,NA,NA
2009-10-30,32.9449962514406,NA,NA,NA,NA,NA
2009-11-06,38.8820123277312,NA,NA,NA,NA,NA
2009-11-13,35.8843346752126,NA,NA,NA,NA,NA
2009-11-20,33.3790712128229,NA,NA,NA,NA,NA
2009-11-27,38.0380012909002,NA,NA,NA,NA,NA
2009-12-04,40.4117372168069,NA,NA,NA,NA,NA
2009-12-11,37.2803188672841,NA,NA,NA,NA,NA
2009-12-18,43.0978987741815,NA,NA,NA,NA,NA
2009-12-25,43.5359230682184,NA,NA,NA,NA,NA
2010-01-01,40.0296625264808,NA,NA,NA,NA,NA
2010-01-08,33.4718351896968,NA,NA,NA,NA,NA
2010-01-15,31.3334212545534,NA,NA,NA,NA,NA
2010-01-22,36.2498034837653,NA,NA,NA,NA,NA
2010-01-29,42.6162863421552,NA,NA,NA,NA,NA
2010-02-05,47.9181635623072,NA,NA,NA,NA,NA
2010-02-12,56.5387137711184,NA,NA,NA,NA,NA
2010-02-19,51.0678165981741,NA,NA,NA,NA,NA
2010-02-26,46.7357124247783,NA,NA,NA,NA,NA
2010-03-05,51.6869917129729,NA,NA,NA,NA,NA
2010-03-12,47.4352973322829,NA,NA,NA,NA,NA
2010-03-19,43.1070866698676,NA,NA,NA,NA,NA
2010-03-26,37.3363289891914,NA,NA,NA,NA,NA
2010-04-02,34.5722735823113,NA,NA,NA,NA,NA
2010-04-09,34.4281307404527,NA,NA,NA,NA,NA
2010-04-16,31.6998981927142,NA,NA,NA,NA,NA
2010-04-23,33.085706779423,NA,NA,NA,NA,NA
2010-04-30,37.9436825835066,NA,NA,NA,NA,NA
2010-05-07,43.4663980537711,NA,NA,NA,NA,NA
2010-05-14,53.9709101008584,NA,NA,NA,NA,NA
2010-05-21,49.3918490958311,NA,NA,NA,NA,NA
2010-05-28,49.7521446663965,NA,NA,NA,NA,NA
2010-06-04,51.6565744013646,NA,NA,NA,NA,NA
2010-06-11,60.3838771843388,NA,NA,NA,NA,NA
2010-06-18,54.9686280783235,NA,NA,NA,NA,NA
2010-06-25,50.289858594884,NA,NA,NA,NA,NA
2010-07-02,57.6322254095597,NA,NA,NA,NA,NA
2010-07-09,64.046138297502,NA,NA,NA,NA,NA
2010-07-16,58.2712266157091,NA,NA,NA,NA,NA
2010-07-23,63.422760080672,NA,NA,NA,NA,NA
2010-07-30,57.2763375915174,NA,NA,NA,NA,NA
2010-08-06,52.1078964677822,NA,NA,NA,NA,NA
2010-08-13,47.257074825459,NA,NA,NA,NA,NA
2010-08-20,54.1014714753679,NA,NA,NA,NA,NA
2010-08-27,59.7222616176413,NA,NA,NA,NA,NA
2010-09-03,61.4233134128752,NA,NA,NA,NA,NA
2010-09-10,55.705568775484,NA,NA,NA,NA,NA
2010-09-17,47.0349999945027,NA,NA,NA,NA,NA
2010-09-24,49.9899874112371,NA,NA,NA,NA,NA
2010-10-01,45.1122720165422,NA,NA,NA,NA,NA
2010-10-08,51.2504292432917,NA,NA,NA,NA,NA
2010-10-15,46.7289947483533,NA,NA,NA,NA,NA
2010-10-22,45.3164462441759,NA,NA,NA,NA,NA
2010-10-29,41.521898272326,NA,NA,NA,NA,NA
2010-11-05,45.9251788069768,NA,NA,NA,NA,NA
2010-11-12,50.7030127492936,NA,NA,NA,NA,NA
2010-11-19,54.099645005319,NA,NA,NA,NA,NA
2010-11-26,54.0533308340045,NA,NA,NA,NA,NA
2010-12-03,63.0938435843705,NA,NA,NA,NA,NA
2010-12-10,57.0320691251997,NA,NA,NA,NA,NA
2010-12-17,51.5697023561937,NA,NA,NA,NA,NA
2010-12-24,57.4494729617389,NA,NA,NA,NA,NA
2010-12-31,51.7758082713384,NA,NA,NA,NA,NA
2011-01-07,56.687828041307,NA,NA,NA,NA,NA
2011-01-14,58.6977118405656,NA,NA,NA,NA,NA
2011-01-21,53.5662158712113,NA,NA,NA,NA,NA
2011-01-28,48.939326981703,NA,NA,NA,NA,NA
2011-02-04,50.5167494964339,NA,NA,NA,NA,NA
2011-02-11,45.9272941128687,NA,NA,NA,NA,NA
2011-02-18,38.9995598489235,NA,NA,NA,NA,NA
2011-02-25,36.1780207088668,NA,NA,NA,NA,NA
2011-03-04,41.0274247832067,NA,NA,NA,NA,NA
2011-03-11,46.7485199198558,NA,NA,NA,NA,NA
2011-03-18,50.2524321138602,NA,NA,NA,NA,NA
2011-03-25,51.7394136036401,NA,NA,NA,NA,NA
2011-04-01,47.1662636697436,NA,NA,NA,NA,NA
2011-04-08,51.3552481386862,NA,NA,NA,NA,NA
2011-04-15,46.7233483963835,NA,NA,NA,NA,NA
2011-04-22,53.2317723740466,NA,NA,NA,NA,NA
2011-04-29,55.5841608301657,NA,NA,NA,NA,NA
2011-05-06,50.5307136659931,NA,NA,NA,NA,NA
2011-05-13,54.574432824665,NA,NA,NA,NA,NA
2011-05-20,58.855233281214,NA,NA,NA,NA,NA
2011-05-27,62.962873843002,NA,NA,NA,NA,NA
2011-06-03,53.4202199537994,NA,NA,NA,NA,NA
2011-06-10,47.9973269081842,NA,NA,NA,NA,NA
2011-06-17,54.5356390123553,NA,NA,NA,NA,NA
2011-06-24,49.4387026852727,NA,NA,NA,NA,NA
2011-07-01,56.3877084318619,NA,NA,NA,NA,NA
2011-07-08,51.5651733210117,NA,NA,NA,NA,NA
2011-07-15,60.9487446701573,NA,NA,NA,NA,NA
2011-07-22,69.6242586699128,NA,NA,NA,NA,NA
2011-07-29,62.9193774817073,NA,NA,NA,NA,NA
2011-08-05,71.5864533659903,NA,NA,NA,NA,NA
2011-08-12,85.2057249298899,NA,NA,NA,NA,NA
2011-08-19,92.7547157174528,NA,NA,NA,NA,NA
2011-08-26,105.591853967219,NA,NA,NA,NA,NA
2011-09-02,101.883000203923,NA,NA,NA,NA,NA
2011-09-09,88.3739077535642,NA,NA,NA,NA,NA
2011-09-16,102.655995947546,NA,NA,NA,NA,NA
2011-09-23,90.4036021983879,NA,NA,NA,NA,NA
2011-09-30,101.424495640143,NA,NA,NA,NA,NA
2011-10-07,90.1049756523371,NA,NA,NA,NA,NA
2011-10-14,79.6737269781092,NA,NA,NA,NA,NA
2011-10-21,64.3343009745615,NA,NA,NA,NA,NA
2011-10-28,69.1650045977464,NA,NA,NA,NA,NA
2011-11-04,62.5970046601474,NA,NA,NA,NA,NA
2011-11-11,75.0137505673719,NA,NA,NA,NA,NA
2011-11-18,66.9416509250035,NA,NA,NA,NA,NA
2011-11-25,76.5219394401498,NA,NA,NA,NA,NA
2011-12-02,87.4780024536949,NA,NA,NA,NA,NA
2011-12-09,78.4595516019745,NA,NA,NA,NA,NA
2011-12-16,69.5364405420463,NA,NA,NA,NA,NA
2011-12-23,80.2410065238381,NA,NA,NA,NA,NA
2011-12-30,71.802633189473,NA,NA,NA,NA,NA
2012-01-06,70.9041283830777,NA,NA,NA,NA,NA
2012-01-13,82.0158501675903,NA,NA,NA,NA,NA
2012-01-20,73.3587688827499,NA,NA,NA,NA,NA
2012-01-27,66.1683704472368,NA,NA,NA,NA,NA
2012-02-03,59.5990390597566,NA,NA,NA,NA,NA
2012-02-10,54.1367035144231,NA,NA,NA,NA,NA
2012-02-17,52.9696250248026,NA,NA,NA,NA,NA
2012-02-24,47.3441545146449,NA,NA,NA,NA,NA
2012-03-02,50.1808333870277,NA,NA,NA,NA,NA
2012-03-09,45.7229171632208,NA,NA,NA,NA,NA
2012-03-16,51.0860085834262,NA,NA,NA,NA,NA
2012-03-23,46.7433724397456,NA,NA,NA,NA,NA
2012-03-30,52.7015948045915,NA,NA,NA,NA,NA
2012-04-06,60.0626430915906,NA,NA,NA,NA,NA
2012-04-13,69.4657063116819,NA,NA,NA,NA,NA
2012-04-20,79.2032713074645,NA,NA,NA,NA,NA
2012-04-27,82.3747425153172,NA,NA,NA,NA,NA
2012-05-04,73.0837560503798,NA,NA,NA,NA,NA
2012-05-11,82.3605827049529,NA,NA,NA,NA,NA
2012-05-18,72.6899522587393,NA,NA,NA,NA,NA
2012-05-25,83.875923487802,NA,NA,NA,NA,NA
2012-06-01,74.0664105422467,NA,NA,NA,NA,NA
2012-06-08,82.6032417508502,NA,NA,NA,NA,NA
2012-06-15,74.033375205744,NA,NA,NA,NA,NA
2012-06-22,65.600779800992,NA,NA,NA,NA,NA
2012-06-29,58.8031099717327,NA,NA,NA,NA,NA
2012-07-06,53.2737947240808,NA,NA,NA,NA,NA
2012-07-13,61.1110198217286,NA,NA,NA,NA,NA
2012-07-20,65.0913688068501,NA,NA,NA,NA,NA
2012-07-27,74.6366319562301,NA,NA,NA,NA,NA
2012-08-03,67.1744934494201,NA,NA,NA,NA,NA
2012-08-10,60.5102599938562,NA,NA,NA,NA,NA
2012-08-17,54.8423614131653,NA,NA,NA,NA,NA
2012-08-24,50.1198539347575,NA,NA,NA,NA,NA
2012-08-31,53.306803386525,NA,NA,NA,NA,NA
2012-09-07,48.5101255918882,NA,NA,NA,NA,NA
2012-09-14,44.6992924580551,NA,NA,NA,NA,NA
2012-09-21,41.1513658313705,NA,NA,NA,NA,NA
2012-09-28,45.416506254412,NA,NA,NA,NA,NA
2012-10-05,52.9525572665969,NA,NA,NA,NA,NA
2012-10-12,48.4048609893086,NA,NA,NA,NA,NA
2012-10-19,53.3113309577535,NA,NA,NA,NA,NA
2012-10-26,48.6495955753243,NA,NA,NA,NA,NA
2012-11-02,53.4712097097342,NA,NA,NA,NA,NA
2012-11-09,48.4931689089229,NA,NA,NA,NA,NA
2012-11-16,54.7757058958787,NA,NA,NA,NA,NA
2012-11-23,57.4916814828067,NA,NA,NA,NA,NA
2012-11-30,52.3862950591729,NA,NA,NA,NA,NA
2012-12-07,47.5141103340473,NA,NA,NA,NA,NA
2012-12-14,43.1637086750036,NA,NA,NA,NA,NA
2012-12-21,37.4893898073743,NA,NA,NA,NA,NA
2012-12-28,34.657866951118,NA,NA,NA,NA,NA
2013-01-04,37.2975351295768,NA,NA,NA,NA,NA
2013-01-11,34.7098259850506,NA,NA,NA,NA,NA
2013-01-18,32.4636095023999,NA,NA,NA,NA,NA
2013-01-25,28.405392780902,NA,NA,NA,NA,NA
2013-02-01,26.5111531124,NA,NA,NA,NA,NA
2013-02-08,29.8918597300685,NA,NA,NA,NA,NA
2013-02-15,33.854779227237,NA,NA,NA,NA,NA
2013-02-22,34.8084159101039,NA,NA,NA,NA,NA
2013-03-01,37.4646517369065,NA,NA,NA,NA,NA
2013-03-08,42.3841078341559,NA,NA,NA,NA,NA
2013-03-15,39.1232541415851,NA,NA,NA,NA,NA
2013-03-22,41.9510754736286,NA,NA,NA,NA,NA
2013-03-29,48.5623510026041,NA,NA,NA,NA,NA
2013-04-05,55.8634654437435,NA,NA,NA,NA,NA
2013-04-12,58.0455531201214,NA,NA,NA,NA,NA
2013-04-19,52.6679813325225,NA,NA,NA,NA,NA
2013-04-26,54.8590386602627,NA,NA,NA,NA,NA
2013-05-03,50.0570897488884,NA,NA,NA,NA,NA
2013-05-10,45.8199265775428,NA,NA,NA,NA,NA
2013-05-17,41.6498210312222,NA,NA,NA,NA,NA
2013-05-24,38.3654617861681,NA,NA,NA,NA,NA
2013-05-31,44.0214943720669,NA,NA,NA,NA,NA
2013-06-07,40.4521792024879,NA,NA,NA,NA,NA
2013-06-14,44.5171427908578,NA,NA,NA,NA,NA
2013-06-21,50.2221593027658,NA,NA,NA,NA,NA
2013-06-28,57.8847384894876,NA,NA,NA,NA,NA
2013-07-05,58.3206476077141,NA,NA,NA,NA,NA
2013-07-12,52.6232838010355,NA,NA,NA,NA,NA
2013-07-19,47.5255249334617,NA,NA,NA,NA,NA
2013-07-26,43.5324276147251,NA,NA,NA,NA,NA
2013-08-02,40.2281739317352,NA,NA,NA,NA,NA
2013-08-09,37.06383330585,NA,NA,NA,NA,NA
2013-08-16,34.4417989885394,NA,NA,NA,NA,NA
2013-08-23,32.0547799353796,NA,NA,NA,NA,NA
2013-08-30,35.1895561934037,NA,NA,NA,NA,NA
2013-09-06,40.8809431066481,NA,NA,NA,NA,NA
2013-09-13,37.7884021466846,NA,NA,NA,NA,NA
2013-09-20,35.0339264243718,NA,NA,NA,NA,NA
2013-09-27,32.5831805336296,NA,NA,NA,NA,NA
2013-10-04,34.6321918399139,NA,NA,NA,NA,NA
2013-10-11,32.2897795966455,NA,NA,NA,NA,NA
2013-10-18,30.1998921509179,NA,NA,NA,NA,NA
2013-10-25,28.3275843439281,NA,NA,NA,NA,NA
2013-11-01,32.1842826353263,NA,NA,NA,NA,NA
2013-11-08,29.7442356607332,NA,NA,NA,NA,NA
2013-11-15,31.9402390242462,NA,NA,NA,NA,NA
2013-11-22,33.3899334694034,NA,NA,NA,NA,NA
2013-11-29,30.8160158658149,NA,NA,NA,NA,NA
2013-12-06,28.8265795402854,NA,NA,NA,NA,NA
2013-12-13,33.4684040061423,NA,NA,NA,NA,NA
2013-12-20,36.1083466887977,NA,NA,NA,NA,NA
2013-12-27,33.6423295364118,NA,NA,NA,NA,NA
2014-01-03,31.2809181610872,NA,NA,NA,NA,NA
2014-01-10,33.1273007176951,NA,NA,NA,NA,NA
2014-01-17,31.0754427369649,NA,NA,NA,NA,NA
2014-01-24,29.0203330074103,NA,NA,NA,NA,NA
2014-01-31,33.9463463876857,NA,NA,NA,NA,NA
2014-02-07,31.1813933530223,NA,NA,NA,NA,NA
2014-02-14,29.1670256778597,NA,NA,NA,NA,NA
2014-02-21,27.2904565195495,NA,NA,NA,NA,NA
2014-02-28,27.2362963150343,NA,NA,NA,NA,NA
2014-03-07,25.5202480503345,NA,NA,NA,NA,NA
2014-03-14,26.9074844370529,NA,NA,NA,NA,NA
2014-03-21,31.0458052322173,NA,NA,NA,NA,NA
2014-03-28,29.0599195930009,NA,NA,NA,NA,NA
2014-04-04,27.1414205745933,NA,NA,NA,NA,NA
2014-04-11,25.6959387687548,NA,NA,NA,NA,NA
2014-04-18,30.6453430956597,NA,NA,NA,NA,NA
2014-04-25,28.3611190690447,NA,NA,NA,NA,NA
2014-05-02,29.719181886522,NA,NA,NA,NA,NA
2014-05-09,27.6272307731057,NA,NA,NA,NA,NA
2014-05-16,29.6531580490188,NA,NA,NA,NA,NA
2014-05-23,33.2878543723008,NA,NA,NA,NA,NA
2014-05-30,30.8643806738024,NA,NA,NA,NA,NA
2014-06-06,28.8691635447297,NA,NA,NA,NA,NA
2014-06-13,27.1703643275223,NA,NA,NA,NA,NA
2014-06-20,29.3705752672238,NA,NA,NA,NA,NA
2014-06-27,32.1585977265024,NA,NA,NA,NA,NA
2014-07-04,37.0908979384296,NA,NA,NA,NA,NA
2014-07-11,34.0889705098273,NA,NA,NA,NA,NA
2014-07-18,39.645727209366,NA,NA,NA,NA,NA
2014-07-25,36.3134878492428,NA,NA,NA,NA,NA
2014-08-01,33.7354967610502,NA,NA,NA,NA,NA
2014-08-08,38.2297741253966,NA,NA,NA,NA,NA
2014-08-15,43.6270335989737,NA,NA,NA,NA,NA
2014-08-22,39.7572193161927,NA,NA,NA,NA,NA
2014-08-29,36.7547004409544,NA,NA,NA,NA,NA
2014-09-05,34.0942295199825,NA,NA,NA,NA,NA
2014-09-12,31.8966540502477,NA,NA,NA,NA,NA
2014-09-19,34.2995878439177,NA,NA,NA,NA,NA
2014-09-26,31.5602585778354,NA,NA,NA,NA,NA
2014-10-03,34.7068926560624,NA,NA,NA,NA,NA
2014-10-10,38.8077706195521,NA,NA,NA,NA,NA
2014-10-17,44.343172914254,NA,NA,NA,NA,NA
2014-10-24,48.8872967352824,NA,NA,NA,NA,NA
2014-10-31,44.8798075575048,NA,NA,NA,NA,NA
2014-11-07,47.6229765154207,NA,NA,NA,NA,NA
2014-11-14,53.8584047795024,NA,NA,NA,NA,NA
2014-11-21,55.9952089428642,NA,NA,NA,NA,NA
2014-11-28,50.9579542209789,NA,NA,NA,NA,NA
2014-12-05,46.5371769006649,NA,NA,NA,NA,NA
2014-12-12,42.3009517141532,NA,NA,NA,NA,NA
2014-12-19,49.9565258690835,NA,NA,NA,NA,NA
2014-12-26,45.1281272168628,NA,NA,NA,NA,NA
2015-01-02,41.2795629434605,NA,NA,NA,NA,NA
2015-01-09,42.3936844228095,NA,NA,NA,NA,NA
2015-01-16,50.3880137235638,NA,NA,NA,NA,NA
2015-01-23,46.0288197953937,NA,NA,NA,NA,NA
2015-01-30,42.3722015881397,NA,NA,NA,NA,NA
2015-02-06,48.2727929284122,NA,NA,NA,NA,NA
2015-02-13,44.1967912015733,NA,NA,NA,NA,NA
2015-02-20,40.7388578741542,NA,NA,NA,NA,NA
2015-02-27,37.6294710989435,NA,NA,NA,NA,NA
2015-03-06,34.7711528739403,NA,NA,NA,NA,NA
2015-03-13,31.9022000656274,NA,NA,NA,NA,NA
2015-03-20,29.533055581387,NA,NA,NA,NA,NA
2015-03-27,27.695181665309,NA,NA,NA,NA,NA
2015-04-03,25.8589093328543,NA,NA,NA,NA,NA
2015-04-10,24.412845056145,NA,NA,NA,NA,NA
2015-04-17,22.7787635444163,-0.858196684567794,0.176549048107593,0.00712379335647417,0.947908184836163,0.0548025088658627
2015-04-24,27.0934580289342,-0.866575203453822,0.144852556199159,0.00194044750850608,0.957300666261803,0.0530418929693038
2015-05-01,25.5621985981301,-0.809356490653258,0.252337407347035,0.00695906522550849,0.934265099750125,0.0630231640366937
2015-05-08,27.8505706265629,-0.774565031096428,0.226098044984139,0.00664446827909149,0.938288245449498,0.0628079863159013
2015-05-15,25.5095362684338,-0.759906164261642,0.157145101367518,-0.00391952833603693,0.959342835443826,0.055568626622315
2015-05-22,23.5105930624169,-0.812866362670112,0.195056233048557,0.000579380957203224,0.947637324617691,0.0624633728088622
2015-05-29,22.3077313906308,-0.846316509126849,0.152878921530983,0.000294732144111354,0.957815997266418,0.0521900623370272
2015-06-05,25.1535622454887,-0.859788227288009,0.152259531710761,0.000628908151767638,0.957602189961759,0.0522379173897562
2015-06-12,27.13673028817,-0.90002735547442,0.190479171962732,0.00617456875264877,0.944247421069602,0.0611277105145773
2015-06-19,25.470205417969,-0.813661103429242,0.157116303330817,0.00192639879556233,0.954827243117741,0.054920115424899
2015-06-26,27.5213781359917,-0.906103213432836,0.150232843814159,0.00213989065753428,0.957111526431771,0.0512512040479419
2015-07-03,26.0170971880912,-0.877999302269789,0.150975161227915,0.00192489470440393,0.957135977309599,0.0512899117570669
2015-07-10,30.8528225124333,-0.798763350045913,0.184691354255722,0.00234950372689446,0.949540210416211,0.0577754392007724
2015-07-17,28.8002815427119,-0.861753964685096,0.152855896331257,0.00161221031790804,0.957087111046118,0.0515055838604445
2015-07-24,26.8107220174225,-0.869717831599564,0.150100490268211,0.000810318913981201,0.958081520163109,0.0514790262815788
2015-07-31,28.6195267320752,-0.861034640107425,0.152864837820996,0.00131125272734967,0.957082202994452,0.0519731164026456
2015-08-07,29.263874191179,-0.911788993005173,0.171206645933319,0.00270977039628273,0.951583955022591,0.0565966487331503
2015-08-14,30.9229106761108,-1.00596102421097,0.155803487681306,0.00355147318009752,0.953981449294248,0.0542569494882951
2015-08-21,35.1175345902188,-1.00251685072009,0.198224412099585,0.00642470068388235,0.944249239303466,0.0579350257769797
2015-08-28,40.7560813614604,-1.06331773482421,0.137192241401891,0.00153039351995099,0.958411076719692,0.0536893430834876
2015-09-04,38.5753358456646,-1.03730466851563,0.128132925688977,0.000932267003368237,0.960201086776075,0.0534171863325409
2015-09-11,42.0826232141946,-1.12209538778956,0.157162931261391,0.00252438111916453,0.954050015087222,0.0555391018891626
2015-09-18,38.2172010921789,-1.15539921942009,0.137413809898836,0.00222952990152514,0.958529222419274,0.0517092411053021
2015-09-25,42.521415776422,-1.15911659004594,0.134393129566469,0.00373026583605429,0.958578055369181,0.0494625532908652
2015-10-02,44.9667582317572,-1.05961712390016,0.140230264233934,0.00445959966187981,0.956908388165408,0.0501049739994832
2015-10-09,43.2442833534141,-1.08936260633739,0.15900871053919,0.00275946941864946,0.953690764866681,0.0551542121322832
2015-10-16,40.3059059623972,-1.09148661670322,0.13356744949509,0.00392314917834946,0.958649480145651,0.0492255003333718
2015-10-23,38.4823285557403,-1.11958003459108,0.118430796300092,0.00211552192155018,0.960925236065087,0.0523680917133039
2015-10-30,35.0923707608472,-1.10172078710001,0.132536933106587,0.00343767872472889,0.958190368830613,0.051530044231975
2015-11-06,38.4992072873574,-1.15144967421858,0.131216051661449,0.00291457113907267,0.960225989503791,0.047899308646753
2015-11-13,35.5846721844002,-1.15540783130005,0.131829396769391,0.00389098245684216,0.959449005156548,0.0475806873834892
2015-11-20,39.6522370510918,-1.18830217838226,0.124758740982034,0.00569479539495976,0.957240066911697,0.0517805215374755
2015-11-27,36.6126683806203,-1.23508636955407,0.131014634432887,0.00752023947025471,0.955025634993064,0.0513817454693133
2015-12-04,33.6699379923449,-1.31384056908204,0.138590555419847,0.00772668320288572,0.953938623041789,0.0509790561173745
2015-12-11,37.074066424978,-1.27049817394156,0.135763555239727,0.00850873881836001,0.953677816585324,0.0509788147586001
2015-12-18,42.6983650669331,-1.27470789178531,0.128501990239997,0.00611734467186553,0.957596854955662,0.0487150851056834
2015-12-25,39.4259278691184,-1.26896239661378,0.149117343038983,0.00881482377499165,0.952979964573287,0.0474957088488039
2016-01-01,36.2670106647486,-1.35021498396919,0.11191958253034,0.00626627094393406,0.959495192866871,0.0495019723945444
2016-01-08,36.1793485165603,-1.42866415129326,0.127491990019377,0.00685827834285879,0.956329099755933,0.0508098558343439
2016-01-15,43.1749299229494,-1.46060000316661,0.130054107720098,0.00702195396998861,0.955970878903321,0.0505329583158982
2016-01-22,48.8283893580697,-1.40731686365227,0.133738391908471,0.00919071740906408,0.953644344547444,0.0503735506195022
2016-01-29,52.7727850599112,-1.51515189150103,0.127329873851684,0.00769026630271852,0.956044746283555,0.0498921097691534
2016-02-05,56.2729747943183,-1.58838650494084,0.0938282670235244,0.00407564753738165,0.9640426648473,0.0490611864210992
2016-02-12,63.6532777064791,-1.63849020906533,0.126850083224369,0.0106819438127732,0.953921948618076,0.0491498051258407
2016-02-19,71.1393933561505,-1.55867329246929,0.0993796269883293,0.00204785425719134,0.96673343726958,0.0446168181434062
2016-02-26,62.6893318693748,-1.45347559552707,0.132080238675519,0.00856963681586576,0.954106257079533,0.0510513529889516
2016-03-04,57.1245900495735,-1.33722639732181,0.108508360582002,0.002720829384811,0.963399487796641,0.0482991823432219
2016-03-11,54.1275289085186,-1.37578908258489,0.121962821218841,0.00317430479937841,0.961814562927025,0.0465982747905061
2016-03-18,49.8920667492351,-1.46550362649888,0.119295720500148,0.00169455307584554,0.963633829938006,0.0460770934867491
2016-03-25,54.7460882604367,-1.47834870824211,0.118892507901993,0.00256122176336415,0.963145685045145,0.0456634168807154
2016-04-01,60.5429303980359,-1.51591408972191,0.0986125908796325,-0.000938316966735409,0.96824974164908,0.0472668524155429
2016-04-08,65.3515406242883,-1.4477699173423,0.126594246735188,0.00423145756166687,0.958392819532504,0.0514804653438933
2016-04-15,73.0430620333696,-1.40608920891803,0.120939900996987,0.00285571182026356,0.960810916140301,0.0501583383458423
2016-04-22,69.1593720200875,-1.4752007066182,0.123968937063918,0.00558838859144295,0.958264976855597,0.0498482967791689
2016-04-29,62.0343272589431,-1.56472121530521,0.10965782315024,0.00193339039205243,0.96413168278854,0.0476693869887958
2016-05-06,68.2410452127009,-1.57898639145075,0.106082565292899,-0.000837357021501339,0.968006033603837,0.0449421157033303
2016-05-13,74.7540153367565,-1.52620509880569,0.118240471586316,0.00592970105260127,0.960097520141619,0.0464610863297539
2016-05-20,71.0084159869836,-1.45662954608271,0.128012598842806,0.00581977810643119,0.957758307625978,0.0490354237384473
2016-05-27,65.9074648236674,-1.52523153666989,0.113483456171633,0.00323622613336438,0.963361489091939,0.0454097240693898
2016-06-03,60.9295239796649,-1.53455725441439,0.134585688925543,0.00894556821440329,0.953830687263604,0.0502104996486893
2016-06-10,66.6396788987825,-1.54702393515073,0.110457034915986,-0.00074750693013903,0.96730702472189,0.0448785057296204
2016-06-17,77.6595644420347,-1.69871040565406,0.100003509829525,-1.87828019093672e-05,0.966814112394561,0.0483896320398863
2016-06-24,75.8814267781503,-1.62963244587981,0.127480365650263,0.00637710442476469,0.957253262035438,0.0491966457189924
2016-07-01,92.3360040699378,-1.58543561126831,0.114293468418352,0.000710725938504408,0.965999947664078,0.0438627945179286
2016-07-08,89.7695577606177,-1.57774278429379,0.114124313429345,-0.000265203677853987,0.96448789807537,0.0496940294198487
2016-07-15,84.3941095612104,-1.55178553067582,0.11859477101794,0.00402297943268992,0.961192876577977,0.0475406422853949
2016-07-22,82.9455920320481,-1.59620915251598,0.103445855811949,-0.00257619089477046,0.970774320391716,0.0425042405976246
2016-07-29,72.6024815500554,-1.62116359597518,0.106122126172985,-0.000888744691485033,0.969046273136857,0.0423566216394556
2016-08-05,70.7882318741455,-1.59845539254482,0.122638706718495,0.00740990104738881,0.958569573670453,0.0456933928916997
2016-08-12,72.9149597176891,-1.64115477098754,0.119674538215177,0.00496215494615226,0.961390176701418,0.0446068616305066
2016-08-19,65.8479556428751,-1.59166926047466,0.117440270479919,0.00616793111001568,0.960155625324451,0.0461029001327278
2016-08-26,71.8443743362241,-1.5288996313755,0.126117428141798,0.00624937353537425,0.958914159835997,0.0458614564346897
2016-09-02,67.3139922746906,-1.50658393836068,0.108498652022061,0.00103852373535473,0.967335088226876,0.0417593014039694
2016-09-09,60.6332484105744,-1.58651337175032,0.118504097349276,0.00499425866247416,0.961208868124687,0.04546369525531
2016-09-16,56.4857598058572,-1.56623288509186,0.0929651209847305,-0.00120256839668165,0.970921356489342,0.0428948946273543
2016-09-23,63.2443028489402,-1.55128599513571,0.126503402023093,0.0061285856526736,0.958668537014923,0.0464751630180033
2016-09-30,60.6769221677553,-1.51268089124245,0.105752530159988,0.000460085121726683,0.967934887638864,0.0423927781211015
2016-10-07,59.1563562589358,-1.50572786945759,0.128328810043112,0.0102469638589007,0.954829541894875,0.046700991480124
2016-10-14,56.4288249730509,-1.38129301442142,0.128778518297821,0.00471068359949101,0.959177448456327,0.0471695000689446
2016-10-21,48.3239280169601,-1.31209730013937,0.136011842830819,0.00483422434252756,0.957642684034915,0.0482322791759379
2016-10-28,45.8915180567723,-1.34577959124227,0.130400844427907,0.00427594210465321,0.959305385708629,0.0472676149873949
2016-11-04,42.06462640582,-1.25395573825499,0.138400128471694,0.00529244228873549,0.957382582550621,0.0472613854742268
2016-11-11,47.8927633607075,-1.3058958487315,0.140099790502914,0.00691848123345118,0.955394410690942,0.0483599739510328
2016-11-18,44.0564281184015,-1.27241759440216,0.135599895516347,0.00364040848864888,0.959081485824223,0.0473857068004645
2016-11-25,46.8407226822648,-1.2658234626179,0.124753540792467,0.00437600424987661,0.96019505816864,0.0469276578245867
2016-12-02,46.9117598523488,-1.17791211927567,0.138674829341673,0.00335841279620208,0.958147578446659,0.0492731459588278
2016-12-09,43.9124634934091,-1.12093605893924,0.130942925007902,0.00324204003390094,0.960925320591831,0.0452335499339293
2016-12-16,40.0929830088106,-1.0340462227299,0.138722012029313,0.00220223064655312,0.960190471944495,0.0465193880502419
2016-12-23,38.0864573386596,-0.874873025660141,0.141624110060148,0.00139521295572198,0.960841734862307,0.0455199769050248
2016-12-30,37.9743138986882,-0.647362091065734,0.162843585836631,-0.00139130530684062,0.95880172161993,0.0488973036988381
2017-01-06,39.9908510429093,-0.868450273862249,0.142682525545105,0.0028136419471595,0.960140458004854,0.0439204879342153
2017-01-13,36.1504701278351,-0.888358282513634,0.13789181810136,0.00404579726328813,0.9596414770268,0.0441872950449751
2017-01-20,39.1006075048088,-0.89134236412472,0.115829613481449,-0.000482865928294496,0.965038503922639,0.0477896694618848
2017-01-27,40.7522526520521,-0.874608780351463,0.127566664344634,-0.00198519639130412,0.964523450164625,0.0479032794635015
2017-02-03,39.3962837817514,-1.01368427017869,0.136158618314943,0.00439022072122541,0.958059370782537,0.0479445588043213
2017-02-10,40.6921643595284,-0.971870714823487,0.126166010115412,0.00313854318349693,0.960480660311521,0.0479285505024535
2017-02-17,44.9113440795936,-1.06155293372645,0.135105758952157,0.00468791379129008,0.959174085322293,0.0450790975413919
2017-02-24,41.9533501891981,-1.017423455117,0.140695398930072,0.0045298694740088,0.957186921251887,0.0483679861674319
2017-03-03,45.4091662954594,-0.982863619164323,0.133253253089934,0.00351816548951922,0.960534763592146,0.0446687749037188
2017-03-10,42.1903196921588,-0.938087142181772,0.127863387462505,0.00111525473453145,0.961626438908704,0.048596875179028
2017-03-17,39.6105729894371,-0.988322746992188,0.202060029904431,0.00885138183266643,0.942844541810994,0.0538924006301162
2017-03-24,36.54368200039,-0.901196539313882,0.112438487132249,0.000393928466164706,0.967300445973973,0.0414823163027821
2017-03-31,30.9290359366132,-0.933365255974421,0.148036825560933,0.00398016683544145,0.956461880193928,0.0486987401286768
2017-04-07,34.0513100465156,-1.02101448544479,0.13122511687851,0.00224580131277941,0.960207241924915,0.0486560933771981
2017-04-14,32.9439866260015,-0.98661208314114,0.141052353030217,0.00282948285025042,0.958919879866806,0.0473506130846484
2017-04-21,37.8721348329712,-0.888355787709881,0.136374766764409,0.000728294949009278,0.960593515044369,0.0491173026255593
2017-04-28,35.2162902098563,-0.829660886269362,0.142322319983667,0.00122619331921958,0.960560347372133,0.0461657394101995
2017-05-05,33.0816184123479,-0.887180902387674,0.143160488991294,0.00170758473048549,0.958591050619434,0.0497822020966108
2017-05-12,31.3316582673568,-0.900727093674751,0.135231770894988,0.00116939248281867,0.960824274360532,0.0480232265708954
2017-05-19,33.8735019450697,-0.835534885712329,0.200864841603106,0.00659903958894503,0.944481509717932,0.0545740143395903
2017-05-26,35.7793510169352,-0.896211906133702,0.141980746310917,0.00283970348306428,0.959187062679539,0.04618248802818
2017-06-02,34.1613871756155,-0.830575943466283,0.142803742974149,0.00541804659004796,0.956678217376835,0.0467697718434499
2017-06-09,38.997953426774,-0.944124792160495,0.13630129244778,0.00258919040764582,0.959470817470813,0.0480104500638156
2017-06-16,36.1173235105162,-0.990836375199541,0.14681759016389,0.00462429307892476,0.955739366366873,0.0493477527387097
2017-06-23,40.1027064533489,-0.969747186913048,0.164704901075298,0.00640766171290441,0.950637982539102,0.0522237326728063
2017-06-30,40.8590898802852,-0.9370170600935,0.142324851854518,0.0047936784334125,0.957749569901936,0.0456231591104641
2017-07-07,37.670617236849,-0.951683656098452,0.138851191240121,0.00479142633641072,0.957187856191844,0.0481766480594675
2017-07-14,35.6315294591967,-0.971930597919093,0.147378672397344,0.0068140496591822,0.954419062782638,0.0479525236835472
2017-07-21,32.7646513366546,-0.930854653996848,0.140949887721091,0.00392904626465052,0.957442085719505,0.0484196916442745
2017-07-28,35.8288150253688,-0.969722565208823,0.143598389086763,0.00641813172565486,0.956209666482445,0.0455929871604768
2017-08-04,33.5784725225622,-0.991462046133191,0.164544899453968,0.00734803790881167,0.950539551465405,0.0505125416797515
2017-08-11,31.6200060488941,-0.990132455054496,0.141906826852402,0.00526845637705975,0.956511835910001,0.04777809674892
2017-08-18,35.1329582236082,-0.997023029730778,0.14287657033439,0.00623543693366146,0.956690475545666,0.0450111710963836
2017-08-25,32.9838810719631,-1.02086570228023,0.143105379085312,0.00618720377737147,0.956551654568308,0.0453784140250988
2017-09-01,35.2473310290089,-1.01839568503037,0.141134792342874,0.00575303396528704,0.956271550788345,0.0475680675139983
2017-09-08,33.5631828419226,-0.966341472243428,0.144275168258185,0.00655420380949634,0.955821251583724,0.0460208078402241
2017-09-15,36.5254660661432,-0.891632932896156,0.140731652000844,0.00375119035533178,0.95763493045598,0.0483618592646564
2017-09-22,34.2526399312414,-0.801503419946863,0.14926768873477,0.00231744804320455,0.958314114696242,0.0467838302773364
2017-09-29,32.0578917812467,-0.803357956571899,0.141563855447707,0.000345248112269991,0.960421448504689,0.0482864764733445
2017-10-06,30.4273615475615,-0.847092559849855,0.144072958714205,0.00208914350254463,0.959292110354882,0.0466767404687244
2017-10-13,32.3009147996719,-0.82705824637562,0.14762069554573,0.00258517928223301,0.958193875834972,0.0470522171127408
2017-10-20,35.0370310542903,-0.717610913784749,0.146120096658382,0.00176219190199745,0.958518952965458,0.0482586181172325
2017-10-27,32.5411149112012,-0.653666591106775,0.219781707987518,-0.00148710502911642,0.948361430633605,0.0549940835190297
2017-11-03,30.1667291161495,-0.597058119674234,0.166014831823822,-0.0021894579022651,0.957733586904347,0.051644756089555
2017-11-10,32.3681240210852,-0.617835135269732,0.183631568736137,-0.00496800393337771,0.956186213310104,0.0551556187427943
2017-11-17,34.4158656706039,-0.692500379442071,0.235567954259034,0.00573235781195269,0.938543851479347,0.0588978280013616
2017-11-24,36.9223172718712,-0.697218023659041,0.179645764607969,-0.00355211691484814,0.956486136225202,0.0527960712324043
2017-12-01,32.2801565614691,-0.710240082082388,0.131170997857855,-0.00638164414106479,0.967480135000627,0.048168497699519
2017-12-08,35.8168648027045,-0.703521175584899,0.157444240649471,-0.0064439320033437,0.962986929885884,0.0503246583185014
2017-12-15,34.2882981399954,-0.632946174320537,0.176344824785415,-0.00354382231773376,0.956442448261768,0.0539945547996882
2017-12-22,36.9335557383219,-0.621692079601797,0.141722648535176,-0.000848816524878226,0.962325685509516,0.0459369682006273
2017-12-29,33.6526187618501,-0.469284267995157,0.161936204349723,-0.000337211477603572,0.956243686699966,0.0528719444416495
2018-01-05,35.8012832954495,-0.36589521027011,0.136380210748583,-0.00939679050214315,0.969097382133254,0.0486358006732028
2018-01-12,32.9016566902791,-0.236821535699009,0.133313563361081,-0.00376617420140768,0.96637033882173,0.0450203145161107
2018-01-19,32.8449416328743,-0.287175000598125,0.166227370176343,-0.00780386245251896,0.961479194878453,0.0539533704888605
2018-01-26,31.1387270874711,-0.447884294124698,0.103070682104579,-0.00850498441275005,0.975294603272347,0.0430936824398122
2018-02-02,28.5844930001925,-0.472431070003691,0.137989463322399,-0.00361974820028343,0.963360103848903,0.050407301201903
2018-02-09,34.2739429561406,-0.47558531403499,0.129324021859465,-0.00396502459245174,0.967455622029756,0.0441620908193074
2018-02-16,35.6406619468507,-0.477213054091677,0.13784324253534,-0.00458027453082344,0.964724416508622,0.0489655086999584
2018-02-23,33.984365419409,-0.553193764958112,0.372927954335085,0.0136045088679637,0.911576657198552,0.0633980792743722
2018-03-02,31.6984846020287,-0.620321860740339,0.13930934322487,0.000175444360477339,0.962186036755482,0.0450230208729351
2018-03-09,33.7885001390216,-0.643527840749906,0.140375416932542,0.00191804149808827,0.960511161127732,0.0452233384528116
2018-03-16,31.7638160575162,-0.640616569591885,0.169144632103122,-0.00155266941489052,0.956083957199316,0.0532258655487781
2018-03-23,30.6948772063059,-0.579318778265779,0.140642477354788,0.000708412595682884,0.961370248692584,0.0455418753226066
2018-03-30,35.6725081737635,-0.592682147233844,0.188550060000918,-0.00127760101825647,0.953827783145346,0.0517520051369366
2018-04-06,32.8077930901607,-0.547672463518798,0.141480679639954,0.000741978705087853,0.961099446756866,0.0458713616114171
2018-04-13,31.1166287926458,-0.584181477082298,0.198551871164661,0.00373867851567289,0.947004061902471,0.0550734584803805
2018-04-20,28.9667294522532,-0.592933888304575,0.186427330989536,0.000350372311891056,0.951961454726361,0.0535649986336214
2018-04-27,25.9987837432843,-0.557003614689551,0.172400520388675,-0.00271334627316344,0.957595351723396,0.0507961253587117
2018-05-04,27.6274537621477,-0.471799098207537,0.121356457633289,-0.00402473659975666,0.968818260775203,0.0434105429397672
2018-05-11,29.425050382263,-0.513361913380857,0.16251028521249,-0.00470404791119106,0.959971682680112,0.0524931421696533
2018-05-18,28.9884602525496,-0.533463052787492,0.212923539788906,-0.00255689850601903,0.949968599990497,0.0556668206524103
2018-05-25,31.7912858407689,-0.642780991094812,0.140234567928267,0.00160675977724578,0.960968913548411,0.0449109918065216
2018-06-01,36.0458215829539,-0.660099661161944,0.155806385159381,0.00441189139629283,0.955922597753358,0.0461180579312146
2018-06-08,38.2415928303051,-0.63829574314267,0.119188835860491,-0.00311879906899748,0.967113432137622,0.0463436701032672
2018-06-15,39.733086230604,-0.551630482481178,0.152048948282882,-0.00264992895262717,0.961011755187015,0.0490901679587508
2018-06-22,38.6313417201636,-0.637724760357793,0.138992103594788,0.00453565425123981,0.959241755881948,0.0434744335364309
2018-06-29,36.1210509273241,-0.695421184366991,0.137730221810359,0.00428602603417705,0.957914281147928,0.0476683893004218
2018-07-06,36.1817531231365,-0.655153874489508,0.140413237082909,0.00289610246633054,0.95846519404023,0.0481737103534882
2018-07-13,34.0957943762532,-0.721384630563581,0.137659346017353,0.00630830839206198,0.958005327962454,0.0433502540459932
2018-07-20,37.4172660035141,-0.686514709356937,0.138460611236668,0.00534684946708275,0.958492154120755,0.0438231574048819
2018-07-27,35.8709103206747,-0.741467913007866,0.160026506271984,0.0078045064678347,0.951029003961461,0.0497144741605241
2018-08-03,34.1190496464399,-0.784526700453755,0.180985583339066,0.00827029208235142,0.946820841254221,0.0519774636691338
2018-08-10,35.5303271368593,-0.858553567888936,0.148842449891651,0.00822910405784172,0.952559966282467,0.0488734538768606
2018-08-17,40.3384970446455,-0.836459905341,0.15188002783907,0.00901637005456368,0.951711656463896,0.0484171060704026
2018-08-24,43.9037857555492,-0.894031641168813,0.152494253543797,0.0107749350563141,0.950074353958923,0.0485062221901125
2018-08-31,40.3467667227398,-0.845054687835255,0.152015033722968,0.00982112461298323,0.951196749823188,0.0478284658766641
2018-09-07,43.0654847913208,-0.855761192604375,0.147671149002263,0.0102307997801925,0.951824036792104,0.0470902415013436
2018-09-14,38.7671427370558,-0.850292334063873,0.179707323229132,0.0118891746380484,0.944724317390052,0.0502430631037006
2018-09-21,36.099332144686,-0.935250400921218,0.163623896528425,0.0122061269902601,0.947195939713024,0.0490879554555631
2018-09-28,34.0358424325563,-0.983706960232313,0.139002057790572,0.0119423806386284,0.952913427586026,0.0440456856360786
2018-10-05,38.7977388496849,-0.999411272981298,0.143682865617647,0.01319836133287,0.950775490456855,0.0451678669177152
2018-10-12,39.80261820656,-1.01279853811135,0.142885110028401,0.0133332727376752,0.950600815461819,0.0455968806453942
2018-10-19,43.5899400503539,-1.09020959450757,0.134761725590495,0.0110484286764392,0.95392512159451,0.0448930373829516
2018-10-26,46.77415664591,-1.03968594485695,0.173694422222185,0.0152330761877613,0.943372575361014,0.0489944861299616
2018-11-02,51.8093542658741,-1.03790303025251,0.140006541664589,0.0130708230287606,0.951759158500687,0.044241553509968
2018-11-09,49.0626438197351,-1.09044013173746,0.136969962366975,0.0122953819943099,0.952826298766789,0.0442539049831131
2018-11-16,46.5824088979391,-1.08987567591742,0.14379005100733,0.0125182707997388,0.951222465836249,0.0453799488207585
2018-11-23,49.8961102223651,-1.10717332414345,0.135591081745968,0.0125984464831854,0.953109523585155,0.0434027754518968
2018-11-30,52.5070769073158,-1.16805430182408,0.139412302760328,0.0130668688136107,0.95180555484994,0.0442854827759593
2018-12-07,47.5662416515539,-1.13992856303545,0.135568339633708,0.0129733827261765,0.953061630010107,0.0427230347862076
2018-12-14,53.4552773193474,-1.2435094025216,0.13353082965925,0.0121388338440888,0.954167178539017,0.0424151015142373
2018-12-21,47.9809158264163,-1.22221159244708,0.131374876326681,0.0152173106105674,0.95200051120543,0.0422477339395407
2018-12-28,53.7839849673092,-1.20286805843505,0.132589744102305,0.012857114420966,0.954130093449585,0.0414067963689132
2019-01-04,47.238978412464,-1.12765628180297,0.141963736756124,0.0150679515364058,0.950445620324847,0.0428101781742484
2019-01-11,44.7301796186709,-1.12422611866071,0.133094742269489,0.0128468217399962,0.953976615732669,0.0417035032712981
2019-01-18,41.2056781119973,-1.11862353851727,0.134145193816916,0.0134639300268271,0.953272976128554,0.0418100128853484
2019-01-25,39.1628122618394,-1.21288681912311,0.122819983975548,0.0128854247904076,0.955264501064166,0.0419425745908304
2019-02-01,36.4444096646512,-1.20371907319898,0.134452679062384,0.0144280835279312,0.952714017480639,0.0411518214392762
2019-02-08,41.5147443793411,-1.20782071679595,0.119536265814716,0.0129748134425373,0.956257726954708,0.0405611603411844
2019-02-15,43.074259066085,-1.2344370926398,0.134517726004445,0.0149386769994332,0.952464868225172,0.0407662211697849
2019-02-22,41.099116402779,-1.16318005533763,0.135165352624948,0.0149809804910059,0.95226379382672,0.0409601774895086
2019-03-01,36.9872928672516,-1.20964037554712,0.133969957459048,0.0146071425110176,0.952840275803096,0.040763905562596
2019-03-08,35.3170721049806,-1.18538321245006,0.133805174829541,0.0138701620335936,0.953365876796651,0.0410753356028525
2019-03-15,40.1768055642122,-1.27456719508865,0.134230011564916,0.0143468151269511,0.953006982815209,0.0409062594954688
2019-03-22,38.3293775225562,-1.25762464159568,0.133152835852108,0.0146152195245365,0.953071789477679,0.0405157081750659
2019-03-29,42.7357082365679,-1.20523450449575,0.144780008795091,0.0161604011836363,0.950126062702418,0.0406750098330725
2019-04-05,39.5268341872874,-1.16655771823002,0.133008829659906,0.0140700886252411,0.953346782800099,0.040898731297163
2019-04-12,37.562727497911,-1.17206646735216,0.130077666752981,0.017358499512995,0.952093070647369,0.0384189580797347
2019-04-19,35.5277753382175,-1.22402735284084,0.136714298998379,0.016336394946089,0.951769199524757,0.038969841895414
2019-04-26,34.1270400098239,-1.23385369594517,0.150855169784708,0.0186909181541212,0.946889532138129,0.0413756658042424
2019-05-03,37.461708185314,-1.32897679115653,0.131786197820094,0.0169413008097797,0.951852880348615,0.0393189806163343
2019-05-10,34.382277548798,-1.31021855431922,0.136030914654182,0.0186160699719761,0.950195260420282,0.038580811279449
2019-05-17,39.5838834126862,-1.36532690389105,0.130310284100806,0.0157548416319508,0.952772178707097,0.0398476750145796
2019-05-24,38.6643231481619,-1.41514497839245,0.129727164921825,0.0183812993824897,0.951017703071318,0.0390378743938723
2019-05-31,42.7946017319939,-1.42700651932481,0.125751268762288,0.0163790722316639,0.953733340949367,0.0378146822023373
2019-06-07,46.3938697675735,-1.42374635865619,0.129078742559133,0.0170625531084617,0.952441856025295,0.0384043427953629
2019-06-14,43.1109814809572,-1.42664047550796,0.127305895895082,0.0163262026008903,0.953476000736359,0.037959084635091
2019-06-21,41.2721675870902,-1.36312716127067,0.133096450410062,0.0184208499872094,0.950781129599641,0.0384033384788679
2019-06-28,38.5377771582599,-1.28204431070988,0.136749183863221,0.0184218110421013,0.949882513590782,0.0393628492967426
2019-07-05,36.0417805518304,-1.29796029832258,0.143145489986762,0.0162371677818939,0.950051042870328,0.041021815702812
2019-07-12,34.6141686021711,-1.38142347909451,0.131870863178908,0.0170424911030529,0.951790371938573,0.0390607891627971
2019-07-19,35.9684454098237,-1.38196643590031,0.120049123365807,0.0190184661862393,0.952261347113374,0.0379982964954088
2019-07-26,38.924212427624,-1.44989968606597,0.126147101254046,0.0179156113092119,0.952280088399067,0.0381722129082314
2019-08-02,36.3571316743671,-1.51030970356837,0.126566215515272,0.0178721503201671,0.952587199060301,0.0374680944367081
2019-08-09,41.4357726025014,-1.48312965147578,0.127740325879576,0.0178070144695722,0.952277683820481,0.0379110656730236
2019-08-16,45.4564990343744,-1.47188878563277,0.123180994514608,0.0168869797068822,0.953653966868782,0.0379248717602772
2019-08-23,45.1668930097485,-1.42640749735677,0.129400228938176,0.0160744096237367,0.953065865400811,0.0388251659246602
2019-08-30,46.3292721253247,-1.38692995437502,0.129689564610814,0.0169000063062994,0.952511895350472,0.0384316119108929
2019-09-06,43.6631637415808,-1.29979140008118,0.138605600318246,0.017612641607947,0.949964814918061,0.0402038397853548
2019-09-13,41.30197594437,-1.33332996496304,0.133615347442185,0.0186411335826544,0.950162727943152,0.0393884483190658
2019-09-20,39.7175639622729,-1.37113486476895,0.139886783194445,0.0179114930116875,0.950346504648562,0.0383044591358159
2019-09-27,40.384328610627,-1.43722742874846,0.131210483580202,0.0171221407302078,0.951996847564574,0.0387861181011994
2019-10-04,43.1845732006995,-1.34313354314264,0.140334676791498,0.0186120673283708,0.949494479005228,0.0388607616182476
2019-10-11,47.7017261740294,-1.29723251583792,0.150049031292181,0.0151130207803372,0.95084002358438,0.0392542480336468
2019-10-18,45.4888396445132,-1.26192134292682,0.138583986727123,0.0159841973934153,0.951290523735219,0.0402411751757511
2019-10-25,42.5443505264236,-1.27077933001009,0.137233810702068,0.0156246013088541,0.951628906296091,0.0406082797792307
2019-11-01,40.0209523633506,-1.19205493003477,0.131842875070204,0.017683822902721,0.950651282485855,0.0406922371754927
2019-11-08,43.0559339525304,-1.23794305845827,0.158531232979543,0.0147402499042011,0.949057030331029,0.0415004294511174
2019-11-15,41.099922708685,-1.20135624781377,0.137890653407416,0.0148702213126533,0.952181175629754,0.04056595499423
2019-11-22,42.8186059350139,-1.20125532081407,0.148407453732527,0.0164738754988001,0.949206452753846,0.041006407448034
2019-11-29,39.6444083920406,-1.21091151172625,0.136804065065027,0.0131475744715339,0.953636437843513,0.0408169937811943
2019-12-06,40.3766128652016,-1.21811687586328,0.137392145239738,0.0141037688350251,0.952860708175895,0.04062673944065
2019-12-13,37.7034125070057,-1.21020215144971,0.128854032815594,0.0136866243764413,0.954820116253326,0.0396010947194451
2019-12-20,35.6004892246023,-1.22463832801865,0.137488043094699,0.0149632965334403,0.952210460102297,0.0404386600270568
2019-12-27,34.0233108101144,-1.23891482329995,0.152738471859021,0.0190403273896073,0.946648165423405,0.0406808989067752
2020-01-03,35.5311197412666,-1.23318384158845,0.138673683036818,0.0157375491173002,0.951414476944644,0.0404429821077405
2020-01-10,32.9492159777026,-1.27814732255886,0.138345296781745,0.0149434228106512,0.951985031458906,0.0407814865834415
2020-01-17,33.4276517609581,-1.33141429117836,0.135766323353889,0.0161490725804421,0.951659896223664,0.0400664293467529
2020-01-24,35.6130574197417,-1.34860486434468,0.135062587930944,0.0175027897603659,0.950768093823442,0.0397441890594604
2020-01-31,38.5555192103026,-1.24836012483295,0.129103130240888,0.0143056235792479,0.954061755906083,0.0401585922196423
2020-02-07,40.6034771622913,-1.240789695279,0.138713534153489,0.0181329976292157,0.949597804459823,0.0401780310185072
2020-02-14,39.3249840858846,-1.30272654480208,0.156464379544922,0.0144815584723816,0.950495696663974,0.0394619209713682
2020-02-21,36.7844369350662,-1.50472796465192,0.121940334222603,0.0154001830623658,0.955085683167827,0.038365258029613
2020-02-28,39.9306213686047,-1.64868110436323,0.140665508564231,0.0167782965238019,0.95122119872203,0.0387963179573964
2020-03-06,47.7964513066082,-1.98830634933523,0.0820192696097315,0.0188647402423565,0.958184174707728,0.0375250096751998
2020-03-13,55.3792258601863,-2.07203290732729,0.130633630816086,0.0204443865925692,0.949717414319805,0.0389181395572151
2020-03-20,67.5981047146077,-1.98347332293364,0.128653059709165,0.0184749019302829,0.951196627745628,0.0396525975889096
2020-03-27,75.7792487879401,-2.16827337680101,0.132504000352499,0.0207314655401956,0.948790901678812,0.0398434150152503
2020-04-03,70.2457688026175,-2.0518425126688,0.0727115802911981,0.026963486103828,0.952625181618373,0.0382634740305484
2020-04-10,82.7109325058383,-2.1638994425585,0.140727663171604,0.0264699188778762,0.943208946616856,0.0393195573605948
2020-04-17,83.2604812159428,-2.21518808502715,0.1166249722461,0.0271529072842499,0.947604295948873,0.0355521956889933
2020-04-24,90.3609943283375,-2.09176128677261,0.135623863608356,0.0238863761483241,0.946035224712373,0.0393202854707881
2020-05-01,88.9156560630857,-2.12701859784196,0.133831932547918,0.0222348021882516,0.947545095529902,0.0394813625837966
2020-05-08,83.874040619832,-2.21084014519075,0.132856038135937,0.0227740063851747,0.947496417705732,0.0388407968971513
2020-05-15,85.7485843230533,-2.17859390120876,0.134459605764106,0.0229511730540706,0.946968177948705,0.0392177347542107
2020-05-22,93.8951481972107,-2.0878536751372,0.102648989440928,0.0260207480566114,0.949929481675126,0.0366304662164778
2020-05-29,86.660313120889,-1.85352702843033,0.0947888466877069,0.0270611514800244,0.949943471438668,0.0370248423289481
2020-06-05,84.2874959624175,-1.97805866838203,0.130803929778886,0.0225360668066293,0.94750509600932,0.0399160727013793
2020-06-12,82.8315586524974,-1.99226588489574,0.129623648582608,0.0211626502208372,0.949002102363386,0.0394112782525608
2020-06-19,88.2929054929185,-2.00944514197026,0.108189662527223,0.0242465252323601,0.950533185664482,0.036672100968709
2020-06-26,76.8228339761095,-1.93052119586045,0.107819429729546,0.022572031963082,0.951488098113645,0.0377440884803518
2020-07-03,81.1645409690781,-1.92528897138909,0.049815029642668,0.0152989932990016,0.967050969020734,0.0338265071748924
2020-07-10,75.4467322278143,-1.89494349033621,0.0934228840757531,0.0232105756578158,0.952624716953667,0.0383680621955709
2020-07-17,69.9209337568983,-1.9450987836648,0.105801579499364,0.021556245291342,0.952381902973994,0.0381435713786382
2020-07-24,64.1015380377022,-2.04145795834056,0.119425240536234,0.0223647615669549,0.950141725284639,0.037651806969
2020-07-31,65.5441854056013,-1.97848958218367,0.125747097099704,0.0181751568560078,0.951803414892943,0.0397117256268805
2020-08-07,73.8479465793848,-1.90627703152837,0.125077564475547,0.0168326747500018,0.952825991279585,0.0401175069955411
2020-08-14,66.9026827182288,-1.98815249088474,0.124747808553367,0.01692475434312,0.952811113311526,0.0401275625392349
2020-08-21,61.884849174334,-1.91975742116742,0.097573482118896,0.0215699234212643,0.95299002148944,0.0393103667708529
2020-08-28,67.0609842397614,-1.96121184682229,0.0974370976152959,0.0191609323567165,0.954956415321429,0.0393595834253766
2020-09-04,66.0500353619237,-1.9949427662388,0.100254960811902,0.0183797658550294,0.955443376809966,0.0387475036134525
2020-09-11,67.4888264527953,-2.06158773429171,0.11850530570614,0.0167764556061732,0.953740648125795,0.040070997501886
2020-09-18,69.3426668934309,-2.20260923422498,0.0419694517414217,0.0231231815399296,0.961693829112646,0.0337593345121041
2020-09-25,73.4033176061105,-2.19506490507231,0.119194821410715,0.0235699821595484,0.949380082985429,0.0370403008751641
2020-10-02,91.6751450797855,-2.09653743502757,0.120274814766043,0.0191165410314723,0.951878086530461,0.0393791385128884
2020-10-09,76.580535670519,-2.16580508945361,0.120846993676131,0.0187360227758375,0.952101633047608,0.0394131690327327
2020-10-16,71.0353094756428,-2.11899865416323,0.0608184356525265,0.0198574084885002,0.962125745559914,0.0328537249285751
2020-10-23,76.162219585847,-2.24163142270154,0.088048187186389,0.023586566253429,0.954659933589603,0.0345046852920251
2020-10-30,75.752564338115,-2.18288046931633,0.113000220455282,0.024269219848714,0.949742391258992,0.0367957893625534
2020-11-06,81.670713872347,-1.95125088537183,0.112644352036758,0.0212595115055361,0.951989806192832,0.0374051970012239
2020-11-13,75.203747477949,-1.89365825489598,0.109897007653184,0.0165871955334987,0.955191073436488,0.0396963125905765
2020-11-20,71.3210975183355,-1.83365645750532,0.103031842639063,0.0144303102915296,0.957711520172791,0.040145521355786
2020-11-27,64.4594989727296,-1.77519412787836,0.108295494680721,0.0216077345744606,0.95160021520698,0.0388962428285485
2020-12-04,60.1534656042699,-1.82113218457853,0.108982893698326,0.02185120318647,0.952024406673738,0.0371984157472841
2020-12-11,58.8842966376433,-1.83388698360809,0.107040616694222,0.0148470728286222,0.956845015717931,0.0400776275353013
2020-12-18,65.7672747847931,-1.86489324108685,0.10889215959791,0.0152111910861031,0.956309554512651,0.0400318951455897
2020-12-25,56.8315503174349,-1.86953717575501,0.111209917792364,0.0188829122724792,0.95358990315283,0.0385311795887373
2021-01-01,51.7128294993506,-1.79655700906668,0.10767551469324,0.0207630430649209,0.952118692447808,0.0394777056581191
2021-01-08,52.0700670811858,-1.86901585318226,0.137373239564932,0.0228340920260913,0.946118922149402,0.0401632005465269
2021-01-15,49.6471220821223,-1.89692943786815,0.1519162178962,0.0251914264115797,0.942041854549941,0.0405381877926633
2021-01-22,50.9677858363688,-1.95750764815695,0.0991315873870689,0.0124004040242116,0.959687691365636,0.040384537471016
2021-01-29,53.9736176021789,-1.80424192867289,0.117837626487962,0.0217769452440341,0.949428302628075,0.0405396628754775
2021-02-05,60.3585670528004,-1.77260347548031,0.0528599451046213,0.0187683029969367,0.960806729056497,0.0401756890084341
2021-02-12,58.3280786640313,-1.77489921944137,0.0976713536108009,0.0121303118603276,0.960440728487629,0.0396710922331691
2021-02-19,58.4218276665305,-1.78703902211423,0.0986054333662464,0.0122694131745168,0.959585457181018,0.0411107224388704
2021-02-26,49.9459490585356,-1.74753550960457,0.0964596048902028,0.0121951546636491,0.959900893476224,0.0412098633020398
2021-03-05,46.0519614950193,-1.73445676204039,0.101918295088458,0.0174511527905726,0.955193594462284,0.0404065003706018
2021-03-12,43.4378747684281,-1.75005215733748,0.0655156329618029,0.0169018530749812,0.96033239257207,0.0407845244271771
2021-03-19,41.6868156800629,-1.74921228603627,0.0463121807606565,0.0169916042367529,0.962515775521925,0.0415442435078759
2021-03-26,41.9825414690757,-1.75831746531584,0.0487486255265419,0.0071352975090212,0.970837171486514,0.0402813296956917
2021-04-02,42.07774872002,-1.79181181829417,0.0606332945976254,0.0163566957459003,0.961064173853285,0.0415414265140453
2021-04-09,39.1555648400752,-1.78022847570127,0.1772656840058,0.020211103957594,0.94021584062662,0.045969829839145
2021-04-16,38.49609901703,-1.84338856179153,0.0575023694108683,0.0105216587279101,0.967176304359305,0.0392982247161615
2021-04-23,31.2497135010012,-1.75907744184025,0.0907904647153989,0.0113609273445711,0.960475227756761,0.0429223699627954
2021-04-30,39.7749748663027,-1.70884254905971,0.0412025322622244,0.0109064725883772,0.968693383884711,0.0402452001754856
2021-05-07,35.8075270400149,-1.71581376863072,0.0892301013872673,0.0113970555693879,0.960846199823054,0.0425292890940341
2021-05-14,36.3822739018432,-1.72469200058505,0.0637825974753272,0.00891996549753904,0.965357648053154,0.0447558684808099
2021-05-21,32.2478855846647,-1.731794015611,0.00285925161046825,0.0058528405767031,0.976994706157206,0.0426508473129659
2021-05-28,29.4472053954189,-1.75276869481169,0.0940701743479274,0.0130077422875815,0.958184169089925,0.0440600964941159
2021-06-04,30.760197185675,-1.80297854494814,0.066868117851703,0.0159970810502904,0.961049766775196,0.0400762917870743
2021-06-11,25.4458922708146,-1.8214853307537,0.0771099787704606,0.0179344787278054,0.958443130499708,0.0392384117426257
2021-06-18,27.8208952782263,-1.80177462824925,0.0878717988280357,0.0137169566379025,0.95917790274838,0.0423048537052826
2021-06-25,31.0894726899023,-1.8590133564556,0.0931630945577212,0.0141932698956851,0.957735940923361,0.043120404432579
2021-07-02,28.9523552303255,-1.88669976430748,0.145603344981348,0.0243510083037789,0.943951856443799,0.0393790220394176
2021-07-09,31.4426473882623,-1.91783343686669,0.106483052791137,0.0183839016870986,0.952915725062994,0.0419898845140883
2021-07-16,34.0048876731863,-1.88588978334603,0.084938191391341,0.0122031686477801,0.960493884612884,0.0428653634814932
2021-07-23,36.8429437505804,-1.84091499824647,0.0854451476499735,0.0125126648288776,0.960205138219052,0.0427809463886006
2021-07-30,34.6231557275415,-1.80671109006207,0.0850844720176178,0.0117943199883442,0.960909229925159,0.0426951259393791
2021-08-06,32.5134545873414,-1.78489414806389,0.149745983596179,0.0134167094251347,0.949526303422782,0.0459598642504662
2021-08-13,31.0973294910512,-1.84866695226264,0.0830469795117409,0.011756484430806,0.961267641992246,0.0424881114442058
2021-08-20,28.941101440522,-1.80430712435637,0.0831779471791328,0.0120946032618405,0.961008009046563,0.0423833167110916
2021-08-27,32.842770645632,-1.75388261497025,0.0738034905990593,0.0101584067277792,0.964292445018584,0.0414361660113203
2021-09-03,31.0552667084105,-1.77124471129566,0.0813272585058772,0.0102668901093335,0.962442960448435,0.0431393183230751
2021-09-10,28.8412540343224,-1.73925267758327,0.0580085422214283,0.00701609650734647,0.968951124020958,0.0415173748638229
2021-09-17,29.7259654730609,-1.6708215108743,0.0694139622601595,0.0131643533162098,0.96021789568615,0.0464834952356854
2021-09-24,28.3655694041212,-1.63322966400237,0.148789506104817,0.029547865292905,0.936422722405475,0.0455368476574272
2021-10-01,25.3254807026678,-1.62207066536738,0.0641076966965037,0.0101620413877278,0.965196083906615,0.0424304483236902
2021-10-08,24.5558155956843,-1.64853459498197,0.093436298408875,0.0102265507883899,0.960750809064265,0.0434843384734089
2021-10-15,24.0844893450434,-1.66465809531329,0.132975932008267,0.00554478716681295,0.957937041344895,0.0467297575148819
2021-10-22,22.7168717831384,-1.61558513901941,0.123030087185399,0.00639627138239329,0.959179477142911,0.0453948262056567
2021-10-29,23.1684337422893,-1.60675500843582,0.0707721984257744,0.00959445651367552,0.964635552854172,0.0427397810024125
2021-11-05,21.4922246597862,-1.67214107725015,0.0493997770671417,0.00897485708104317,0.967348988742635,0.0442233315493872
2021-11-12,20.2751734264649,-1.73793421526062,0.0518865948255879,0.0116218924041505,0.96376437774114,0.0467201172361511
2021-11-19,20.0819880188442,-1.80510866241452,0.0740657840831958,0.0179269508812905,0.956695651657813,0.0441174807080744
2021-11-26,22.1625464557082,-1.83309665723614,0.0552670014382478,0.00792844303767204,0.967929672199349,0.0430488078324916
2021-12-03,26.6334501511479,-1.80733372413787,0.0761398843712171,0.0104073186552718,0.962706897045975,0.04384528007361
2021-12-10,25.250460912834,-1.83477089313333,0.0457758804086787,0.0135215881050533,0.964987974704088,0.0419486230773311
2021-12-17,24.1016150619825,-1.76976979180248,0.0747760044120657,0.0113759079937169,0.962003585099663,0.0440121528715853
2021-12-24,24.3700945133958,-1.78530084092446,0.0751751700373126,0.0187579911719091,0.955912864664068,0.0439081162655978
2021-12-31,23.6479773275616,-1.70946826319068,0.0748903258263206,0.0109739638631748,0.962538107191137,0.0435997782396438
2022-01-07,22.4096384156271,-1.70186647637965,0.0663780649528937,0.0100030244561757,0.965503125958715,0.0411666687839875
2022-01-14,21.8199480658601,-1.77882292887322,0.08162435481243,0.013536723821775,0.959784735178361,0.0429815436900679
2022-01-21,21.2242987953183,-1.78893771448275,0.0831000622226732,0.014556607497069,0.95881915072235,0.0427987812463104
2022-01-28,24.0997752616651,-1.72630789806604,0.0794938901111572,0.013998881744244,0.959217010255649,0.0441178529515364
2022-02-04,23.0039590533561,-1.67894902409082,0.117077882204308,0.021163490548387,0.94718567734376,0.0468119971285324
2022-02-11,21.809562209849,-1.73741230149696,0.0933774455065072,0.0163793871565134,0.956490021699534,0.0415704416858241
2022-02-18,22.2527772638229,-1.86599903284274,0.194015473114851,0.0275797790128299,0.932381891449606,0.045327148404131
2022-02-25,25.6468829186605,-2.12764087047662,0.130827139452922,0.0263492582143117,0.944960731529423,0.0385840139182885
2022-03-04,36.2109890696685,-2.06569787309134,0.151448262141336,0.0323742608274917,0.936858444769173,0.0393280771115832
2022-03-11,43.5421477792128,-1.92523687402671,0.27800735496769,0.0445972407709582,0.909700065762788,0.0400930931617134
2022-03-18,44.3703570439413,-1.97959032871574,0.147668780045198,0.0281726145875015,0.940744938363333,0.0396333981287766
2022-03-25,51.2877081813961,-1.97777325354821,0.149065411195341,0.0289042520200938,0.939459584026848,0.0408256380013357
2022-04-01,45.3007358656651,-2.01511140112485,0.149463120817208,0.0293708847517545,0.939476590674829,0.039714108169243
2022-04-08,43.0782166036112,-2.02748318552344,0.13657235393272,0.0268836355635109,0.942753239297568,0.0408757691605853
2022-04-15,47.664931319268,-2.0244782041518,0.133109405344974,0.0279572622618968,0.942737128542717,0.0399011296305325
2022-04-22,41.070922621627,-2.09647939192344,0.145606763297119,0.0294225092038318,0.939648182616428,0.040388892367839
2022-04-29,38.7953167350997,-2.15052402869898,0.114030725446471,0.0290453770648519,0.944589530439364,0.0392403627681892
2022-05-06,44.2321967627484,-2.10713405363581,0.156973456491281,0.0319088731947357,0.936044345212116,0.0403079155663612
2022-05-13,47.7531984006245,-2.10992839972088,0.159548797783812,0.0326324415689226,0.935202211862414,0.0400736504443593
2022-05-20,46.9946498381901,-2.0456725030713,0.215749152720374,0.03878806237846,0.923127575440665,0.0391693066861064
2022-05-27,43.7595121616263,-2.06151141880497,0.378348600111103,0.0573192581056507,0.885190614881453,0.0414216406838322
2022-06-03,44.4405422254765,-2.15614912298285,0.187813859898018,0.0378460912511619,0.927184006124587,0.0397380937751797
2022-06-10,48.2709114422162,-2.08722830062802,0.189082642150707,0.0382115825993027,0.926862525449499,0.0394261703277488
2022-06-17,53.1669233317755,-2.10567739705718,0.171891681281766,0.0350874968695331,0.93098486621472,0.0411972183739805
2022-06-24,49.660227281846,-2.11905483911504,0.173322711335693,0.0350232302979049,0.931632077458309,0.0394669259349133
2022-07-01,44.5099579716357,-2.19736944834018,0.171399119284926,0.0337958096481019,0.931942636086286,0.0417091739918263
2022-07-08,50.2780128560322,-2.27976613167546,0.57457448206227,0.0671193049353108,0.85265197789719,0.0384043940040796
2022-07-15,43.5725391597492,-2.25484281067758,0.147997940294654,0.0315118809757196,0.937427225185313,0.0405158787407613
2022-07-22,49.2392897805099,-2.21493567471304,0.215911678397753,0.0424872939088841,0.920190634668549,0.0386697651166155
2022-07-29,47.4392691819885,-2.22101478713178,0.193677775812339,0.0393375061271796,0.926273525840256,0.0374913935641718
2022-08-05,46.5301582693037,-2.17605862896106,0.201122105531916,0.0406243217887162,0.924153594769795,0.0375430633263127
2022-08-12,44.4077890526601,-2.2434087470266,0.201109219257654,0.0402304776689658,0.924407881271094,0.03769507805864
2022-08-19,42.1792147451908,-2.30238447483137,0.212547309926007,0.0421560512164985,0.921364458050831,0.0374297852261095
2022-08-26,47.2065387339684,-2.26975860863398,0.260706878783213,0.03977169642672,0.918081717755176,0.0349382063230472
2022-09-02,52.4044690457167,-2.18526165790495,0.233515571030437,0.0464169953336842,0.916097925656358,0.035129434751426
2022-09-09,49.2957824400926,-2.15706599209712,0.254733190567748,0.0416545666293291,0.916774040590063,0.036242002314538
2022-09-16,48.5155942202589,-2.15746444735616,0.234768996456139,0.0459074621629719,0.916161007963624,0.0356388381071154
2022-09-23,45.2674101689871,-2.26500002085578,0.221682003066766,0.0430198970768901,0.920185110257869,0.0359540739525049
2022-09-30,50.4694726370178,-2.21795292333759,0.238522182002194,0.045901854136615,0.916375839167879,0.0343623234486997
2022-10-07,56.298858551385,-2.18208639446733,0.222681794744744,0.0425173577169116,0.920102590081396,0.0368205630960308
2022-10-14,52.2090570689369,-2.13695890443242,0.188882856963395,0.0395903856615097,0.92739103097903,0.0359401515642965
2022-10-21,47.8544246148915,-2.09607479613257,0.210944922472372,0.0404158851898807,0.923790206177971,0.0358711859585897
2022-10-28,46.1934183920279,-2.02651983873453,0.226133740686786,0.0416906951566945,0.920658055210311,0.0360958714531279
2022-11-04,43.9223178113251,-1.97158885367142,0.205581402275091,0.0380782809839492,0.925642374800956,0.0377502279743608
2022-11-11,42.6392596300406,-1.9352890596405,0.230379070013791,0.0397325499810398,0.919670806004294,0.040675564374708
2022-11-18,36.4826555272934,-1.88400519193211,0.236276007308368,0.041648156410912,0.917342638870855,0.0406054785018388
2022-11-25,34.197997566445,-1.89968292272138,0.193667858760675,0.0294949326278405,0.933121209310896,0.0404095530497029
2022-12-02,32.6524045841123,-1.91582104757232,0.232931163765093,0.0303544269536855,0.926733232264627,0.0415744075535842
2022-12-09,33.8377217792706,-1.91904485272966,0.188406015953477,0.0273205921530916,0.935341459876776,0.0407851189638414
2022-12-16,32.6233045098249,-1.82373760377,0.809725236207755,0.0655987671401337,0.820783105618927,0.0437701561063223
2022-12-23,31.0515681423948,-1.82772284429129,0.210479348889405,0.0320590706797657,0.927605515899876,0.0426164201969929
2022-12-30,31.1072794799575,-1.76533499731899,0.364282184343831,0.039467445820097,0.900832603951678,0.0438234885703701
2023-01-06,28.4760651697988,-1.74187062906486,0.194889306115757,0.0268071802087311,0.935084837663549,0.0404715040015607
2023-01-13,29.5704813625549,-1.81439044306374,0.169640319665612,0.0325487364108678,0.933014851976255,0.0417906796365226
2023-01-20,27.8488289906919,-1.74815294481094,0.197938405281017,0.0274706424445685,0.934233028025894,0.0402712385703776
2023-01-27,26.1887230834073,-1.67952414357237,0.194506434407579,0.0267046042636324,0.935422637309213,0.0401490546401377
2023-02-03,26.8596069662346,-1.65047243778573,0.791469128427119,0.0616887014809374,0.826143393274887,0.0450072625279619
2023-02-10,26.1687046617804,-1.59577100431,0.193639862199956,0.0251021446555324,0.936860068743647,0.04025846556538
2023-02-17,29.0425433003624,-1.5559874387562,0.192837222865548,0.0246222475661281,0.93717185412137,0.0407225532210088
2023-02-24,24.6130687636002,-1.53237214765922,0.476437475088614,0.0394789778128508,0.885287198985984,0.0461896324895281
2023-03-03,27.1339591035421,-1.5774637095344,0.199541355722051,0.025271199846012,0.936188777911296,0.0398148198548436
2023-03-10,30.0735286202038,-1.82275915899898,0.211277407810558,0.027207543845377,0.933210577374362,0.0397916062939581
2023-03-17,31.2634522044756,-1.85133421241528,0.773442387079838,0.0646862427905487,0.827165134689327,0.0428657191005819
2023-03-24,39.201045661758,-1.74450324652272,0.810672226688845,0.0679254826717359,0.819603391474795,0.0428530271589147
2023-03-31,52.3551166270957,-1.70406102061725,0.212078760367337,0.0270130794386729,0.933545759935062,0.039229234413044
2023-04-07,51.4175862885617,-1.66223716885665,0.222207953906443,0.023170014653462,0.933516405359731,0.0437653151669826
2023-04-14,36.7930623137859,-1.62640711048848,0.247784502350059,0.0249572132800806,0.929252756103871,0.04256476161033
2023-04-21,34.4580896043024,-1.65680352997939,0.201417025551996,0.0244857337968185,0.936907234336044,0.0397049492346817
2023-04-28,33.942455992358,-1.56977340577001,0.209434398799712,0.0251800598921517,0.934933449062881,0.0405531868524599
2023-05-05,37.5482851120024,-1.51409245366674,0.193953693141072,0.0228226330300181,0.937667518315296,0.0436581838732525
2023-05-12,38.8633668075026,-1.5304841933775,0.214024583893623,0.0241151097159485,0.934282074632304,0.0429142983727428
2023-05-19,35.481249285517,-1.46057103520576,0.228392242848966,0.0237169339225606,0.932695581524893,0.0429707174320759
2023-05-26,33.6822415874492,-1.45770419681062,0.204336661870112,0.0229271896111727,0.936060794107464,0.0438209169351411
2023-06-02,35.7638862745612,-1.45419412889195,0.192467782660621,0.0227366515307661,0.937797156878531,0.0435640072784386
2023-06-09,31.4589275934768,-1.44876965427045,0.191226489638168,0.0223958558437511,0.938271398936825,0.0434708115397084
2023-06-16,28.1226550666094,-1.42413579528749,0.270011969007582,0.0199482217818969,0.928161569168846,0.0477830785535203
2023-06-23,26.9504998543945,-1.36328902984958,0.198283007862443,0.0226251933345466,0.936901688905718,0.0441817663878852
2023-06-30,31.4038817772596,-1.39043796500741,0.194959624416046,0.022270802953818,0.937781732667612,0.0436624787368068
2023-07-07,29.474025836403,-1.40488473070687,0.143205290134283,0.0181260543091605,0.949227898739367,0.040817637448387
2023-07-14,31.5306105728342,-1.43959553547421,0.231934688272638,0.0235272600809843,0.930875359119547,0.0459576119420175
2023-07-21,29.6213376104097,-1.38118273883349,0.182233960157001,0.0202948678565326,0.941455425022323,0.0427991502311794
2023-07-28,29.3511716162938,-1.45292005163842,0.194468297597121,0.0216154653596227,0.938461624216511,0.0434793186224329
2023-08-04,27.5880788080148,-1.45767372354641,0.217259328561934,0.0237890439342788,0.936038485288572,0.0377258937393324
2023-08-11,28.7301143538355,-1.52398730382499,0.186983843668622,0.021302127938751,0.939964367239362,0.0427113932578435
2023-08-18,30.7169970472027,-1.47556412137844,0.192929913047195,0.0184435817136299,0.940782817236668,0.0446473854029748
2023-08-25,31.6815909461029,-1.46836365338602,0.290468727890148,0.029855812268836,0.91868525571563,0.0439445267321104
2023-09-01,29.3921042166075,-1.43534280953379,0.187550861901517,0.0222347737570057,0.938677875838225,0.043674939245754
2023-09-08,28.4782848894672,-1.39771527642664,0.239883316851581,0.0199422279185206,0.931910639955644,0.0481274813317127
2023-09-15,30.8561819243735,-1.30936489954552,0.182771983051803,0.0205532333022113,0.940463426351685,0.0443560430666939
2023-09-22,30.5883681432477,-1.27584267390907,0.118395651649603,0.0157282429622145,0.953125605042623,0.0441765056743016
2023-09-29,26.981056283827,-1.21972571347816,0.268919736419742,0.0299455775734111,0.918422602670509,0.0513189485899441
2023-10-06,24.659891914038,-1.1858747968472,0.188466355468931,0.0233458919870477,0.937465453964721,0.0443206258959083
2023-10-13,25.9040031123227,-1.1713279935822,0.192240196982088,0.0245467361457082,0.935797947598191,0.0448218446122368
2023-10-20,27.5629280400572,-1.12185526993496,0.189279220423643,0.0262076609285561,0.935357401615025,0.0436307370258311
2023-10-27,30.595390941677,-1.17269632053569,0.199075524819139,0.0268962878316896,0.93354447344698,0.0436649867598266
2023-11-03,25.2893290150847,-1.19988142921489,0.18571312097976,0.0271574178744595,0.934820114876211,0.0442291140757499
2023-11-10,24.9654529451981,-1.11691203833257,0.19670677604597,0.0300941692377606,0.931055544782981,0.0438443733522223
2023-11-17,21.1302586405384,-1.16880484085863,0.185129459162288,0.0268603315955237,0.935162551024966,0.0443076650756679
2023-11-24,20.7134864371975,-1.12001407389428,0.180972466246867,0.0254724049504912,0.936884466773124,0.0441540371901387
2023-12-01,19.4283082200847,-1.0422142538073,0.184714901741967,0.0250216853563816,0.93644611530036,0.045136030135492
2023-12-08,18.9570021562317,-1.08938250323997,0.163873956708449,0.0251557535793026,0.941564366192544,0.0393039861135722
2023-12-15,18.5544870813074,-1.03787229101095,0.182481710159962,0.0266514527380944,0.935864675037989,0.0440887254696327
2023-12-22,20.2745523566878,-1.07666296961869,0.182411671460806,0.0293535785004418,0.933527218957471,0.0445812052787328
2023-12-29,18.5112147632714,-1.04244838825092,0.177753503585418,0.027889472164894,0.935444200278623,0.0441413521846424
2024-01-05,16.6280147286241,-1.02200114975383,0.182417569540803,0.0256121039768287,0.936569896066893,0.0443434315074694
2024-01-12,16.8112283067919,-1.04714294490929,0.182428329120094,0.0280464960549535,0.934900877143795,0.0437076274772916
2024-01-19,19.7598188765029,-0.672372650678935,0.182879121655647,0.0204049194261344,0.939883707130971,0.0461065099534247
2024-01-26,20.5224118563226,-0.618782456119788,0.184126760307367,0.022786744603016,0.938654438614256,0.0441574742342871
2024-02-02,19.9132868131937,-0.481527875871793,0.191046313144843,0.0245552158748059,0.936885723437378,0.0426048369423493
2024-02-09,20.213457573511,-0.548292263071753,0.210513261974581,0.0266081508523202,0.932483465933582,0.0432377140457871
2024-02-16,22.5145930240617,-0.537323517138168,0.210283277793486,0.0251670267237387,0.933560541411031,0.0434438870872552
2024-02-23,22.1782990279924,-0.340503911371404,0.183842720536005,0.0221362931405816,0.940048577651245,0.0419746930104643
2024-03-01,21.9894214204189,-0.0485169160773671,0.177597519119523,0.0232865616362781,0.94056147410515,0.0402223297465748
2024-03-08,20.2963939074361,-0.199284529035886,0.209934825868782,0.0261500451209713,0.934379016523909,0.0391471446414382
2024-03-15,20.189388642383,-0.0613648214922887,0.2079472531441,0.0249706577011365,0.935526255532754,0.0392355372366222
2024-03-22,20.8700801199447,-0.102053543689096,0.230984297060019,0.0279117192972379,0.930395068964855,0.0384933059555889
2024-03-29,20.7583340135293,-0.0549730693336831,0.221874019839967,0.0262855834670636,0.932798981317766,0.0387692165403187
2024-04-05,21.3130924805976,-0.0553507135974996,0.239243606735957,0.0288255981271153,0.928770769565494,0.0379046285751402
2024-04-12,20.4203045792744,-0.117615583594722,0.25322914670269,0.0301222344094203,0.926037817191426,0.0375845358423882
2024-04-19,23.7308367914017,-0.0633414002204868,0.260406022223891,0.031080379610347,0.924192986533903,0.0375455929934869
2024-04-26,23.6467333368185,0.0737457062132102,0.255142390103574,0.0299643942666414,0.925979082052088,0.0370683167272827
2024-05-03,23.7951559597181,0.30395858265604,0.255444009667996,0.0318586414920567,0.92586547585,0.0335453022114095
2024-05-10,26.291326112165,0.14438332406397,0.294724552396187,0.0361950222841331,0.917419766290722,0.032637582642105
2024-05-17,26.8211827747785,0.150038165339317,0.290885668403662,0.0348456478427506,0.918692121348925,0.0333908403909885
2024-05-24,27.9072550726963,0.230421455691913,0.230612478093211,0.0289127804247785,0.933473349543697,0.0293750555607871
2024-05-31,29.8015691948928,0.440565874283294,0.226500967103105,0.0297390462351314,0.932976689589384,0.0299585664503651
2024-06-07,26.0178807498594,0.29144416644121,0.269574476160837,0.0350419604741697,0.924045401303654,0.0275205870253524
2024-06-14,26.227385384095,0.551618219693893,0.242199602594664,0.0302255886367422,0.930960301374143,0.0288039536961198
2024-06-21,32.7593127986419,0.3196236499336,0.243896357351553,0.031601593874774,0.930680302972545,0.0259564657087918
2024-06-28,30.2395764686304,0.235023095201382,0.251680490067894,0.029867404222428,0.930955954344958,0.0262666746993518
2024-07-05,28.934870839573,0.152979083760821,0.251316482679772,0.0279950106317113,0.931413558963139,0.028929229105344
2024-07-12,29.2484109938661,0.055830645364648,0.242068909005258,0.0254126013267384,0.934092995739653,0.030566449286183
2024-07-19,27.2219450744399,-0.00172062752843617,0.271300053296275,0.0305833685312762,0.925092734891698,0.0324335558217139
2024-07-26,25.2298302610554,-0.226898841129945,0.261705851323287,0.0214368731489789,0.933968681961524,0.0328633375636495
2024-08-02,24.5583644517122,-0.195308801310814,0.251837462044574,0.0180757056187971,0.937378298729928,0.0345122125942467
2024-08-09,29.2906318466239,-0.200479855039999,0.41683321877897,0.0272661515759448,0.906784366244048,0.0366700401469407
2024-08-16,26.808795535566,-0.280020889157103,0.235023434881989,0.0178096030675914,0.941296510287058,0.0312245497725749
2024-08-23,29.1679770407464,-0.149665545327066,0.247129261569719,0.0187261730834253,0.937818509644965,0.0335657875113256
2024-08-30,25.9787465581908,-0.277118108073758,0.246564183259886,0.0147167771506211,0.94203699609119,0.0318275314298043
2024-09-06,25.1590026266265,-0.262290773390986,0.257226457911604,0.0174546117908931,0.937823186936499,0.0329678069200507
2024-09-13,28.23067308623,-0.259958298785728,0.263342020383875,0.0176960102332578,0.936627233257784,0.0333678165139508
2024-09-20,27.6560496478183,-0.278215589744188,0.253745936648792,0.0141271875958536,0.941083085067816,0.0328902498448406
2024-09-27,27.1580319626586,-0.253779561574682,0.267477354881818,0.0178944672434229,0.935538831781786,0.0342252791594217
2024-10-04,25.9163899668787,-0.209666394658691,0.270938764047397,0.0195374383243536,0.933961848475096,0.0335657496156368
2024-10-11,28.8553830208883,-0.198213781570696,0.275940481867766,0.0209057656262246,0.932348713877271,0.0330650111227158
2024-10-18,28.1894848378365,-0.173117933029561,0.264483250251501,0.0185865050377616,0.935412234254047,0.0340151320796553
2024-10-25,27.7316719214872,-0.273487436449047,0.25944886644023,0.0147578957762617,0.940019251273761,0.0323775295981307
2024-11-01,29.4790900153734,-0.373628510315514,0.305883223035321,0.021623021316205,0.927235155097038,0.0342791404717972
2024-11-08,28.7534887732883,-0.395449272246098,0.309375854472381,0.0212742223433081,0.926770600663047,0.0349576748542056
2024-11-15,32.9692004609766,-0.520018541154425,0.334837296388888,0.0223040205330408,0.921719896726289,0.0368648101192693
2024-11-22,31.6103630045038,-0.537845980390524,0.328000536725654,0.0212718963609521,0.923244273827365,0.0373915204183144
2024-11-29,35.7883702114003,-0.514242429397187,0.333854266482173,0.02202071447044,0.92193616466278,0.0371665656039532
2024-12-06,35.698363133971,-0.555399483905775,0.34668075050394,0.0205436970755413,0.920494022327887,0.0394877467258377
2024-12-13,34.9061553780078,-0.554601631184554,0.350957302936935,0.0212186063919113,0.919449520817946,0.0392836820354845
2024-12-20,32.7933655403482,-0.546167808340938,0.340886093349508,0.021536651515619,0.920879546227711,0.0383973917932591
2024-12-27,36.3921648592751,-0.587021077562853,0.321426250164177,0.0202043565039249,0.924779711316587,0.038000618984459
2025-01-03,34.2172206738471,-0.531197319566557,0.326263597014754,0.0208557581925977,0.923698995889479,0.0376415748050904
2025-01-10,31.0451696554634,-0.433519507354386,0.321348477243733,0.0205240717140327,0.925262632723997,0.0362085728908014
2025-01-17,30.2921063189562,-0.466945545952829,0.322017490903905,0.0206466867478803,0.925237014464,0.0358723673938529
2025-01-24,29.9106765340232,-0.469743851439612,0.322619064037572,0.0202476724187105,0.925488741692263,0.0358232289226487
2025-01-31,29.2286100141856,-0.407710977989707,0.321484158029937,0.0219202688732756,0.924582739121652,0.034955063362787
2025-02-07,28.0424054701158,-0.292642026641506,0.307910730133224,0.0228765308689565,0.926488679688798,0.0330047271262432
2025-02-14,27.9522286012012,-0.29478267616275,0.30436429942879,0.0210135230225047,0.928579897507428,0.0328689741634802
2025-02-21,27.8258423293438,-0.289938627825638,0.310034467373945,0.0220572730933076,0.92736039507039,0.0319683211474
2025-02-28,27.1309039145536,-0.184678838749455,0.310180602699393,0.0247437875995598,0.925417431990375,0.0310879385686789
2025-03-07,27.4685075597081,-0.179866616263993,0.307938894024477,0.0238964483059824,0.926151643745842,0.031755920500668
2025-03-14,27.8681563941631,-0.201476632517035,0.351805399784773,0.0250014613455983,0.918091510685504,0.0348421384607753
2025-03-21,28.5591739025223,-0.154993683993891,0.305666110826157,0.024127382746598,0.926271764271076,0.0317584735127141
2025-03-28,27.4045392830904,-0.326097915944004,0.341214292820305,0.0253890362560911,0.920530012673948,0.0324446102296652
2025-04-04,29.2044589158532,-0.34833117696404,0.341203221394297,0.0253053653515138,0.920457795646975,0.0328068541925717
2025-04-11,36.4360371202061,-0.275133829259867,0.356943687761295,0.0287140741372273,0.916339837242875,0.0304584051423782
2025-04-18,34.5483011901166,-0.286244648255099,0.369086304289079,0.0306556002780407,0.912883182380583,0.030957612645899
2025-04-25,35.1682101387556,-0.198551847997443,0.360712197892049,0.0311878506603053,0.913370624378907,0.0312415039022402
2025-05-02,35.1451620451419,-0.0763296785577321,0.345717799422718,0.0289444707673937,0.917392078507223,0.030904112640191
2025-05-09,33.9329220288323,0.0154702020672611,0.343162394620777,0.0319166364421443,0.915825921583596,0.0296567359700013
2025-05-16,32.8683157694898,0.109637716824328,0.339094518187478,0.0343908326470552,0.914517433095989,0.0291939098783502
2025-05-23,33.2621973674334,0.103679498048403,0.333879168230507,0.0311345414975885,0.917876622305935,0.0293921503927895
2025-05-30,35.0978908592294,0.0587955442897866,0.337544392650565,0.0311865566205665,0.917147031772459,0.0298582791146257
2025-06-06,32.9650470484365,0.0596611279415169,0.339732073454,0.0318449585681564,0.916482912171155,0.0294296176774991
2025-06-13,31.6643923484818,-0.0480726299307691,0.350529795572764,0.0319863011428272,0.914445512272,0.0306971774363269
2025-06-20,34.8642841800433,-0.0332568477635904,0.343033266664118,0.0316040691792492,0.915940348573153,0.0301610461099396
2025-06-27,33.7993743186494,NA,NA,NA,NA,NA
